followers_count,following_count,followers_following_ratio,account_age_days,bio_length,has_profile_pic,posts_per_day,avg_likes,avg_comments,hashtags_per_post,has_url_in_bio,posting_regularity,content_repetition_score,engagement_consistency,is_fake
12,101,0.1188118811881188,2224,61,1,0.13,3.5999999999999996,0,6.4,1,0.71,0.1,0.61,0
255,15,17.0,1000,102,1,1.08,1.0,0,3.6,0,0.43,0.04,0.8,0
870,167,5.209580838323354,505,93,1,0.8,2.0,0,0.8,0,0.6,0.16,0.65,0
3,4,0.75,1565,80,1,0.0,0.8999999999999999,0,2.2,0,0.39,0.13,0.81,0
49,25,1.96,2154,54,1,0.07,4.0,0,3.0,0,0.66,0.11,0.75,0
1057,55,19.21818181818182,2162,66,1,0.38,11.0,0,4.6,0,0.7,0.19,0.87,0
11,1312,0.008384146341463415,3464,118,1,0.16,3.3,0,0.2,0,0.31,0.16,0.66,0
671,201,3.3383084577114426,417,45,1,0.54,54.0,2,5.9,0,0.85,0.09,0.51,0
110,298,0.3691275167785235,3445,21,1,0.44,17.0,0,2.3,1,0.52,0.16,0.67,0
288,14,20.571428571428573,3775,125,1,0.32,86.39999999999999,9,7.3,1,0.87,0.05,0.71,0
38,323,0.11764705882352941,3529,55,1,0.65,11.4,1,2.1,0,0.83,0.14,0.79,0
389,204,1.9068627450980393,1355,45,1,2.27,1.0,0,0.8,0,0.66,0.13,0.59,0
1061,63,16.841269841269842,2195,47,1,0.78,4.0,0,1.7,1,0.92,0.13,0.68,0
577,31,18.612903225806452,257,69,1,1.59,173.1,22,0.2,0,0.54,0.1,0.87,0
35,2663,0.013143071723619977,118,0,0,33.15,2.0,0,18.7,0,0.93,0.71,0.16,1
74265,33000,2.2504545454545455,162,65,1,4.77,391.0,18,20.4,1,0.6,0.34,0.39,1
78,84,0.9285714285714286,759,74,1,0.94,7.0,0,4.9,1,0.91,0.23,0.6,0
97,3309,0.02931399214264128,51,16,1,31.46,1.0,0,20.5,0,0.94,0.76,0.17,1
1392,43,32.372093023255815,554,44,1,0.41,56.0,5,7.5,1,0.31,0.19,0.79,0
65,21,3.0952380952380953,3350,101,1,0.09,16.0,1,3.0,0,0.59,0.0,0.95,0
110,192,0.5729166666666666,218,87,1,1.08,1.0,0,7.7,0,0.85,0.14,0.69,0
98,4807,0.0203869357187435,53,17,0,25.5,0.0,0,18.3,1,0.88,0.71,0.13,1
93,45,2.066666666666667,2167,93,1,0.55,27.9,1,1.0,0,0.32,0.05,0.69,0
641,590,1.0864406779661018,2615,72,1,0.38,12.0,1,6.5,0,0.46,0.05,0.65,0
12559,23835,0.5269142018040697,331,51,1,5.55,52.0,0,11.6,1,0.79,0.41,0.36,1
10,2215,0.004514672686230248,3373,69,1,0.87,0.0,0,3.2,0,0.4,0.23,0.67,0
31,1110,0.027927927927927927,90,0,0,33.09,2.0,0,26.7,1,0.87,0.61,0.03,1
171,119,1.4369747899159664,2591,52,0,0.28,3.0,0,3.1,1,0.31,0.14,0.94,0
204,4106,0.04968339016074038,112,155,1,14.09,4.0,0,21.3,0,0.87,0.52,0.23,1
24,1126,0.021314387211367674,3738,80,1,1.88,3.0,0,2.9,0,0.4,0.24,0.91,0
1959,659,2.9726858877086495,460,96,1,0.43,0.0,0,0.1,1,0.39,0.03,0.93,0
327,5,65.4,689,109,1,0.09,32.0,1,7.0,0,0.6,0.03,0.79,0
21,5090,0.0041257367387033395,116,15,0,46.42,1.0,0,18.2,1,0.99,0.71,0.18,1
53,5123,0.010345500683193442,78,16,0,20.64,2.0,0,15.0,0,0.99,0.77,0.07,1
339,23,14.73913043478261,2655,69,1,5.79,18.0,2,6.0,0,0.57,0.18,0.83,0
70,87,0.8045977011494253,481,42,1,1.23,21.0,2,1.1,0,0.92,0.19,0.55,0
71,1554,0.04568854568854569,111,0,1,19.14,2.0,0,19.8,1,0.98,0.67,0.09,1
464,452,1.0265486725663717,27,158,1,3.09,6.0,0,4.3,1,0.68,0.52,0.31,1
96,4962,0.019347037484885126,26,8,0,19.96,2.0,0,29.7,0,0.88,0.69,0.14,1
2933,1380,2.1253623188405797,2697,93,1,0.5,33.0,4,4.4,0,0.83,0.17,0.66,0
54117,40324,1.342054359686539,378,61,1,8.58,61.0,0,14.7,1,0.6,0.67,0.19,1
50,2716,0.018409425625920472,35,19,0,20.47,0.0,0,27.2,0,0.98,0.87,0.09,1
152,363,0.418732782369146,3337,100,1,0.01,7.0,0,0.7,1,0.92,0.24,0.76,0
1796,3,598.6666666666666,1846,86,1,0.12,10.0,1,3.9,0,0.82,0.11,0.51,0
63,163,0.38650306748466257,201,82,1,1.07,2.0,0,3.2,0,0.83,0.21,0.91,0
454,2739,0.16575392479006937,47,158,1,10.2,3.0,0,26.1,1,0.85,0.75,0.22,1
94,3652,0.02573932092004381,99,13,0,36.62,1.0,0,26.1,1,0.96,0.61,0.13,1
8,2037,0.0039273441335297005,64,14,0,18.74,2.0,0,27.3,0,0.87,0.88,0.16,1
15,6681,0.00224517287831163,2,17,0,32.57,0.0,0,28.2,1,0.92,0.67,0.09,1
5,38,0.13157894736842105,1883,142,1,0.7,1.5,0,7.6,0,0.44,0.14,0.84,0
7213,41620,0.1733061028351754,234,92,1,12.29,40.0,1,17.2,0,0.8,0.44,0.31,1
61,1774,0.034385569334836524,99,0,0,39.12,0.0,0,17.6,0,0.86,0.9,0.03,1
9,216,0.041666666666666664,2182,48,1,0.03,2.6999999999999997,0,5.4,1,0.44,0.22,0.8,0
28,137,0.20437956204379562,3885,77,1,1.25,4.0,0,3.5,1,0.5,0.19,0.5,0
6,153,0.0392156862745098,1109,87,1,0.83,1.7999999999999998,0,2.3,0,0.75,0.1,0.9,0
38,2171,0.017503454629203132,88,0,0,13.15,0.0,0,16.3,1,0.93,0.71,0.14,1
19,759,0.025032938076416336,3765,108,1,0.38,5.7,0,1.5,1,0.81,0.22,0.83,0
1031,170,6.064705882352941,2825,135,1,0.29,3.0,0,3.6,0,0.83,0.21,0.91,0
2,362,0.0055248618784530384,349,79,1,0.15,0.0,0,4.7,1,0.68,0.23,0.71,0
572,73,7.835616438356165,528,87,1,1.99,5.0,0,2.5,0,0.33,0.14,0.92,0
5365,28,191.60714285714286,2172,85,1,1.27,8.0,0,4.3,0,0.94,0.22,0.89,0
145,2951,0.04913588614029143,156,110,1,7.98,8.0,0,28.2,0,0.9,0.87,0.15,1
12,821,0.014616321559074299,53,0,0,18.86,1.0,0,26.0,0,0.95,0.99,0.18,1
95,6872,0.013824214202561117,14,8,0,22.98,2.0,0,23.4,0,0.9,0.66,0.07,1
280,8,35.0,2909,42,0,1.07,48.0,4,4.9,0,0.46,0.09,0.84,0
669,10,66.9,3027,117,1,0.38,107.0,13,2.8,1,0.5,0.11,0.6,0
81479,41664,1.9556211597542243,360,37,1,7.76,790.0,24,12.5,0,0.73,0.62,0.3,1
272,29,9.379310344827585,293,27,1,0.01,9.0,0,0.1,0,0.66,0.06,0.79,0
12493,64165,0.19470116106911867,96,79,1,5.36,117.0,2,24.0,0,0.81,0.6,0.36,1
18893,13429,1.4068806314692084,352,44,1,12.38,92.0,3,12.3,1,0.94,0.32,0.14,1
1839,218,8.435779816513762,1679,72,1,1.21,2.0,0,1.4,0,0.33,0.18,0.52,0
1270,19,66.84210526315789,437,25,1,0.04,51.0,6,7.8,0,0.79,0.03,0.84,0
439,18,24.38888888888889,3548,97,1,0.27,52.0,3,2.0,0,0.65,0.09,0.66,0
174,206,0.8446601941747572,2145,82,1,0.75,3.0,0,1.9,1,0.5,0.02,0.58,0
140,550,0.2545454545454545,3322,86,1,2.7,11.0,0,3.8,0,0.87,0.24,0.65,0
221,97,2.2783505154639174,630,69,1,0.5,2.0,0,4.5,1,0.56,0.08,0.86,0
683,523,1.305927342256214,1073,125,1,0.64,204.9,17,4.5,0,0.37,0.19,0.56,0
1071,422,2.537914691943128,2461,123,1,2.22,135.0,11,0.2,1,0.38,0.09,0.77,0
1483,65,22.815384615384616,591,130,1,0.72,24.0,1,2.1,0,0.54,0.2,0.51,0
43,4988,0.008620689655172414,63,0,0,19.28,1.0,0,19.7,0,0.98,0.62,0.07,1
70,4740,0.014767932489451477,55,18,0,10.39,0.0,0,15.9,1,0.98,0.94,0.17,1
3446,392,8.790816326530612,23,151,1,2.79,20.0,0,8.4,1,0.44,0.47,0.28,1
19,879,0.02161547212741752,9,6,1,44.06,1.0,0,28.0,0,0.91,0.84,0.11,1
318,309,1.029126213592233,557,112,1,0.43,95.39999999999999,12,2.0,0,0.51,0.19,0.91,0
241,3576,0.0673937360178971,77,142,0,17.47,3.0,0,25.2,0,0.88,0.84,0.15,1
311,15,20.733333333333334,2203,113,1,0.01,17.0,1,0.8,1,0.78,0.07,0.78,0
227,69,3.289855072463768,3272,79,1,0.37,26.0,1,3.5,1,0.94,0.02,0.77,0
332,75,4.426666666666667,3314,72,1,0.27,18.0,0,6.8,1,0.35,0.07,0.59,0
13730,16054,0.8552385698268344,370,76,1,12.65,36.0,1,24.1,1,0.68,0.35,0.2,1
491,1039,0.47256977863330124,79,140,1,19.02,2.0,0,22.2,1,0.96,0.58,0.14,1
36573,44552,0.8209059077033579,87,80,1,5.59,113.0,0,18.8,0,0.94,0.46,0.2,1
115,92,1.25,479,93,1,0.37,17.0,1,7.1,0,0.78,0.02,0.8,0
877,40,21.925,1255,91,1,0.22,191.0,4,3.8,1,0.69,0.07,0.63,0
632,5,126.4,2936,123,1,0.16,17.0,0,4.6,0,0.51,0.15,0.52,0
413,227,1.8193832599118942,328,84,0,1.44,1.0,0,2.4,0,0.61,0.04,0.51,0
91,2827,0.032189600282985495,146,149,1,29.84,8.0,0,22.2,1,0.83,0.62,0.19,1
998,10,99.8,3959,73,1,0.52,1.0,0,0.1,0,0.79,0.04,0.53,0
4129,356,11.598314606741573,77,127,1,1.22,38.0,0,5.4,0,0.52,0.49,0.46,1
201,84,2.392857142857143,1787,106,1,0.7,12.0,1,6.9,0,0.61,0.1,0.94,0
440,457,0.962800875273523,2284,74,1,0.24,3.0,0,4.0,1,0.44,0.17,0.53,0
44,95,0.4631578947368421,291,33,1,1.81,13.2,0,5.8,0,0.37,0.16,0.77,0
263,84,3.130952380952381,1003,88,1,0.52,78.89999999999999,9,7.4,0,0.8,0.02,0.59,0
7808,409,19.09046454767726,372,103,1,0.2,6.0,0,6.7,1,0.95,0.09,0.67,0
118,4644,0.025409130060292853,88,146,1,16.76,5.0,0,27.7,1,0.88,0.66,0.12,1
63,440,0.1431818181818182,3394,107,0,0.01,14.0,0,2.0,0,0.88,0.11,0.77,0
75,150,0.5,253,95,1,1.46,22.5,2,7.7,0,0.62,0.1,0.57,0
90,137,0.656934306569343,2258,84,1,0.85,25.0,3,7.6,1,0.41,0.12,0.82,0
597,296,2.016891891891892,2364,113,1,1.21,3.0,0,6.6,0,0.43,0.02,0.83,0
3,2232,0.0013440860215053765,78,6,0,26.32,1.0,0,29.3,1,0.9,0.68,0.11,1
106,77,1.3766233766233766,2061,73,1,0.2,7.0,0,7.6,1,0.59,0.22,0.8,0
242,328,0.7378048780487805,622,51,1,0.75,72.6,9,6.0,1,0.86,0.09,0.93,0
296,54,5.481481481481482,262,102,1,1.22,3.0,0,0.4,0,0.45,0.14,0.79,0
393,4229,0.09292977063135494,177,110,1,22.86,7.0,0,23.1,1,0.79,0.63,0.27,1
537,2030,0.2645320197044335,375,81,1,0.56,152.0,12,1.4,1,0.4,0.05,0.94,0
54,12,4.5,3339,73,0,0.56,2.0,0,6.6,1,0.44,0.19,0.84,0
68,1777,0.038266741699493526,119,0,1,36.2,2.0,0,16.2,0,0.87,0.74,0.02,1
33,25,1.32,438,64,1,0.39,8.0,0,1.0,1,0.45,0.25,0.88,0
6056,9,672.8888888888889,1241,105,1,0.15,2.0,0,5.4,0,0.74,0.03,0.71,0
412,422,0.976303317535545,3221,107,1,2.24,2.0,0,2.6,1,0.42,0.17,0.6,0
6187,26,237.96153846153845,1813,121,1,0.42,127.0,8,1.4,0,0.55,0.04,0.7,0
17,3,5.666666666666667,3699,62,1,0.43,5.1,0,4.8,0,0.76,0.19,0.79,0
12,33,0.36363636363636365,2393,98,1,3.59,3.5999999999999996,0,3.2,0,0.77,0.19,0.59,0
328,1557,0.21066152858060372,195,131,1,15.35,0.0,0,24.2,1,0.91,0.63,0.13,1
63,7,9.0,2447,85,0,0.17,4.0,0,7.3,0,0.92,0.13,0.94,0
72,42,1.7142857142857142,2225,4,1,0.06,7.0,0,6.8,0,0.75,0.09,0.69,0
335,1635,0.20489296636085627,146,134,1,26.71,1.0,0,24.4,1,0.74,0.76,0.23,1
4,25,0.16,1165,50,1,1.88,1.2,0,5.5,1,0.53,0.08,0.92,0
35503,32186,1.1030572298514882,240,68,1,9.63,190.0,6,22.3,1,0.65,0.33,0.15,1
128,11,11.636363636363637,900,65,0,0.17,17.0,1,7.3,1,0.91,0.1,0.93,0
52602,79944,0.6579855899129391,367,89,1,3.09,176.0,1,18.2,1,0.93,0.57,0.24,1
70900,68075,1.0414983474109438,326,39,1,7.69,645.0,7,24.4,1,0.75,0.3,0.25,1
264,1477,0.17874069058903183,80,157,0,18.99,6.0,0,22.2,1,0.92,0.52,0.11,1
0,228,0.0,3341,7,1,1.37,0.0,0,0.7,0,0.58,0.2,0.91,0
15,209,0.07177033492822966,2408,74,1,1.49,4.0,0,7.2,1,0.36,0.01,0.88,0
3173,279,11.372759856630825,49,149,1,1.24,41.0,0,8.7,0,0.32,0.66,0.32,1
4497,323,13.922600619195046,5,115,1,4.21,34.0,1,9.4,0,0.7,0.62,0.36,1
94,3034,0.03098220171390903,59,17,1,28.71,0.0,0,24.5,1,0.97,0.61,0.12,1
394,4547,0.08665053881680229,105,159,1,10.61,4.0,0,25.1,1,0.82,0.67,0.17,1
28,103,0.27184466019417475,3676,30,1,0.49,1.0,0,3.0,0,0.84,0.08,0.71,0
65,29,2.2413793103448274,1550,61,1,2.53,19.5,0,8.0,0,0.84,0.07,0.51,0
50,2477,0.020185708518368994,22,146,0,25.16,0.0,0,20.3,1,0.96,0.55,0.22,1
98,5868,0.016700749829584187,44,15,1,28.57,0.0,0,20.0,1,0.88,0.73,0.19,1
90,5448,0.016519823788546256,6,0,1,38.46,2.0,0,28.7,0,0.87,0.83,0.11,1
18,2374,0.007582139848357203,106,0,0,11.9,0.0,0,29.2,1,0.96,0.91,0.18,1
72,3974,0.018117765475591345,115,19,0,41.55,2.0,0,25.1,0,0.91,0.63,0.06,1
241,1447,0.16655148583275742,159,107,0,18.2,3.0,0,26.1,0,0.92,0.88,0.12,1
131,9,14.555555555555555,456,76,1,0.03,39.3,5,6.4,0,0.67,0.17,0.56,0
1,5123,0.00019519812609798947,28,0,1,49.36,2.0,0,24.8,1,0.96,0.77,0.19,1
71,11,6.454545454545454,351,102,1,2.37,7.0,0,6.7,0,0.35,0.04,0.56,0
5233,5,1046.6,1946,89,1,0.21,8.0,0,6.0,0,0.92,0.06,0.89,0
17,528,0.032196969696969696,3293,112,1,1.62,5.1,0,1.9,1,0.59,0.22,0.71,0
66784,13393,4.98648547748824,198,95,1,13.34,469.0,17,11.1,1,0.81,0.3,0.3,1
91,5745,0.015839860748476937,5,0,0,12.66,0.0,0,22.0,0,0.85,0.62,0.03,1
354,2780,0.12733812949640289,183,152,1,24.62,9.0,0,23.2,1,0.77,0.5,0.08,1
23,367,0.06267029972752043,2364,99,1,0.82,5.0,0,7.2,0,0.4,0.21,0.78,0
925,147,6.292517006802721,3250,121,1,0.31,15.0,0,1.8,0,0.83,0.22,0.5,0
1,102,0.00980392156862745,468,123,1,2.94,0.3,0,6.6,0,0.64,0.13,0.65,0
658,220,2.9909090909090907,3623,35,1,2.8,66.0,8,3.7,0,0.83,0.23,0.81,0
405,1865,0.21715817694369974,195,158,1,14.2,0.0,0,23.2,0,0.88,0.74,0.07,1
19,98,0.19387755102040816,3465,71,1,0.63,5.7,0,3.7,0,0.41,0.24,0.88,0
326,78,4.17948717948718,502,64,1,3.84,58.0,3,1.0,1,0.79,0.04,0.62,0
1093,196,5.576530612244898,20,152,1,4.03,73.0,1,2.4,0,0.51,0.63,0.31,1
5,1474,0.0033921302578018998,2630,112,1,0.52,1.5,0,3.2,1,0.54,0.09,0.95,0
183,39,4.6923076923076925,2937,63,1,0.16,22.0,2,1.3,0,0.45,0.07,0.88,0
5355,125,42.84,3580,85,1,1.56,7.0,0,4.3,0,0.5,0.12,0.87,0
1602,58,27.620689655172413,20,101,1,1.22,43.0,0,3.6,0,0.31,0.52,0.27,1
97,224,0.4330357142857143,1932,77,1,1.45,29.099999999999998,3,2.1,1,0.61,0.21,0.9,0
44,38,1.1578947368421053,2703,0,1,0.55,13.2,0,7.1,1,0.93,0.16,0.57,0
426,4652,0.09157351676698194,188,134,0,7.21,4.0,0,29.0,1,0.83,0.53,0.1,1
238,16,14.875,1580,77,1,0.03,71.39999999999999,1,5.8,1,0.72,0.14,0.94,0
85,3042,0.027942143326758713,27,0,1,34.01,0.0,0,24.0,0,0.94,0.92,0.05,1
26,18,1.4444444444444444,2468,17,1,0.37,7.0,1,1.9,0,0.76,0.0,0.95,0
50,76,0.6578947368421053,2413,142,1,0.41,8.0,0,0.2,0,0.37,0.11,0.86,0
80660,77250,1.0441423948220065,342,77,1,13.3,581.0,6,11.5,1,0.83,0.37,0.1,1
62,167,0.3712574850299401,3265,95,1,0.42,18.599999999999998,0,5.3,0,0.72,0.08,0.91,0
4063,228,17.82017543859649,45,84,1,4.02,85.0,2,9.7,1,0.53,0.67,0.33,1
71299,10232,6.9682369038311185,279,58,1,4.9,170.0,8,12.4,1,0.81,0.37,0.12,1
445,4157,0.10704835217705076,118,148,1,9.87,2.0,0,27.8,0,0.96,0.73,0.29,1
94,79,1.1898734177215189,1219,77,1,0.34,22.0,2,6.4,0,0.56,0.2,0.62,0
175,139,1.2589928057553956,2825,88,1,1.6,8.0,1,1.0,1,0.82,0.22,0.76,0
52,2669,0.019482952416635443,118,0,1,48.7,1.0,0,17.1,1,0.92,0.73,0.18,1
1,1069,0.0009354536950420954,929,77,1,0.44,0.3,0,4.3,0,0.61,0.02,0.51,0
11,466,0.023605150214592276,3210,45,1,0.33,3.3,0,2.3,0,0.83,0.04,0.94,0
642,79,8.126582278481013,1387,62,1,3.45,12.0,1,0.0,0,0.72,0.22,0.7,0
373,606,0.6155115511551155,3091,16,1,1.6,3.0,0,4.3,0,0.35,0.23,0.73,0
127,3164,0.04013906447534766,45,121,0,27.39,9.0,0,25.9,1,0.85,0.84,0.07,1
345,4504,0.07659857904085257,170,103,1,15.33,5.0,0,28.6,1,0.7,0.5,0.07,1
23,4496,0.005115658362989324,103,18,1,37.48,1.0,0,19.1,0,0.99,0.82,0.13,1
39,31,1.2580645161290323,1248,90,1,0.12,3.0,0,2.7,0,0.66,0.06,0.79,0
34,17,2.0,3032,92,1,0.58,10.2,0,7.4,0,0.84,0.03,0.86,0
102,217,0.4700460829493088,3406,35,1,1.19,0.0,0,4.7,1,0.52,0.09,0.71,0
101,4547,0.02221244776775896,94,159,1,18.22,1.0,0,24.4,0,0.75,0.62,0.12,1
3,3411,0.0008795074758135445,34,0,0,17.76,1.0,0,29.8,0,0.85,0.88,0.07,1
94,3220,0.029192546583850933,47,9,0,21.62,1.0,0,20.0,1,0.96,0.65,0.15,1
211,92,2.2934782608695654,733,75,1,0.28,3.0,0,3.4,1,0.89,0.01,0.61,0
136,100,1.36,2983,50,1,1.1,2.0,0,7.1,1,0.75,0.19,0.57,0
89,73,1.2191780821917808,370,77,1,0.43,26.7,3,7.3,0,0.88,0.08,0.67,0
17,186,0.0913978494623656,1190,69,1,1.43,5.0,0,2.0,1,0.7,0.11,0.94,0
408,1206,0.3383084577114428,89,158,1,15.01,2.0,0,21.3,0,0.94,0.78,0.15,1
188,3108,0.06048906048906049,105,128,1,27.42,6.0,0,21.3,0,0.77,0.81,0.24,1
135,3276,0.04120879120879121,87,128,1,25.26,3.0,0,27.9,1,0.72,0.61,0.15,1
561,2476,0.2265751211631664,2709,84,1,2.25,2.0,0,7.8,1,0.49,0.05,0.51,0
11,108,0.10185185185185185,1462,59,1,1.14,3.3,0,5.4,0,0.54,0.09,0.58,0
76850,69530,1.105278297137926,102,62,1,10.82,235.0,10,20.2,1,0.89,0.41,0.16,1
198,3987,0.04966139954853273,13,122,0,19.58,6.0,0,22.1,0,0.8,0.87,0.29,1
41,8,5.125,2040,140,1,0.75,0.0,0,1.3,1,0.34,0.02,0.51,0
74,47,1.574468085106383,2294,72,1,0.66,22.2,1,7.3,0,0.62,0.13,0.85,0
49,6979,0.007021063189568706,108,18,0,39.19,1.0,0,29.0,0,0.88,0.66,0.17,1
41,2564,0.015990639625585022,31,15,0,32.22,2.0,0,24.2,1,0.88,0.77,0.14,1
8723,64,136.296875,1841,59,1,0.04,13.0,1,6.6,1,0.51,0.12,0.77,0
279,3585,0.07782426778242678,34,140,1,25.5,1.0,0,23.0,0,0.98,0.72,0.28,1
103,23,4.478260869565218,3292,71,1,1.17,24.0,1,3.3,0,0.39,0.01,0.57,0
89,4859,0.018316526034163408,87,0,0,30.1,2.0,0,29.3,0,0.99,0.86,0.03,1
439,40,10.975,800,52,1,0.51,10.0,1,5.4,0,0.49,0.21,0.75,0
67,1203,0.05569409808811305,64,6,0,32.45,1.0,0,25.7,1,0.87,0.87,0.18,1
345,10,34.5,515,25,1,0.09,3.0,0,3.3,0,0.43,0.15,0.8,0
796,453,1.7571743929359824,77,114,1,2.1,24.0,1,5.9,0,0.5,0.66,0.44,1
37,83,0.4457831325301205,633,89,1,0.7,3.0,0,3.0,1,0.86,0.06,0.93,0
59,3277,0.018004272200183094,108,0,0,47.13,1.0,0,22.5,1,0.9,0.88,0.08,1
1563,1409,1.1092973740241305,3949,73,1,0.28,49.0,1,1.1,1,0.37,0.06,0.64,0
1208,153,7.895424836601308,259,77,1,0.14,4.0,0,1.9,0,0.45,0.09,0.83,0
137,37,3.7027027027027026,1700,65,1,0.45,0.0,0,0.7,0,0.61,0.16,0.87,0
399,2902,0.13749138525155066,39,152,0,20.81,6.0,0,22.5,0,0.84,0.63,0.26,1
37661,66194,0.5689488473275524,132,69,1,6.53,93.0,2,19.3,0,0.82,0.69,0.3,1
3,93,0.03225806451612903,1345,72,1,0.08,0.8999999999999999,0,3.7,0,0.61,0.04,0.73,0
85,3623,0.023461219983439138,53,0,0,20.64,2.0,0,29.8,0,0.93,0.82,0.11,1
3568,32,111.5,967,73,1,0.5,2.0,0,5.0,1,0.42,0.15,0.8,0
181,1877,0.09643047416089505,1029,56,1,0.59,12.0,0,5.3,1,0.62,0.18,0.69,0
139,135,1.0296296296296297,2211,118,1,0.29,20.0,1,5.4,0,0.5,0.03,0.78,0
16,11,1.4545454545454546,2469,35,1,0.33,4.8,0,3.1,0,0.73,0.13,0.82,0
96,4,24.0,2538,41,0,0.57,6.0,0,3.3,0,0.56,0.1,0.74,0
454,4813,0.0943278620403075,158,109,1,9.56,6.0,0,27.7,0,0.96,0.84,0.07,1
24,632,0.0379746835443038,3980,48,1,1.44,3.0,0,5.7,1,0.9,0.02,0.91,0
355,3664,0.0968886462882096,88,157,0,26.89,4.0,0,27.5,0,0.97,0.8,0.13,1
1044,356,2.932584269662921,2147,71,1,0.09,23.0,1,4.2,0,0.46,0.01,0.68,0
138,1038,0.1329479768786127,76,108,1,25.85,1.0,0,20.9,0,0.96,0.8,0.06,1
64330,71258,0.9027758286788852,88,91,1,10.73,417.0,16,15.8,0,0.61,0.66,0.4,1
25,912,0.027412280701754384,790,123,0,0.06,0.0,0,2.6,0,0.32,0.08,0.87,0
595,2019,0.29470034670629025,773,92,1,0.48,13.0,1,1.7,0,0.64,0.13,0.91,0
15,6734,0.0022275022275022277,89,0,0,35.93,0.0,0,17.1,1,0.9,0.78,0.02,1
114,10,11.4,2057,125,1,0.44,2.0,0,7.1,1,0.39,0.12,0.84,0
82,50,1.64,426,137,1,1.36,24.599999999999998,3,4.9,1,0.75,0.1,0.75,0
68823,66682,1.032107615248493,415,94,1,7.67,332.0,5,24.6,1,0.83,0.64,0.17,1
376,1172,0.32081911262798635,154,116,1,29.16,9.0,0,26.3,0,0.84,0.57,0.1,1
27,49,0.5510204081632653,2949,94,1,0.49,3.0,0,2.5,1,0.76,0.03,0.87,0
67,160,0.41875,1678,65,1,0.55,20.099999999999998,1,5.3,1,0.53,0.18,0.64,0
1006,745,1.3503355704697986,627,106,1,1.7,296.0,11,0.7,1,0.94,0.01,0.8,0
89,602,0.1478405315614618,2229,56,1,0.5,5.0,0,7.6,0,0.69,0.03,0.95,0
600,2610,0.22988505747126436,2328,71,1,0.49,40.0,1,4.0,0,0.7,0.21,0.57,0
25585,24554,1.0419890852814206,150,30,1,5.15,52.0,1,16.8,0,0.64,0.47,0.4,1
345,2590,0.13320463320463322,196,158,0,10.29,8.0,0,21.0,0,0.88,0.68,0.06,1
2173,166,13.090361445783133,53,141,1,1.09,58.0,1,8.7,0,0.39,0.77,0.37,1
116,348,0.3333333333333333,461,69,1,0.12,26.0,2,7.8,1,0.6,0.05,0.84,0
15,375,0.04,1886,96,1,0.08,4.5,0,7.2,0,0.63,0.16,0.75,0
26,5,5.2,2311,94,1,0.23,7.8,0,0.1,1,0.82,0.23,0.68,0
532,239,2.225941422594142,610,83,1,2.51,12.0,0,0.8,1,0.63,0.2,0.57,0
2183,391,5.58312020460358,82,125,1,2.5,63.0,2,4.9,1,0.53,0.57,0.24,1
0,510,0.0,416,26,1,0.2,0.0,0,2.8,1,0.94,0.23,0.76,0
629,106,5.933962264150943,2723,19,1,0.06,188.7,20,4.0,0,0.62,0.04,0.79,0
35,16,2.1875,981,68,1,0.59,10.5,1,1.3,0,0.81,0.03,0.68,0
48,97,0.4948453608247423,3694,113,1,1.35,11.0,0,2.0,0,0.88,0.11,0.7,0
1796,450,3.991111111111111,2766,98,1,0.48,13.0,0,0.8,0,0.5,0.13,0.59,0
133,12,11.083333333333334,2069,103,1,0.72,39.9,0,3.2,0,0.56,0.21,0.94,0
2601,300,8.67,57,149,1,4.35,79.0,0,7.4,0,0.55,0.77,0.26,1
233,68,3.426470588235294,1711,94,1,2.0,51.0,2,2.0,0,0.37,0.06,0.73,0
19,804,0.0236318407960199,3525,70,1,0.47,5.7,0,6.5,0,0.56,0.23,0.6,0
19,29,0.6551724137931034,1033,41,1,1.75,5.7,0,6.9,0,0.34,0.03,0.62,0
208,67,3.1044776119402986,3329,53,0,0.85,8.0,1,3.9,0,0.46,0.25,0.61,0
8,174,0.04597701149425287,3963,107,1,0.3,2.4,0,4.5,1,0.4,0.06,0.61,0
87,185,0.4702702702702703,3937,69,1,1.8,6.0,0,1.2,0,0.7,0.02,0.9,0
122,1206,0.1011608623548922,3286,80,1,0.5,36.6,4,7.1,1,0.9,0.2,0.94,0
193,16,12.0625,2527,154,1,0.52,5.0,0,3.5,0,0.59,0.08,0.64,0
460,3749,0.12269938650306748,132,135,0,22.12,7.0,0,20.8,0,0.94,0.74,0.13,1
181,42,4.309523809523809,2768,80,1,0.83,7.0,0,5.5,0,0.91,0.03,0.65,0
74,296,0.25,1219,70,1,0.13,22.2,2,4.4,1,0.62,0.17,0.51,0
24,1847,0.012994044396318355,70,0,0,27.14,1.0,0,25.3,1,0.97,0.7,0.06,1
15180,56,271.07142857142856,2106,90,1,0.37,8.0,0,7.2,1,0.47,0.23,0.86,0
288,4241,0.06790851214336241,1551,57,0,0.28,14.0,0,1.4,1,0.42,0.1,0.83,0
12,7186,0.0016699137211244085,97,0,0,48.39,0.0,0,26.8,1,0.97,0.82,0.03,1
536,28,19.142857142857142,2889,70,1,0.3,9.0,0,4.1,0,0.33,0.19,0.76,0
18,1819,0.009895547003848268,73,11,0,42.67,0.0,0,27.5,0,0.9,0.69,0.16,1
493,4527,0.1089021426993594,34,153,1,24.21,0.0,0,22.8,0,0.92,0.89,0.09,1
300,6,50.0,997,20,1,2.73,8.0,0,6.3,0,0.31,0.17,0.61,0
2353,183,12.857923497267759,2112,133,1,0.75,13.0,1,3.2,0,0.3,0.15,0.51,0
152,131,1.1603053435114503,1280,64,1,1.23,23.0,1,1.6,0,0.78,0.03,0.62,0
300,3687,0.08136696501220504,40,105,0,19.33,1.0,0,24.2,1,0.79,0.85,0.18,1
42,59,0.711864406779661,2882,52,1,0.51,12.6,0,6.3,1,0.85,0.2,0.8,0
120,4014,0.029895366218236172,123,105,1,27.59,4.0,0,23.2,0,0.89,0.58,0.18,1
3400,228,14.912280701754385,450,79,1,0.14,6.0,0,5.3,1,0.64,0.24,0.6,0
32,160,0.2,1804,104,1,1.71,3.0,0,1.6,0,0.36,0.1,0.82,0
8,47,0.1702127659574468,942,83,1,0.04,2.4,0,6.4,0,0.61,0.1,0.94,0
141,173,0.815028901734104,1303,60,1,0.24,27.0,3,5.8,1,0.36,0.21,0.86,0
395,165,2.393939393939394,569,85,1,0.92,33.0,1,4.9,1,0.75,0.1,0.57,0
591,17,34.76470588235294,1387,53,1,0.34,6.0,0,5.9,0,0.48,0.13,0.61,0
20314,37168,0.5465454154111064,326,91,1,10.63,192.0,1,24.0,1,0.85,0.41,0.3,1
355,164,2.1646341463414633,536,101,0,0.47,106.5,10,3.8,0,0.35,0.13,0.81,0
82,200,0.41,267,69,1,0.34,24.599999999999998,1,3.0,0,0.35,0.24,0.92,0
91,26,3.5,1473,117,1,0.42,25.0,1,3.5,0,0.62,0.21,0.91,0
391,3343,0.11696081364044271,61,120,0,10.39,1.0,0,20.8,0,0.95,0.77,0.08,1
102,313,0.3258785942492013,3414,55,1,0.04,30.599999999999998,3,1.4,0,0.45,0.02,0.72,0
1766,92,19.195652173913043,2979,149,1,0.28,61.0,5,5.5,0,0.71,0.19,0.57,0
31,303,0.10231023102310231,318,88,1,0.37,5.0,0,5.8,1,0.56,0.12,0.74,0
413,4098,0.10078086871644705,185,151,1,5.48,2.0,0,26.1,1,0.85,0.6,0.08,1
1,175,0.005714285714285714,2160,111,1,0.78,0.3,0,0.1,0,0.68,0.11,0.53,0
70,146,0.4794520547945205,3035,85,0,0.57,15.0,1,0.1,0,0.61,0.24,0.91,0
3642,145,25.117241379310343,30,138,1,3.08,28.0,0,7.3,1,0.66,0.54,0.38,1
30,3427,0.008754012255617158,74,0,0,17.51,0.0,0,29.0,0,0.87,0.74,0.1,1
140,32,4.375,3319,102,1,0.11,6.0,0,1.2,0,0.39,0.1,0.75,0
416,387,1.074935400516796,3329,46,1,0.36,7.0,0,2.2,1,0.95,0.04,0.94,0
30,149,0.20134228187919462,2479,29,1,1.49,9.0,0,3.6,1,0.48,0.22,0.69,0
93,4523,0.020561574176431573,43,8,0,15.85,0.0,0,19.8,1,0.92,0.74,0.0,1
78393,33117,2.36715282181357,294,51,1,6.12,456.0,18,24.8,1,0.68,0.4,0.17,1
13,772,0.01683937823834197,2907,124,1,0.8,3.9,0,3.1,1,0.81,0.19,0.61,0
270,3347,0.0806692560501942,91,157,0,25.73,7.0,0,25.9,1,0.71,0.81,0.2,1
723,400,1.8075,1435,71,1,0.28,5.0,0,5.1,0,0.75,0.23,0.85,0
113,28,4.035714285714286,2213,66,1,0.83,17.0,1,2.2,0,0.91,0.01,0.85,0
328,279,1.1756272401433692,890,35,1,0.44,4.0,0,3.9,0,0.85,0.05,0.65,0
17,168,0.10119047619047619,383,83,1,0.65,5.1,0,1.2,0,0.61,0.22,0.73,0
98,4378,0.022384650525354044,88,104,0,5.49,5.0,0,27.0,0,0.76,0.55,0.08,1
29,1252,0.0231629392971246,1,17,0,38.54,2.0,0,16.0,1,0.89,0.91,0.1,1
53,4790,0.011064718162839248,105,0,1,12.61,0.0,0,17.1,1,0.97,0.64,0.03,1
332,4527,0.07333775127015683,113,109,1,28.11,8.0,0,22.0,1,0.91,0.6,0.14,1
1648,243,6.7818930041152266,2521,95,1,0.13,12.0,0,4.9,1,0.89,0.1,0.88,0
40769,74252,0.5490626515110704,435,73,1,13.24,130.0,5,16.9,1,0.8,0.55,0.4,1
74,187,0.39572192513368987,987,53,1,0.14,22.2,3,6.8,0,0.56,0.19,0.56,0
260,10,26.0,3186,63,1,1.1,8.0,0,1.8,0,0.92,0.25,0.86,0
637,299,2.130434782608696,1406,102,1,0.62,34.0,4,6.5,1,0.82,0.2,0.61,0
7,373,0.01876675603217158,507,57,1,0.72,2.1,0,0.3,1,0.88,0.0,0.59,0
96,6630,0.014479638009049774,71,12,0,30.81,1.0,0,25.8,1,0.91,0.6,0.07,1
32325,93100,0.3472073039742213,326,67,1,6.54,180.0,4,11.0,1,0.65,0.42,0.38,1
443,1842,0.24049945711183496,166,143,0,14.86,3.0,0,27.0,0,0.99,0.66,0.28,1
146,291,0.5017182130584192,3400,133,1,0.15,6.0,0,5.1,1,0.54,0.13,0.95,0
58,4184,0.013862332695984704,20,0,0,48.5,0.0,0,17.6,1,0.91,0.85,0.07,1
95,36,2.638888888888889,3322,40,1,0.54,28.5,2,7.8,0,0.53,0.04,0.65,0
72,42,1.7142857142857142,3742,92,1,0.59,21.599999999999998,3,7.7,1,0.83,0.05,0.6,0
65,30,2.1666666666666665,2710,99,1,0.81,19.5,2,4.7,0,0.46,0.17,0.91,0
316,25,12.64,997,39,1,0.1,7.0,0,0.4,0,0.39,0.18,0.53,0
157,92,1.7065217391304348,2159,65,1,0.01,11.0,1,3.9,1,0.9,0.01,0.76,0
3916,273,14.344322344322345,83,145,1,3.77,19.0,0,6.0,1,0.65,0.64,0.36,1
12027,546,22.02747252747253,290,115,1,0.11,17.0,1,5.4,1,0.86,0.23,0.88,0
76,4229,0.017971151572475762,94,6,0,22.37,0.0,0,23.0,1,0.99,0.77,0.1,1
73523,81281,0.9045533396488724,160,30,1,9.12,580.0,2,11.9,0,0.79,0.43,0.35,1
93,170,0.5470588235294118,1621,41,1,0.09,27.9,0,1.7,1,0.37,0.02,0.84,0
5146,32,160.8125,2481,68,1,0.33,10.0,0,5.0,1,0.71,0.0,0.94,0
13435,76146,0.17643737031492135,336,31,1,10.19,31.0,0,12.1,1,0.65,0.49,0.13,1
45,4337,0.010375835831219737,11,0,0,32.05,2.0,0,20.1,1,0.99,0.96,0.17,1
429,1854,0.2313915857605178,38,151,1,24.55,9.0,0,25.4,0,0.79,0.82,0.28,1
67,5674,0.011808248149453648,60,19,1,24.72,0.0,0,20.8,1,0.93,0.78,0.12,1
221,207,1.067632850241546,612,27,1,0.46,39.0,2,5.3,0,0.51,0.23,0.92,0
58,3,19.333333333333332,2355,106,1,3.3,12.0,0,0.7,0,0.3,0.19,0.51,0
3640,131,27.786259541984734,12,141,1,4.57,38.0,0,4.8,0,0.46,0.73,0.41,1
221,4865,0.04542651593011305,160,145,1,10.93,0.0,0,26.4,1,0.81,0.62,0.21,1
263,4,65.75,3162,59,1,2.27,77.0,7,1.2,0,0.37,0.22,0.73,0
1582,15,105.46666666666667,2450,128,1,0.45,48.0,2,6.1,1,0.75,0.06,0.78,0
59697,52229,1.1429856976009496,156,68,1,4.54,98.0,1,21.7,1,0.84,0.56,0.38,1
104,8,13.0,1205,28,1,0.32,6.0,0,1.9,1,0.47,0.09,0.8,0
58,3257,0.017807798587657353,52,0,0,13.73,2.0,0,17.8,0,0.98,0.99,0.18,1
33,537,0.061452513966480445,3816,98,1,0.04,9.9,0,3.7,1,0.78,0.23,0.69,0
1224,32,38.25,849,99,1,0.53,66.0,7,0.6,0,0.34,0.04,0.76,0
187,23,8.130434782608695,2836,95,1,1.45,1.0,0,6.0,1,0.44,0.05,0.66,0
769,21,36.61904761904762,3147,110,1,0.07,127.0,8,2.0,0,0.55,0.18,0.81,0
21,83,0.25301204819277107,1104,152,1,0.66,6.3,0,2.6,0,0.36,0.09,0.51,0
244,3814,0.06397482957524908,111,152,0,22.94,9.0,0,26.0,1,0.71,0.7,0.11,1
26,474,0.05485232067510549,1308,134,1,0.03,7.8,0,7.2,0,0.83,0.14,0.92,0
70,257,0.2723735408560311,225,100,1,0.61,0.0,0,7.3,1,0.6,0.14,0.93,0
21,4444,0.004725472547254726,19,0,0,45.52,0.0,0,28.5,0,0.94,0.69,0.15,1
10573,4,2643.25,3776,93,1,0.17,10.0,0,0.8,1,0.36,0.17,0.53,0
245,26,9.423076923076923,1540,60,1,0.22,35.0,3,7.0,1,0.86,0.15,0.56,0
7028,96,73.20833333333333,2421,90,1,0.33,216.0,21,7.1,0,0.84,0.1,0.55,0
4887,164,29.798780487804876,28,99,1,3.15,39.0,1,7.9,0,0.3,0.41,0.41,1
149,2712,0.054941002949852505,193,116,0,25.48,2.0,0,27.9,1,0.71,0.72,0.14,1
25,6762,0.003697131026323573,85,6,0,17.12,0.0,0,16.9,1,0.87,0.91,0.01,1
3119,68,45.86764705882353,412,106,1,0.01,28.0,1,2.7,1,0.93,0.16,0.63,0
63,75,0.84,1067,46,1,0.5,18.9,1,2.5,0,0.76,0.08,0.87,0
999,228,4.381578947368421,1794,79,1,2.49,21.0,1,6.7,0,0.37,0.15,0.95,0
28,7063,0.003964321110009911,55,0,0,20.82,1.0,0,24.6,1,0.99,0.83,0.02,1
3496,118,29.627118644067796,87,96,1,4.94,14.0,0,3.3,1,0.56,0.41,0.21,1
122,6,20.333333333333332,494,23,1,0.05,6.0,0,3.7,0,0.67,0.17,0.85,0
120,13,9.23076923076923,3890,37,1,0.1,1.0,0,6.2,0,0.8,0.06,0.52,0
98538,76018,1.296245626035939,478,89,1,13.51,911.0,40,18.0,0,0.85,0.35,0.21,1
84,5382,0.01560758082497213,88,0,0,39.83,2.0,0,27.6,1,0.92,0.8,0.02,1
51,6677,0.007638160850681443,102,0,0,19.03,2.0,0,27.8,1,0.9,0.77,0.02,1
544,696,0.7816091954022989,2425,28,1,0.64,12.0,0,0.6,0,0.9,0.23,0.5,0
103,62,1.6612903225806452,2498,105,1,0.04,30.9,4,1.3,0,0.89,0.17,0.6,0
23,14,1.6428571428571428,2268,88,1,0.8,3.0,0,1.4,0,0.64,0.23,0.59,0
9,1651,0.005451241671714113,1957,54,1,0.01,2.6999999999999997,0,2.7,1,0.7,0.14,0.54,0
300,2762,0.10861694424330195,130,154,0,6.52,5.0,0,25.2,1,0.83,0.73,0.22,1
8,4757,0.0016817321841496743,3703,74,1,1.22,2.4,0,1.9,0,0.84,0.06,0.68,0
41,116,0.35344827586206895,1955,40,1,3.39,12.299999999999999,0,6.2,1,0.61,0.1,0.65,0
911,1052,0.8659695817490495,3462,80,1,1.07,65.0,8,5.5,0,0.48,0.07,0.89,0
7,29,0.2413793103448276,2388,15,1,0.12,2.1,0,7.0,0,0.34,0.18,0.83,0
110,3660,0.030054644808743168,148,133,0,28.61,2.0,0,20.0,0,0.89,0.69,0.13,1
2058,300,6.86,37,114,1,1.32,79.0,0,9.9,0,0.33,0.72,0.27,1
9534,57,167.26315789473685,3758,54,1,0.24,34.0,3,0.4,0,0.69,0.08,0.85,0
475,121,3.925619834710744,1816,67,1,0.43,42.0,1,7.7,0,0.87,0.05,0.75,0
17,3,5.666666666666667,3246,48,1,0.8,5.1,0,5.2,1,0.5,0.18,0.9,0
724,211,3.4312796208530805,3632,60,1,0.41,39.0,4,1.0,0,0.3,0.03,0.66,0
49,79,0.620253164556962,710,84,1,0.55,3.0,0,6.4,1,0.6,0.18,0.7,0
4523,79,57.25316455696203,49,112,1,1.23,8.0,0,2.0,0,0.51,0.59,0.48,1
98,2847,0.03442219880576045,85,12,0,33.9,0.0,0,17.6,1,0.92,0.98,0.18,1
76,101,0.7524752475247525,3739,62,1,0.06,12.0,0,5.4,0,0.55,0.03,0.61,0
166,1672,0.09928229665071771,147,148,1,15.62,7.0,0,24.7,0,0.98,0.55,0.26,1
809,238,3.399159663865546,3790,36,0,1.19,31.0,2,5.6,0,0.76,0.09,0.82,0
274,93,2.946236559139785,3576,45,1,1.71,44.0,4,6.3,0,0.37,0.08,0.57,0
73043,55361,1.319394519607666,243,67,1,11.96,541.0,16,19.9,0,0.92,0.54,0.1,1
1011,18,56.166666666666664,1752,92,1,0.41,9.0,0,1.9,1,0.5,0.22,0.85,0
596,28,21.285714285714285,2245,47,1,0.45,4.0,0,7.7,1,0.94,0.21,0.69,0
479,762,0.6286089238845144,2810,75,1,1.36,0.0,0,3.3,1,0.41,0.16,0.78,0
61,53,1.150943396226415,3821,116,1,0.11,1.0,0,1.9,1,0.57,0.18,0.6,0
0,40,0.0,2202,67,1,2.16,0.0,0,5.6,0,0.49,0.21,0.71,0
432,178,2.4269662921348316,2262,142,1,0.91,43.0,1,7.7,0,0.71,0.08,0.57,0
231,4355,0.05304247990815155,36,120,1,5.08,8.0,0,28.4,1,0.89,0.86,0.12,1
36,54,0.6666666666666666,2210,105,1,0.11,2.0,0,1.8,0,0.91,0.0,0.6,0
1593,103,15.466019417475728,408,57,1,1.3,3.0,0,1.6,1,0.35,0.19,0.7,0
311,216,1.4398148148148149,1145,76,1,0.8,8.0,0,2.1,0,0.32,0.09,0.78,0
3351,184,18.21195652173913,46,136,1,4.25,37.0,0,4.6,0,0.59,0.67,0.35,1
2428,80,30.35,2281,83,0,0.74,6.0,0,7.1,1,0.44,0.15,0.68,0
114,4096,0.02783203125,116,154,0,26.4,5.0,0,22.2,1,0.82,0.69,0.29,1
95,3029,0.031363486299108616,69,0,0,24.33,0.0,0,29.1,1,0.97,0.69,0.07,1
347,23,15.08695652173913,2067,57,1,1.75,30.0,4,7.4,0,0.75,0.23,0.82,0
0,160,0.0,1939,73,1,0.22,0.0,0,5.9,0,0.51,0.08,0.88,0
214,2032,0.10531496062992125,2778,98,1,0.1,2.0,0,7.3,0,0.54,0.2,0.78,0
1660,175,9.485714285714286,3056,55,0,1.75,3.0,0,6.6,1,0.43,0.05,0.54,0
444,38,11.68421052631579,3872,44,1,0.31,31.0,0,5.5,1,0.83,0.09,0.72,0
9,1070,0.008411214953271028,408,116,1,0.36,2.6999999999999997,0,5.1,0,0.72,0.2,0.73,0
59,4518,0.013058875608676405,29,8,0,43.84,1.0,0,20.4,1,0.95,0.8,0.09,1
223,27,8.25925925925926,522,100,1,0.48,51.0,6,7.7,0,0.91,0.15,0.74,0
21,38,0.5526315789473685,3738,98,0,0.55,6.3,0,1.5,1,0.76,0.01,0.52,0
226,1482,0.1524966261808367,179,148,1,16.19,7.0,0,29.7,0,0.75,0.76,0.25,1
195,93,2.096774193548387,817,101,1,2.33,5.0,0,5.3,0,0.71,0.11,0.58,0
1858,19,97.78947368421052,1030,82,1,0.15,0.0,0,0.3,0,0.62,0.02,0.58,0
107,1739,0.06152961472110408,192,115,1,27.19,4.0,0,25.3,1,0.75,0.61,0.18,1
3584,12,298.6666666666667,3798,77,1,0.45,7.0,0,6.1,0,0.51,0.21,0.88,0
133,251,0.5298804780876494,1922,133,1,0.2,12.0,0,7.6,1,0.72,0.21,0.64,0
357,197,1.8121827411167513,232,72,1,0.18,23.0,1,6.0,0,0.57,0.17,0.75,0
12,63,0.19047619047619047,2412,8,1,1.42,3.5999999999999996,0,7.5,0,0.48,0.03,0.8,0
271,91,2.978021978021978,311,12,1,0.32,3.0,0,0.2,0,0.46,0.1,0.69,0
77,6424,0.011986301369863013,64,11,0,15.05,0.0,0,28.1,1,0.92,0.64,0.05,1
240,2,120.0,2060,111,0,0.42,17.0,2,6.1,0,0.92,0.05,0.55,0
14,113,0.12389380530973451,1010,55,1,0.37,1.0,0,1.3,0,0.66,0.11,0.93,0
196,4140,0.04734299516908213,149,144,0,10.46,1.0,0,23.1,1,0.87,0.66,0.11,1
143,535,0.2672897196261682,2015,116,1,0.91,20.0,1,2.1,0,0.82,0.16,0.88,0
24,287,0.08362369337979095,2497,84,1,1.54,7.199999999999999,0,2.9,0,0.72,0.09,0.85,0
37,603,0.06135986733001658,2918,95,1,1.85,11.1,1,5.1,0,0.36,0.24,0.55,0
97,92,1.0543478260869565,222,12,1,0.41,29.099999999999998,4,2.9,0,0.89,0.12,0.7,0
1156,2913,0.39684174390662547,1133,85,1,1.86,11.0,1,1.0,0,0.92,0.1,0.89,0
9,69,0.13043478260869565,3670,39,1,0.22,2.6999999999999997,0,2.9,0,0.52,0.2,0.9,0
2139,349,6.128939828080229,70,78,1,4.42,47.0,0,2.5,0,0.65,0.63,0.26,1
119,189,0.6296296296296297,3388,96,0,0.09,2.0,0,3.5,1,0.79,0.23,0.7,0
331,2377,0.139251156920488,2974,60,1,0.2,5.0,0,2.7,1,0.81,0.16,0.72,0
75,677,0.11078286558345643,2633,57,1,0.48,6.0,0,1.1,0,0.77,0.07,0.83,0
94,7174,0.013102871480345692,58,17,0,45.08,0.0,0,16.9,0,0.98,0.77,0.02,1
55025,21434,2.5671829803116544,159,36,1,8.51,349.0,12,18.7,1,0.94,0.42,0.33,1
374,86,4.348837209302325,468,129,1,0.11,85.0,3,6.8,0,0.74,0.17,0.77,0
23,4146,0.005547515677761698,93,10,0,14.12,2.0,0,23.0,1,1.0,0.9,0.1,1
1229,31,39.645161290322584,2742,104,1,0.92,29.0,2,7.9,0,0.43,0.07,0.81,0
224,58,3.8620689655172415,937,73,1,0.04,19.0,1,5.0,0,0.31,0.08,0.6,0
133,106,1.2547169811320755,1308,24,1,0.03,2.0,0,6.2,0,0.49,0.08,0.75,0
227,4417,0.05139234774733983,153,150,1,8.72,5.0,0,28.7,0,0.73,0.59,0.24,1
37,299,0.12374581939799331,3097,46,1,0.13,11.1,0,7.0,0,0.85,0.15,0.59,0
1087,271,4.011070110701107,1257,95,1,0.05,8.0,0,1.0,0,0.72,0.22,0.85,0
328,174,1.8850574712643677,243,95,1,3.24,2.0,0,7.7,1,0.86,0.08,0.95,0
725,73,9.931506849315069,2381,59,1,1.03,149.0,14,4.0,0,0.44,0.2,0.93,0
64716,86341,0.7495396161730812,286,42,1,11.21,600.0,6,10.3,1,0.69,0.41,0.13,1
134,116,1.1551724137931034,3500,73,1,0.03,1.0,0,6.5,0,0.64,0.19,0.65,0
64,1183,0.05409974640743871,40,7,0,48.67,0.0,0,26.9,1,0.92,0.68,0.16,1
550,103,5.339805825242719,3730,65,1,0.97,1.0,0,6.7,0,0.71,0.23,0.87,0
371,2345,0.1582089552238806,170,135,1,13.13,1.0,0,26.4,0,0.81,0.63,0.29,1
44478,39227,1.1338618808473755,453,93,1,11.19,379.0,0,15.4,1,0.75,0.63,0.22,1
190,4883,0.038910505836575876,82,100,0,9.23,7.0,0,20.2,0,0.73,0.69,0.07,1
1157,61,18.9672131147541,3074,15,1,1.26,119.0,4,7.8,1,0.38,0.08,0.73,0
1228,1451,0.8463128876636802,3498,128,1,1.47,40.0,4,4.0,1,0.87,0.19,0.88,0
53,51,1.0392156862745099,931,63,1,0.01,2.0,0,0.3,0,0.88,0.13,0.74,0
28,76,0.3684210526315789,861,127,1,0.47,8.4,0,2.1,0,0.4,0.06,0.57,0
114,108,1.0555555555555556,2576,47,1,0.86,34.199999999999996,1,2.2,0,0.65,0.0,0.8,0
229,74,3.0945945945945947,1092,61,0,0.22,1.0,0,5.9,1,0.74,0.11,0.59,0
572,5,114.4,748,106,0,0.36,9.0,0,2.5,1,0.72,0.12,0.85,0
1647,200,8.235,1894,84,1,0.39,2.0,0,3.1,0,0.65,0.0,0.71,0
181,851,0.21269095182138661,3457,106,1,0.26,8.0,0,6.4,0,0.45,0.06,0.91,0
220,26,8.461538461538462,2562,41,1,2.68,42.0,2,5.4,0,0.7,0.08,0.62,0
69697,26557,2.6244304703091466,203,96,1,13.16,173.0,5,18.2,0,0.77,0.48,0.24,1
62,4443,0.013954535223947783,115,8,0,34.37,1.0,0,17.0,0,0.98,0.82,0.09,1
55,141,0.3900709219858156,1853,107,1,2.03,0.0,0,5.4,0,0.69,0.02,0.9,0
57,2672,0.02133233532934132,61,6,0,48.47,0.0,0,15.3,0,0.9,0.88,0.2,1
229,1191,0.19227539882451722,65,151,0,21.08,0.0,0,28.8,0,0.86,0.7,0.28,1
54,809,0.06674907292954264,100,6,0,18.04,1.0,0,23.0,0,0.94,0.94,0.15,1
8,67,0.11940298507462686,1571,138,1,1.29,2.4,0,0.7,0,0.9,0.02,0.62,0
44,4545,0.009680968096809682,21,0,0,45.49,1.0,0,23.6,0,0.94,0.71,0.15,1
68,131,0.5190839694656488,2142,10,0,1.41,15.0,1,5.7,0,0.9,0.17,0.83,0
72,229,0.314410480349345,584,69,1,1.31,4.0,0,5.0,1,0.42,0.02,0.66,0
6069,126,48.166666666666664,1143,48,1,0.0,9.0,0,7.8,1,0.73,0.21,0.75,0
46,578,0.07958477508650519,1220,120,1,1.5,8.0,1,0.6,1,0.4,0.1,0.56,0
7866,33,238.36363636363637,373,23,1,2.59,11.0,0,2.5,0,0.86,0.1,0.83,0
481,59,8.152542372881356,2292,72,1,0.35,2.0,0,6.5,1,0.95,0.19,0.76,0
9872,11,897.4545454545455,3908,107,1,0.17,13.0,1,4.7,0,0.94,0.1,0.52,0
26779,36606,0.7315467409714255,455,41,1,13.03,67.0,0,17.2,0,0.77,0.49,0.19,1
110,382,0.2879581151832461,3622,77,1,0.32,33.0,4,5.3,1,0.51,0.16,0.53,0
683,488,1.3995901639344261,1329,97,1,0.2,4.0,0,0.3,1,0.6,0.04,0.94,0
638,68,9.382352941176471,469,109,0,1.17,47.0,3,4.5,0,0.43,0.06,0.6,0
4106,107,38.373831775700936,40,113,1,3.12,41.0,1,6.3,0,0.34,0.66,0.35,1
2708,253,10.703557312252965,85,133,1,2.35,93.0,2,8.8,0,0.68,0.44,0.49,1
50,5308,0.009419743782969104,92,0,0,24.18,2.0,0,19.3,0,0.96,0.84,0.16,1
4,800,0.005,1756,34,1,0.08,1.2,0,3.8,0,0.34,0.14,0.75,0
33,656,0.05030487804878049,109,0,0,25.1,1.0,0,16.3,1,0.87,0.94,0.04,1
2634,56,47.035714285714285,3909,96,1,1.36,6.0,0,3.4,1,0.35,0.13,0.95,0
3,369,0.008130081300813009,3948,38,1,0.13,0.8999999999999999,0,1.3,1,0.49,0.04,0.9,0
295,529,0.55765595463138,3729,89,1,0.22,11.0,1,3.0,0,0.5,0.15,0.62,0
21,4,5.25,1744,99,1,0.09,6.3,0,3.4,1,0.7,0.04,0.74,0
165,129,1.2790697674418605,1976,134,1,2.13,0.0,0,1.5,0,0.39,0.0,0.78,0
3,117,0.02564102564102564,2242,133,1,0.4,0.8999999999999999,0,0.1,0,0.47,0.2,0.62,0
49,4904,0.00999184339314845,79,14,0,48.22,2.0,0,27.4,1,0.93,0.86,0.1,1
77,2,38.5,3770,41,1,0.44,23.099999999999998,1,4.8,1,0.8,0.02,0.75,0
138,630,0.21904761904761905,2631,27,1,1.18,2.0,0,2.9,1,0.3,0.02,0.78,0
25,20,1.25,3846,60,1,0.06,7.0,0,1.5,0,0.86,0.11,0.91,0
25332,17,1490.1176470588234,431,72,1,0.46,116.0,8,4.5,1,0.42,0.22,0.93,0
218,420,0.5190476190476191,3535,65,1,0.5,6.0,0,6.4,0,0.91,0.1,0.59,0
2668,42,63.523809523809526,657,87,1,0.25,1.0,0,0.3,1,0.36,0.14,0.89,0
3,23,0.13043478260869565,1597,86,1,1.03,0.8999999999999999,0,7.0,0,0.57,0.07,0.77,0
174,280,0.6214285714285714,2706,102,1,1.56,2.0,0,0.7,0,0.45,0.07,0.85,0
58642,40303,1.4550281616753096,464,39,1,13.61,433.0,16,18.6,0,0.71,0.36,0.23,1
448,3924,0.11416921508664628,147,150,1,23.99,0.0,0,20.6,0,0.8,0.58,0.18,1
291,2535,0.11479289940828402,163,129,0,10.57,1.0,0,23.8,0,0.75,0.66,0.1,1
443,659,0.6722306525037937,445,54,1,0.63,12.0,1,1.5,0,0.44,0.15,0.83,0
132,414,0.3188405797101449,2996,79,1,0.02,7.0,0,4.1,1,0.82,0.11,0.5,0
128,26,4.923076923076923,2880,74,1,0.3,38.4,2,4.9,1,0.8,0.14,0.62,0
281,120,2.341666666666667,2365,62,1,0.23,3.0,0,4.4,0,0.58,0.15,0.54,0
42,3978,0.010558069381598794,89,7,0,32.02,1.0,0,21.2,1,0.9,0.94,0.04,1
451,3223,0.13993174061433447,36,123,0,6.15,8.0,0,20.7,1,0.71,0.5,0.22,1
412,3169,0.13000946670874092,129,157,1,7.62,3.0,0,24.7,1,0.76,0.53,0.06,1
999,470,2.125531914893617,11,115,1,1.46,89.0,1,2.8,0,0.4,0.72,0.41,1
3688,307,12.013029315960912,1831,80,1,0.6,40.0,2,1.8,1,0.77,0.07,0.68,0
600,7,85.71428571428571,1859,67,1,0.18,9.0,0,4.8,0,0.55,0.11,0.88,0
52,653,0.07963246554364471,49,10,0,25.91,2.0,0,21.5,0,0.93,0.74,0.13,1
29,261,0.1111111111111111,408,88,1,0.04,2.0,0,2.7,0,0.9,0.08,0.71,0
1351,62,21.79032258064516,82,150,1,2.82,12.0,0,6.0,0,0.51,0.73,0.42,1
90,4675,0.019251336898395723,86,10,0,32.55,1.0,0,25.2,1,0.95,0.92,0.16,1
9731,85,114.48235294117647,228,75,1,0.12,59.0,4,4.0,0,0.74,0.11,0.93,0
42,6416,0.006546134663341646,36,13,0,15.86,2.0,0,30.0,1,0.87,0.91,0.03,1
197,13,15.153846153846153,663,31,1,0.88,17.0,2,1.3,0,0.55,0.21,0.73,0
445,4266,0.1043131739334271,176,102,0,19.17,5.0,0,25.0,1,0.93,0.89,0.26,1
413,5,82.6,3954,64,1,0.78,79.0,10,5.9,0,0.73,0.19,0.56,0
10,20,0.5,1492,60,1,0.12,3.0,0,1.6,0,0.49,0.09,0.92,0
75,118,0.635593220338983,367,78,1,0.3,22.5,1,5.6,0,0.36,0.22,0.86,0
161,4870,0.033059548254620125,60,133,1,24.05,2.0,0,26.1,1,0.94,0.61,0.25,1
42,4188,0.01002865329512894,91,0,0,34.17,1.0,0,18.5,0,0.99,0.81,0.04,1
181,4904,0.03690864600326264,151,141,1,12.1,6.0,0,28.0,1,0.97,0.78,0.15,1
189,1009,0.18731417244796827,133,140,0,5.98,5.0,0,24.1,0,0.92,0.79,0.29,1
2072,493,4.202839756592292,39,126,1,2.84,27.0,1,9.4,0,0.55,0.58,0.24,1
429,2189,0.19597989949748743,84,104,1,8.42,3.0,0,25.2,1,0.7,0.58,0.09,1
428,33,12.969696969696969,240,17,1,0.66,54.0,3,2.4,0,0.87,0.05,0.54,0
13,4074,0.0031909671084928816,75,0,1,48.33,0.0,0,15.0,1,0.9,0.69,0.11,1
5,85,0.058823529411764705,2943,100,1,0.37,1.5,0,4.8,1,0.85,0.15,0.89,0
336,1808,0.18584070796460178,57,109,0,10.33,0.0,0,28.4,1,0.93,0.68,0.25,1
32,45,0.7111111111111111,1100,81,1,1.65,9.6,0,2.7,1,0.55,0.08,0.8,0
2951,4,737.75,3561,114,1,0.32,2.0,0,4.0,0,0.47,0.24,0.73,0
3030,62,48.87096774193548,917,56,1,0.2,14.0,1,3.9,0,0.63,0.02,0.83,0
94609,89764,1.0539748674301501,430,57,1,13.73,704.0,15,16.6,0,0.8,0.47,0.16,1
76,2907,0.026143790849673203,112,9,0,37.28,2.0,0,21.5,0,0.93,0.69,0.08,1
498,1748,0.28489702517162474,134,159,0,16.31,5.0,0,28.5,1,0.97,0.68,0.24,1
24,5007,0.004793289394847214,94,0,0,18.46,0.0,0,24.6,0,0.97,0.82,0.0,1
64492,14438,4.466823659786674,250,72,1,4.17,628.0,10,22.7,0,0.68,0.51,0.25,1
3262,331,9.854984894259818,70,86,1,3.38,54.0,1,5.5,0,0.33,0.52,0.28,1
366,3114,0.11753371868978806,130,128,1,9.73,0.0,0,23.6,0,0.84,0.86,0.15,1
188,66,2.8484848484848486,3654,134,1,0.82,13.0,1,5.8,1,0.68,0.21,0.63,0
4,451,0.008869179600886918,1000,141,1,1.65,1.2,0,3.8,0,0.77,0.03,0.58,0
2813,326,8.628834355828221,81,98,1,1.99,59.0,0,5.3,1,0.37,0.45,0.42,1
65,1673,0.038852361028093245,172,155,1,23.36,6.0,0,23.0,1,0.83,0.77,0.08,1
47,2,23.5,1790,96,1,0.69,7.0,0,6.4,0,0.49,0.17,0.82,0
24,267,0.0898876404494382,937,89,0,0.12,7.199999999999999,0,2.5,0,0.47,0.09,0.56,0
3691,105,35.15238095238095,57,157,1,1.86,63.0,0,6.5,0,0.46,0.78,0.31,1
32,3909,0.008186236889229983,65,0,0,24.9,0.0,0,19.6,1,0.95,0.77,0.03,1
395,1759,0.2245594087549744,104,123,1,11.13,2.0,0,24.2,1,0.81,0.72,0.07,1
20,3470,0.005763688760806916,40,16,0,49.29,0.0,0,16.6,0,0.91,0.66,0.17,1
20,10,2.0,2099,81,0,0.08,6.0,0,2.7,0,0.76,0.23,0.82,0
138,1282,0.10764430577223089,2809,33,1,1.29,6.0,0,2.2,0,0.53,0.02,0.91,0
293,2634,0.11123766135155656,173,157,1,22.49,1.0,0,29.0,0,0.74,0.9,0.16,1
279,113,2.4690265486725664,427,89,1,0.07,21.0,1,2.4,0,0.47,0.02,0.83,0
74,3046,0.024294156270518712,64,111,0,7.1,8.0,0,29.0,0,0.79,0.89,0.15,1
303,1089,0.27823691460055094,88,146,1,26.88,6.0,0,27.7,0,0.93,0.78,0.24,1
4824,184,26.217391304347824,75,127,1,4.2,85.0,1,9.8,1,0.36,0.71,0.42,1
49,323,0.15170278637770898,3268,75,1,1.3,14.7,1,5.5,0,0.4,0.21,0.59,0
35,5529,0.006330258636281425,66,16,0,47.6,0.0,0,18.6,1,0.9,0.71,0.02,1
603,22,27.40909090909091,503,132,1,0.6,180.9,6,4.6,1,0.43,0.01,0.73,0
66,4647,0.014202711426726921,10,6,0,44.21,1.0,0,21.2,0,0.91,0.6,0.01,1
3419,43,79.51162790697674,3869,64,1,0.88,6.0,0,4.6,0,0.8,0.23,0.69,0
428,1586,0.2698612862547289,132,127,1,19.12,6.0,0,28.5,0,0.77,0.62,0.19,1
17,5595,0.0030384271671134943,77,9,1,26.67,0.0,0,25.5,1,0.97,0.8,0.08,1
1108,11,100.72727272727273,1832,99,1,0.97,36.0,3,2.6,0,0.88,0.09,0.63,0
47,5,9.4,617,74,1,1.05,14.1,0,4.5,1,0.42,0.21,0.68,0
17082,78265,0.2182584808024021,189,34,1,12.51,39.0,1,13.2,1,0.85,0.53,0.38,1
8,3290,0.0024316109422492403,10,0,0,33.48,1.0,0,29.7,0,0.99,0.94,0.08,1
22,35,0.6285714285714286,673,100,1,0.65,1.0,0,6.4,0,0.31,0.1,0.53,0
151,16,9.4375,534,85,0,0.96,9.0,0,3.9,0,0.67,0.03,0.58,0
69202,45064,1.5356382034439908,73,87,1,13.33,369.0,12,19.7,1,0.77,0.42,0.26,1
2646,461,5.739696312364425,15,75,1,1.91,48.0,1,9.0,1,0.56,0.42,0.32,1
171,2898,0.059006211180124224,2191,77,1,1.25,5.0,0,0.2,1,0.7,0.2,0.7,0
62,4983,0.01244230383303231,31,14,0,14.38,2.0,0,20.3,0,0.96,0.92,0.03,1
641,40,16.025,1203,46,1,1.48,5.0,0,1.0,1,0.67,0.15,0.76,0
78,189,0.4126984126984127,1635,78,1,0.34,23.4,1,7.1,0,0.64,0.08,0.62,0
2401,312,7.69551282051282,2462,110,1,6.26,197.0,4,3.2,1,0.36,0.2,0.69,0
157,5676,0.027660324171952078,2050,37,1,0.48,8.0,1,2.1,0,0.91,0.17,0.89,0
37352,96759,0.3860312735766182,341,71,1,13.17,178.0,1,11.4,1,0.68,0.62,0.32,1
1198,10000,0.1198,417,122,1,0.6,14.0,0,6.1,0,0.86,0.22,0.79,0
33701,91756,0.3672893325777061,429,34,1,3.64,224.0,4,11.2,0,0.8,0.33,0.24,1
431,4171,0.10333253416446896,61,111,1,7.0,6.0,0,20.1,0,0.93,0.86,0.3,1
3857,149,25.885906040268456,19,134,1,3.54,87.0,2,4.2,1,0.42,0.69,0.28,1
10,23,0.43478260869565216,852,54,1,0.39,3.0,0,3.1,1,0.36,0.15,0.77,0
201,1431,0.14046121593291405,1137,94,1,0.79,20.0,0,2.9,0,0.31,0.16,0.85,0
94,3770,0.02493368700265252,182,158,0,11.71,3.0,0,21.4,1,0.91,0.57,0.16,1
72059,67502,1.0675091108411603,279,69,1,13.69,576.0,27,13.5,1,0.64,0.42,0.14,1
0,132,0.0,249,158,1,0.93,0.0,0,0.1,0,0.65,0.21,0.87,0
49516,58257,0.8499579449679867,327,48,1,4.67,217.0,1,11.4,1,0.71,0.52,0.26,1
11,85,0.12941176470588237,1908,160,1,0.58,3.3,0,5.3,0,0.51,0.16,0.57,0
2188,76,28.789473684210527,1830,92,1,0.42,86.0,8,5.0,0,0.39,0.02,0.51,0
68,7482,0.0090884790163058,97,0,0,18.97,2.0,0,17.7,1,0.98,0.74,0.08,1
4,6,0.6666666666666666,575,120,1,0.45,1.2,0,0.3,0,0.78,0.19,0.82,0
24,59,0.4067796610169492,944,77,1,0.71,4.0,0,1.6,1,0.85,0.02,0.89,0
923,20,46.15,1686,71,0,1.04,248.0,35,6.7,0,0.83,0.11,0.61,0
161,73,2.2054794520547945,856,73,1,2.11,35.0,2,7.7,0,0.85,0.07,0.67,0
15773,164,96.17682926829268,529,35,1,0.56,7.0,0,6.0,0,0.65,0.11,0.94,0
12,26,0.46153846153846156,855,144,1,1.0,3.5999999999999996,0,0.2,0,0.88,0.13,0.66,0
63,3025,0.020826446280991735,64,0,0,46.99,1.0,0,19.6,1,0.98,0.65,0.02,1
10786,44,245.13636363636363,3350,38,1,0.26,16.0,1,0.4,1,0.83,0.03,0.61,0
3580,298,12.013422818791947,6,142,1,3.21,64.0,1,2.5,1,0.63,0.73,0.47,1
1,6728,0.00014863258026159333,30,10,0,27.02,0.0,0,16.4,0,0.87,0.64,0.05,1
67508,72827,0.926963900751095,293,81,1,9.15,296.0,11,22.9,1,0.76,0.53,0.24,1
57,4,14.25,1003,87,0,0.68,17.099999999999998,0,1.4,0,0.77,0.01,0.82,0
56,128,0.4375,1538,31,1,0.12,6.0,0,3.9,1,0.92,0.19,0.83,0
24,807,0.02973977695167286,684,100,1,0.25,1.0,0,1.6,0,0.84,0.18,0.79,0
38,17,2.235294117647059,3068,126,1,1.08,1.0,0,0.5,1,0.61,0.04,0.66,0
206,401,0.513715710723192,2651,90,1,3.23,24.0,2,7.8,1,0.39,0.11,0.67,0
54,36,1.5,2378,95,1,0.87,0.0,0,2.1,0,0.93,0.08,0.77,0
61,43,1.4186046511627908,3581,90,1,0.73,16.0,1,7.1,0,0.71,0.04,0.71,0
27060,95591,0.283081043194443,333,41,1,9.87,136.0,4,22.3,1,0.72,0.65,0.34,1
136,2189,0.06212882594792143,188,32,1,0.47,40.8,4,7.7,0,0.65,0.21,0.65,0
518,64,8.09375,3743,102,1,2.0,4.0,0,6.0,0,0.45,0.05,0.69,0
396,282,1.4042553191489362,3350,86,1,0.01,9.0,1,7.5,0,0.45,0.06,0.71,0
235,2780,0.08453237410071943,174,128,0,14.88,7.0,0,22.3,1,0.97,0.89,0.28,1
77,6639,0.011598132248832655,36,16,0,40.36,2.0,0,25.6,0,0.89,0.97,0.16,1
12939,56884,0.2274629069685676,443,70,1,3.78,108.0,5,23.6,0,0.74,0.42,0.26,1
208,2799,0.07431225437656305,44,103,1,6.56,2.0,0,28.4,0,0.81,0.58,0.28,1
29,2847,0.010186160871092378,5,0,1,28.3,1.0,0,26.5,1,0.93,0.79,0.05,1
448,58,7.724137931034483,3214,70,1,0.92,93.0,6,7.0,0,0.39,0.15,0.81,0
16,44,0.36363636363636365,1446,83,1,0.23,4.8,0,5.7,0,0.95,0.18,0.73,0
72,6408,0.011235955056179775,104,0,0,49.58,1.0,0,17.6,1,0.98,0.71,0.01,1
404,1521,0.2656147271531887,172,128,1,25.49,4.0,0,26.0,0,0.96,0.86,0.27,1
148,1173,0.12617220801364024,112,107,0,8.77,0.0,0,22.6,0,0.75,0.82,0.12,1
185,2281,0.08110477860587462,86,153,1,20.61,8.0,0,24.2,1,0.89,0.73,0.13,1
37,45,0.8222222222222222,523,50,1,0.29,11.1,0,4.8,0,0.79,0.07,0.61,0
47,3654,0.012862616310892173,8,0,0,21.86,1.0,0,25.5,1,0.9,0.92,0.08,1
37,5904,0.006266937669376694,58,16,0,33.88,0.0,0,19.7,0,1.0,0.79,0.08,1
17446,75,232.61333333333334,2258,106,1,0.91,56.0,7,3.5,0,0.8,0.15,0.53,0
4154,357,11.635854341736694,13,142,1,4.5,70.0,0,9.8,0,0.34,0.68,0.36,1
3191,11,290.09090909090907,920,99,1,1.25,6.0,0,3.7,0,0.55,0.03,0.68,0
126,75,1.68,898,136,1,0.01,3.0,0,4.8,0,0.68,0.12,0.76,0
5171,249,20.76706827309237,3930,125,1,1.54,3.0,0,7.2,1,0.49,0.03,0.7,0
380,3334,0.11397720455908818,14,124,1,7.08,0.0,0,29.6,1,0.94,0.68,0.11,1
68,3,22.666666666666668,1568,102,1,0.38,18.0,0,5.0,0,0.91,0.07,0.93,0
122,1871,0.06520577231427044,3128,42,1,1.33,2.0,0,3.9,0,0.34,0.14,0.86,0
7,398,0.017587939698492462,805,31,1,1.67,2.1,0,5.8,1,0.54,0.12,0.58,0
17,206,0.0825242718446602,1335,70,1,0.83,2.0,0,0.1,0,0.67,0.23,0.73,0
208,102,2.0392156862745097,872,82,1,1.48,9.0,0,6.4,1,0.41,0.04,0.87,0
54,937,0.0576307363927428,40,7,0,27.47,0.0,0,18.8,1,0.89,0.93,0.2,1
1819,78,23.32051282051282,2770,48,0,1.47,34.0,4,2.6,0,0.39,0.13,0.57,0
9,34,0.2647058823529412,2497,80,1,0.37,2.6999999999999997,0,0.6,0,0.57,0.08,0.94,0
58,34,1.7058823529411764,2098,52,1,2.96,7.0,0,3.4,1,0.77,0.1,0.55,0
1835,165,11.121212121212121,597,30,1,1.58,2.0,0,0.6,0,0.44,0.17,0.74,0
83209,36412,2.2852081731297376,304,50,1,3.96,382.0,8,21.3,1,0.76,0.46,0.21,1
23,4063,0.005660841742554762,54,0,0,32.91,1.0,0,27.6,1,0.91,0.6,0.04,1
24,141,0.1702127659574468,3946,64,1,1.94,7.199999999999999,0,1.4,0,0.85,0.16,0.79,0
16,3094,0.005171299288946348,98,14,1,10.39,0.0,0,22.0,1,0.98,0.67,0.1,1
434,97,4.474226804123711,468,42,1,0.12,4.0,0,6.3,0,0.4,0.2,0.79,0
214,652,0.3282208588957055,302,63,1,0.92,15.0,0,6.6,0,0.83,0.08,0.76,0
704,16,44.0,1062,110,1,0.4,12.0,0,3.6,1,0.71,0.09,0.88,0
1300,52,25.0,1623,94,1,0.22,55.0,7,0.4,0,0.7,0.11,0.61,0
77,4049,0.01901704124475179,30,116,0,6.29,6.0,0,29.2,0,0.88,0.79,0.25,1
65664,20284,3.2372313153224215,464,55,1,14.57,303.0,1,12.2,0,0.91,0.62,0.34,1
1157,87,13.298850574712644,477,39,1,0.49,37.0,3,2.0,1,0.7,0.24,0.8,0
2537,326,7.782208588957055,88,112,1,4.13,44.0,1,2.3,1,0.63,0.78,0.33,1
78,4410,0.017687074829931974,28,0,0,44.25,2.0,0,24.7,0,0.86,0.98,0.06,1
8,3,2.6666666666666665,2442,59,1,0.08,2.4,0,7.9,0,0.63,0.11,0.9,0
25,10,2.5,500,42,1,0.53,7.5,0,4.1,0,0.67,0.03,0.95,0
1463,8,182.875,545,41,1,1.53,3.0,0,4.2,0,0.91,0.24,0.56,0
70,2818,0.0248403122782115,16,0,0,39.2,0.0,0,29.8,0,0.97,0.72,0.15,1
88,4080,0.021568627450980392,114,18,1,15.52,0.0,0,24.6,1,0.88,0.75,0.16,1
92,2610,0.03524904214559387,57,12,0,18.44,1.0,0,27.8,1,0.99,0.74,0.02,1
166,199,0.8341708542713567,3869,25,1,0.46,4.0,0,5.1,1,0.7,0.16,0.57,0
264,364,0.7252747252747253,2466,91,1,0.57,4.0,0,3.6,0,0.56,0.18,0.89,0
21,5406,0.00388457269700333,26,0,0,19.31,0.0,0,24.2,1,0.86,0.88,0.18,1
264,4366,0.060467246907924876,27,135,1,19.07,9.0,0,20.6,1,0.82,0.82,0.14,1
7,3886,0.0018013381369016985,4,13,1,12.47,1.0,0,28.8,1,0.98,0.63,0.06,1
67,4661,0.014374597725809912,76,0,0,40.71,2.0,0,21.6,1,0.87,0.95,0.11,1
113,92,1.2282608695652173,3086,36,1,0.29,2.0,0,8.0,0,0.59,0.18,0.9,0
1416,432,3.2777777777777777,2213,76,1,1.15,24.0,1,0.9,0,0.39,0.07,0.73,0
78,267,0.29213483146067415,228,86,1,0.62,0.0,0,3.0,0,0.52,0.23,0.52,0
239,204,1.1715686274509804,3394,100,1,0.98,1.0,0,6.9,0,0.81,0.24,0.6,0
225,43,5.232558139534884,1104,105,1,0.64,28.0,2,1.1,0,0.48,0.12,0.63,0
3225,173,18.641618497109828,3052,71,1,0.31,7.0,0,8.0,0,0.77,0.17,0.59,0
4954,201,24.64676616915423,3820,124,1,1.54,42.0,3,8.0,1,0.37,0.08,0.51,0
85,333,0.2552552552552553,3043,78,0,1.18,3.0,0,4.0,1,0.57,0.2,0.85,0
72959,62587,1.1657213159282278,217,45,1,12.39,326.0,11,10.9,1,0.77,0.56,0.11,1
302,4863,0.06210158338474193,169,102,1,26.05,9.0,0,22.9,0,0.9,0.62,0.06,1
91,2046,0.04447702834799609,104,12,0,24.96,0.0,0,20.2,1,0.91,0.79,0.15,1
212,2953,0.07179139857771757,2768,57,1,1.28,2.0,0,4.9,1,0.66,0.02,0.58,0
1647,330,4.990909090909091,53,158,1,4.51,20.0,0,2.5,0,0.48,0.62,0.44,1
60548,89700,0.6750055741360089,152,47,1,14.16,97.0,1,10.7,1,0.88,0.47,0.37,1
18749,84,223.20238095238096,3839,114,1,0.2,3.0,0,7.7,1,0.63,0.01,0.64,0
1611,75,21.48,418,64,0,1.36,9.0,1,7.5,1,0.55,0.02,0.59,0
89,6472,0.013751545117428925,67,0,0,32.7,0.0,0,26.5,1,0.96,0.74,0.1,1
20,2360,0.00847457627118644,29,18,0,24.72,0.0,0,20.1,0,0.93,0.87,0.11,1
69059,18571,3.718647353400463,321,82,1,4.64,103.0,2,13.8,1,0.63,0.36,0.16,1
2138,134,15.955223880597014,907,90,1,0.07,26.0,0,4.8,0,0.68,0.05,0.54,0
204,90,2.2666666666666666,3289,33,1,0.6,47.0,3,1.0,0,0.59,0.05,0.67,0
349,3179,0.10978295061340045,141,148,0,14.82,5.0,0,23.8,0,0.77,0.9,0.05,1
49914,94578,0.5277548689970183,189,77,1,6.66,191.0,3,22.7,0,0.88,0.42,0.12,1
85,451,0.188470066518847,3740,77,1,0.16,14.0,0,7.3,0,0.33,0.15,0.75,0
18,6826,0.002636976267213595,15,0,0,46.8,2.0,0,28.0,0,0.93,0.93,0.09,1
200,34,5.882352941176471,398,82,1,1.43,52.0,2,0.3,0,0.5,0.03,0.71,0
395,53,7.452830188679245,2976,94,0,0.13,24.0,2,4.6,1,0.85,0.19,0.82,0
78,4229,0.018444076613856705,42,138,1,24.34,8.0,0,22.0,1,0.9,0.58,0.08,1
88,3329,0.0264343646740763,144,134,1,11.56,1.0,0,20.5,1,0.82,0.56,0.22,1
1580,192,8.229166666666666,1906,121,1,0.97,13.0,0,3.3,0,0.41,0.08,0.6,0
37,78,0.47435897435897434,3041,29,1,0.56,11.1,0,6.1,0,0.87,0.14,0.61,0
453,1587,0.28544423440453687,95,135,0,12.7,0.0,0,29.7,0,0.71,0.56,0.16,1
92,119,0.773109243697479,895,50,1,0.76,27.599999999999998,3,6.4,1,0.65,0.03,0.88,0
83,1964,0.04226069246435845,27,0,0,31.13,0.0,0,17.8,1,0.98,0.95,0.16,1
5,231,0.021645021645021644,3657,65,1,0.08,0.0,0,3.0,1,0.55,0.15,0.73,0
48,45,1.0666666666666667,1601,88,1,0.71,14.399999999999999,1,1.9,1,0.93,0.15,0.94,0
86,33,2.606060606060606,1295,29,1,1.9,7.0,0,6.3,0,0.52,0.2,0.77,0
5,1325,0.0037735849056603774,2313,70,1,1.07,1.5,0,7.3,0,0.5,0.2,0.72,0
20,7259,0.0027552004408320707,11,0,0,27.03,2.0,0,23.3,1,0.86,0.87,0.16,1
318,12,26.5,424,70,1,0.82,1.0,0,2.2,1,0.73,0.1,0.58,0
357,4935,0.07234042553191489,113,145,1,9.28,4.0,0,24.2,0,0.82,0.78,0.15,1
185,6,30.833333333333332,2013,65,0,0.22,55.5,3,7.4,1,0.7,0.17,0.73,0
61,1183,0.05156382079459002,60,6,1,27.57,2.0,0,23.9,1,0.92,0.75,0.01,1
27968,7885,3.5469879518072287,289,79,1,5.36,45.0,1,18.3,0,0.65,0.37,0.31,1
46,15,3.066666666666667,2736,1,1,0.72,5.0,0,1.3,0,0.66,0.14,0.59,0
122,50,2.44,3631,57,0,0.02,4.0,0,2.6,1,0.9,0.03,0.75,0
69,4442,0.015533543448896894,39,15,1,11.89,1.0,0,17.9,1,0.96,0.98,0.13,1
1,33,0.030303030303030304,795,84,1,1.0,0.3,0,3.3,1,0.7,0.23,0.8,0
236,118,2.0,3075,66,1,2.31,52.0,7,4.4,0,0.86,0.08,0.57,0
558,111,5.027027027027027,2770,131,1,0.26,3.0,0,6.0,0,0.53,0.01,0.51,0
52749,24585,2.1455765710799266,279,89,1,8.21,522.0,15,19.3,0,0.77,0.42,0.1,1
3781,387,9.770025839793282,40,117,1,1.93,75.0,2,2.5,1,0.47,0.73,0.49,1
53,1829,0.028977583378895572,50,103,1,27.64,0.0,0,26.3,1,0.96,0.54,0.28,1
909,299,3.040133779264214,1403,110,1,0.92,10.0,0,0.3,1,0.68,0.13,0.92,0
60,6,10.0,833,91,1,0.84,18.0,1,7.6,1,0.46,0.23,0.92,0
11,5,2.2,467,132,1,0.26,0.0,0,3.8,0,0.83,0.11,0.77,0
277,244,1.1352459016393444,1134,85,1,0.41,6.0,0,1.7,0,0.93,0.04,0.77,0
413,3207,0.12878079201746181,77,109,1,19.96,7.0,0,27.9,1,0.73,0.75,0.25,1
258,25,10.32,3679,144,1,0.43,3.0,0,2.1,0,0.59,0.22,0.66,0
69,2395,0.02881002087682672,35,0,1,24.6,0.0,0,29.3,1,0.9,0.94,0.11,1
292,3723,0.0784313725490196,110,145,0,11.07,2.0,0,20.6,0,0.73,0.83,0.1,1
463,143,3.237762237762238,65,159,1,4.51,14.0,0,6.9,0,0.57,0.65,0.37,1
2536,131,19.358778625954198,17,85,1,4.63,54.0,0,8.4,1,0.5,0.64,0.38,1
228,19,12.0,2828,111,1,0.55,41.0,4,5.0,1,0.32,0.07,0.7,0
871,332,2.6234939759036147,2105,106,1,0.09,6.0,0,1.5,0,0.44,0.22,0.84,0
5607,76,73.77631578947368,1988,72,1,0.0,40.0,2,6.9,1,0.46,0.14,0.54,0
14,1155,0.012121212121212121,51,0,0,28.05,0.0,0,17.4,1,1.0,0.61,0.06,1
53,827,0.06408706166868199,74,10,0,21.36,2.0,0,19.1,1,0.95,0.98,0.08,1
55,2507,0.021938571998404467,27,131,1,11.76,8.0,0,22.1,0,0.72,0.6,0.26,1
22,12,1.8333333333333333,1489,45,1,1.85,3.0,0,1.5,0,0.78,0.23,0.57,0
21,421,0.0498812351543943,366,78,1,1.01,6.3,0,0.0,0,0.8,0.05,0.72,0
41518,77941,0.5326849796641049,455,63,1,3.05,370.0,14,12.5,1,0.64,0.42,0.21,1
92,736,0.125,42,0,1,47.14,0.0,0,22.5,0,0.94,0.84,0.09,1
7,39,0.1794871794871795,3464,93,1,0.08,2.1,0,1.5,1,0.73,0.23,0.68,0
773,6,128.83333333333334,475,67,1,1.66,8.0,0,4.5,0,0.6,0.24,0.63,0
7,2,3.5,1418,84,1,0.84,2.1,0,1.3,0,0.53,0.1,0.58,0
1032,88,11.727272727272727,420,75,1,0.92,39.0,4,0.4,0,0.75,0.08,0.57,0
1237,7,176.71428571428572,1018,83,1,0.28,1.0,0,4.2,0,0.85,0.06,0.77,0
1316,465,2.8301075268817204,3552,48,1,0.21,2.0,0,4.3,1,0.8,0.08,0.93,0
41,58,0.7068965517241379,1832,55,1,1.74,7.0,0,5.7,0,0.58,0.06,0.67,0
455,39,11.666666666666666,3256,160,1,0.57,7.0,0,8.0,1,0.69,0.22,0.81,0
104,188,0.5531914893617021,3954,40,1,0.49,11.0,1,7.9,1,0.36,0.18,0.63,0
1503,402,3.7388059701492535,31,89,1,1.77,69.0,2,4.1,1,0.49,0.72,0.44,1
28756,46841,0.6139066202685681,489,68,1,3.9,254.0,5,14.9,0,0.8,0.58,0.33,1
56,370,0.15135135135135136,2044,125,1,1.86,1.0,0,6.2,1,0.32,0.1,0.56,0
1332,8,166.5,3720,80,1,0.26,28.0,4,1.1,0,0.48,0.07,0.68,0
107,705,0.15177304964539007,870,68,1,0.31,14.0,0,6.5,0,0.47,0.08,0.61,0
54760,98752,0.5545204147764096,410,81,1,10.06,258.0,4,10.8,0,0.61,0.32,0.39,1
24,109,0.22018348623853212,2922,130,1,2.03,7.199999999999999,0,0.8,1,0.93,0.24,0.69,0
71,363,0.19559228650137742,2347,9,1,0.51,21.3,0,6.5,1,0.6,0.14,0.82,0
2570,231,11.125541125541126,73,124,1,3.45,89.0,4,7.2,0,0.56,0.48,0.41,1
6,90,0.06666666666666667,190,33,1,0.26,1.7999999999999998,0,4.0,0,0.59,0.11,0.77,0
180,2242,0.08028545941123996,193,148,1,16.19,1.0,0,28.4,0,0.7,0.56,0.18,1
26,12,2.1666666666666665,1060,53,1,0.4,3.0,0,4.1,1,0.83,0.12,0.57,0
343,2051,0.16723549488054607,54,114,1,22.28,9.0,0,23.1,0,0.97,0.74,0.11,1
11,14,0.7857142857142857,3944,45,1,0.53,3.3,0,3.7,0,0.81,0.09,0.94,0
401,3272,0.12255501222493888,123,114,1,23.03,8.0,0,24.1,0,0.86,0.62,0.16,1
1184,14,84.57142857142857,2644,51,1,0.35,16.0,1,7.4,0,0.31,0.11,0.87,0
3800,79,48.10126582278481,1806,81,1,0.81,0.0,0,3.9,0,0.82,0.1,0.67,0
237,65,3.646153846153846,3736,103,1,0.14,6.0,0,5.5,1,0.32,0.05,0.68,0
397,1015,0.39113300492610836,31,128,1,29.56,0.0,0,23.2,1,0.94,0.74,0.19,1
60,13,4.615384615384615,330,159,1,2.66,1.0,0,5.8,0,0.87,0.03,0.86,0
4039,100,40.39,75,114,1,4.26,63.0,2,5.1,0,0.54,0.65,0.43,1
8,194,0.041237113402061855,180,95,1,0.06,2.4,0,6.6,0,0.43,0.15,0.87,0
157,384,0.4088541666666667,2212,76,1,0.22,2.0,0,3.0,1,0.51,0.05,0.65,0
4784,109,43.88990825688074,33,99,1,2.19,93.0,3,7.8,0,0.68,0.75,0.43,1
265,3744,0.07077991452991453,100,103,0,6.44,4.0,0,28.6,0,0.73,0.78,0.06,1
254,19,13.368421052631579,1489,98,1,0.41,1.0,0,3.9,1,0.66,0.17,0.51,0
25,23,1.0869565217391304,662,52,1,0.53,7.5,1,7.7,0,0.55,0.22,0.89,0
1416,513,2.760233918128655,1034,152,1,4.6,94.0,2,0.5,1,0.78,0.03,0.78,0
39,51,0.7647058823529411,1278,52,1,0.51,11.7,0,3.3,0,0.64,0.0,0.92,0
66,252,0.2619047619047619,3171,108,1,0.2,19.8,0,1.9,1,0.84,0.09,0.84,0
26,219,0.1187214611872146,535,105,1,1.4,7.8,0,6.9,0,0.87,0.19,0.88,0
93,6900,0.013478260869565217,78,0,0,46.82,2.0,0,29.0,0,0.87,0.64,0.04,1
149,2565,0.058089668615984406,126,122,0,24.89,2.0,0,24.0,1,0.98,0.6,0.14,1
113,4368,0.025869963369963368,66,104,1,26.94,2.0,0,24.5,1,0.82,0.52,0.27,1
295,80,3.6875,2258,108,1,1.88,2.0,0,4.4,1,0.58,0.21,0.86,0
43,5549,0.007749143989908091,27,0,1,33.25,1.0,0,15.8,0,0.97,0.82,0.14,1
60,48,1.25,1098,160,1,1.13,18.0,1,7.4,0,0.58,0.2,0.87,0
38,24,1.5833333333333333,2898,112,1,1.94,11.4,1,3.2,1,0.47,0.24,0.64,0
766,20,38.3,2171,45,1,0.47,47.0,4,2.3,0,0.82,0.06,0.64,0
513,5511,0.09308655416439847,270,85,1,0.02,26.0,0,4.9,0,0.62,0.08,0.74,0
96638,64251,1.5040699755645826,90,69,1,9.11,146.0,5,14.6,0,0.74,0.36,0.1,1
4913,102,48.166666666666664,49,67,1,1.63,21.0,0,2.5,1,0.66,0.45,0.39,1
87,67,1.2985074626865671,2540,37,1,0.24,6.0,0,4.5,1,0.93,0.09,0.81,0
153,2330,0.06566523605150215,27,151,1,8.63,1.0,0,22.8,1,0.77,0.7,0.28,1
22,3608,0.006097560975609756,11,0,0,47.91,1.0,0,28.9,0,0.92,0.93,0.15,1
229,19,12.052631578947368,3207,7,1,0.25,45.0,2,7.9,0,0.87,0.2,0.79,0
11,10,1.1,1395,47,1,1.34,3.3,0,6.8,1,0.31,0.15,0.71,0
57,5404,0.010547742413027387,33,0,0,27.67,0.0,0,28.1,1,0.88,0.61,0.01,1
1044,484,2.15702479338843,61,145,1,3.1,27.0,0,6.5,1,0.33,0.74,0.39,1
299,4306,0.06943799349744542,186,141,0,9.38,5.0,0,23.6,1,0.8,0.59,0.27,1
14,115,0.12173913043478261,882,17,1,0.49,4.2,0,1.4,0,0.41,0.17,0.69,0
1367,189,7.232804232804233,3055,96,1,0.25,56.0,8,1.5,1,0.49,0.24,0.94,0
167,152,1.0986842105263157,3491,83,1,0.0,19.0,0,1.6,1,0.47,0.08,0.66,0
996,74,13.45945945945946,3487,18,0,1.0,2.0,0,6.4,0,0.38,0.07,0.94,0
264,2878,0.0917303683113273,67,118,1,5.81,9.0,0,26.5,0,0.83,0.52,0.21,1
9,3610,0.002493074792243767,35,0,0,45.06,0.0,0,27.5,1,0.92,0.61,0.1,1
86,2956,0.029093369418132613,97,0,0,21.57,0.0,0,16.1,1,0.9,0.87,0.01,1
23,422,0.054502369668246446,1455,127,1,0.54,2.0,0,1.7,1,0.93,0.07,0.6,0
269,77,3.4935064935064934,1879,14,1,0.67,9.0,1,6.5,1,0.58,0.21,0.66,0
20,7395,0.002704530087897228,46,0,0,27.81,0.0,0,21.6,0,0.92,0.98,0.11,1
86009,65718,1.3087586353814784,416,54,1,5.51,792.0,11,21.0,0,0.63,0.65,0.2,1
179,60,2.9833333333333334,1346,98,1,0.43,17.0,2,7.8,1,0.9,0.02,0.65,0
44218,56452,0.7832849146177283,428,96,1,9.65,323.0,3,14.8,1,0.72,0.66,0.13,1
338,21,16.095238095238095,2782,80,1,2.2,101.39999999999999,12,5.1,1,0.94,0.07,0.59,0
95,1390,0.0683453237410072,1211,45,1,0.42,28.5,3,3.8,1,0.84,0.22,0.69,0
670,263,2.547528517110266,2952,38,1,1.72,85.0,12,0.4,0,0.47,0.21,0.66,0
340,1330,0.2556390977443609,126,146,1,17.56,3.0,0,29.7,1,0.84,0.55,0.06,1
38,49,0.7755102040816326,1860,42,1,0.73,11.4,1,3.1,1,0.59,0.01,0.87,0
8646,18,480.3333333333333,514,103,1,0.33,12.0,1,5.6,1,0.34,0.13,0.77,0
562,2759,0.20369699166364624,1013,65,1,0.25,4.0,0,3.7,1,0.77,0.08,0.79,0
372,120,3.1,2379,86,1,0.42,2.0,0,5.2,0,0.71,0.03,0.64,0
45,5440,0.008272058823529412,24,0,0,45.38,1.0,0,22.3,0,0.95,0.72,0.17,1
48,77,0.6233766233766234,1348,55,1,0.05,14.399999999999999,1,1.7,1,0.57,0.09,0.74,0
12,2678,0.004480955937266617,58,0,0,30.84,2.0,0,19.9,1,0.86,0.95,0.03,1
107,3130,0.034185303514377,196,115,1,10.91,8.0,0,24.8,1,0.94,0.84,0.24,1
17,6586,0.00258123291831157,43,5,0,38.57,0.0,0,16.0,0,0.91,0.89,0.18,1
114,62,1.8387096774193548,1699,141,1,0.32,2.0,0,0.7,1,0.63,0.01,0.68,0
849,445,1.9078651685393258,2863,38,1,1.33,2.0,0,7.3,0,0.63,0.2,0.79,0
37,213,0.17370892018779344,2927,115,1,0.14,11.1,0,2.9,0,0.78,0.23,0.53,0
212,3409,0.062188325022000585,127,131,1,6.95,5.0,0,27.1,1,0.76,0.81,0.2,1
846,66,12.818181818181818,831,95,1,0.72,10.0,1,7.6,0,0.86,0.16,0.6,0
7,33,0.21212121212121213,964,27,1,0.86,2.1,0,4.8,1,0.35,0.24,0.63,0
147,51,2.8823529411764706,2527,113,1,0.2,44.1,6,5.6,1,0.51,0.23,0.9,0
1576,3027,0.5206475057813016,372,59,1,0.13,22.0,1,2.0,0,0.47,0.12,0.68,0
35,5583,0.0062690309869245925,40,19,0,35.2,2.0,0,28.4,1,0.96,0.68,0.19,1
461,5577,0.08266092881477496,1050,102,1,1.21,3.0,0,7.5,0,0.73,0.1,0.71,0
137,4236,0.032341831916902736,21,150,1,17.4,3.0,0,25.7,1,0.93,0.9,0.13,1
23,3083,0.007460265974699967,15,10,0,40.2,1.0,0,22.2,1,0.95,0.62,0.02,1
63,121,0.5206611570247934,2027,102,1,0.47,12.0,0,5.1,1,0.35,0.25,0.62,0
96,3110,0.030868167202572346,112,0,0,30.7,2.0,0,21.1,1,0.88,0.93,0.01,1
93,6565,0.014166031987814166,33,0,0,37.55,0.0,0,25.7,1,0.94,0.72,0.11,1
183,38,4.815789473684211,851,37,1,1.52,3.0,0,4.3,0,0.32,0.03,0.54,0
292,74,3.945945945945946,275,104,1,0.26,8.0,0,4.9,0,0.77,0.22,0.8,0
263,391,0.6726342710997443,3365,124,1,0.02,9.0,1,6.9,0,0.78,0.1,0.59,0
95,179,0.5307262569832403,3639,51,1,0.12,28.5,1,2.2,0,0.76,0.24,0.83,0
3583,355,10.092957746478874,12,108,1,2.98,9.0,0,8.0,0,0.3,0.57,0.47,1
50,193,0.25906735751295334,1525,83,1,0.93,2.0,0,0.5,0,0.92,0.22,0.95,0
29,855,0.03391812865497076,1716,73,1,0.38,2.0,0,0.4,0,0.58,0.05,0.87,0
2338,13,179.84615384615384,1098,80,1,0.03,2.0,0,1.4,0,0.48,0.24,0.76,0
23087,64771,0.356440382269843,429,67,1,8.65,229.0,6,10.3,0,0.72,0.67,0.29,1
88,4223,0.020838266635093534,90,124,0,24.33,9.0,0,21.7,0,0.8,0.57,0.27,1
70,65,1.0769230769230769,3947,100,1,1.43,2.0,0,5.2,0,0.71,0.06,0.67,0
43478,32961,1.3190740572191377,330,83,1,8.4,226.0,8,10.9,1,0.92,0.64,0.22,1
611,288,2.1215277777777777,3288,80,1,0.14,9.0,0,0.7,1,0.61,0.16,0.57,0
967,66,14.651515151515152,2023,90,1,1.02,20.0,2,3.1,1,0.85,0.12,0.56,0
31,880,0.035227272727272725,3106,20,1,1.1,4.0,0,0.4,0,0.32,0.12,0.9,0
1239,138,8.978260869565217,3475,15,1,0.47,18.0,0,3.0,0,0.33,0.17,0.88,0
192,263,0.7300380228136882,863,96,1,1.67,36.0,3,7.1,1,0.34,0.12,0.62,0
45,49,0.9183673469387755,1951,55,1,0.76,13.5,0,3.8,1,0.74,0.14,0.79,0
79648,77516,1.027503999174364,310,96,1,12.98,395.0,14,21.1,0,0.95,0.65,0.1,1
42,100,0.42,347,66,1,0.17,12.6,1,0.0,0,0.35,0.05,0.67,0
89,161,0.5527950310559007,2876,75,1,1.44,10.0,0,4.9,0,0.81,0.05,0.83,0
4131,58,71.22413793103448,78,81,1,2.41,99.0,2,5.2,0,0.56,0.52,0.31,1
4,4490,0.0008908685968819599,101,5,0,44.05,0.0,0,19.1,1,0.99,0.63,0.12,1
90,144,0.625,478,95,1,1.54,24.0,2,4.2,0,0.57,0.05,0.63,0
463,4742,0.0976381273724167,163,131,1,10.64,4.0,0,27.3,1,0.86,0.68,0.17,1
97,5202,0.018646674356016916,37,7,0,36.58,2.0,0,21.0,0,0.93,0.81,0.19,1
70,2098,0.03336510962821735,58,0,1,41.43,1.0,0,23.1,1,0.88,0.83,0.15,1
73,1092,0.06684981684981685,16,0,0,18.06,1.0,0,24.3,0,0.97,0.85,0.02,1
10,19,0.5263157894736842,2637,102,1,0.62,3.0,0,4.7,0,0.85,0.23,0.53,0
30,3645,0.00823045267489712,112,7,0,26.35,0.0,0,16.5,0,0.91,0.62,0.11,1
76,1921,0.03956272774596564,67,15,0,41.36,2.0,0,18.2,1,0.93,0.72,0.16,1
155,77,2.012987012987013,1157,89,1,0.47,4.0,0,4.4,0,0.81,0.19,0.66,0
779,153,5.091503267973856,55,75,1,1.63,36.0,1,9.6,1,0.68,0.74,0.41,1
82240,27474,2.9933755550702483,161,36,1,4.8,88.0,2,18.8,0,0.92,0.36,0.33,1
60051,26073,2.303187205154758,151,32,1,8.12,293.0,9,13.5,0,0.87,0.45,0.3,1
28,263,0.10646387832699619,1586,91,1,1.13,8.4,0,2.1,0,0.88,0.12,0.93,0
86,4252,0.02022577610536218,3,0,0,22.04,1.0,0,27.3,0,0.87,0.74,0.06,1
30,2788,0.010760401721664276,16,8,0,22.66,2.0,0,24.8,0,0.96,0.82,0.11,1
351,28,12.535714285714286,3318,109,1,0.56,105.3,13,4.4,0,0.62,0.2,0.68,0
26,6658,0.0039050765995794533,107,0,0,14.79,2.0,0,27.7,1,0.86,0.73,0.08,1
74,65,1.1384615384615384,3045,66,1,0.12,2.0,0,0.4,0,0.84,0.09,0.89,0
274,193,1.4196891191709844,837,88,1,0.11,11.0,0,3.7,0,0.9,0.02,0.64,0
56,24,2.3333333333333335,1287,91,1,0.23,16.8,1,4.6,0,0.89,0.0,0.8,0
179,4761,0.03759714345725688,159,144,0,24.24,2.0,0,25.8,1,0.94,0.57,0.09,1
91,3597,0.02529886016124548,104,12,0,45.36,0.0,0,25.9,0,0.88,1.0,0.16,1
230,1105,0.2081447963800905,3270,59,1,1.29,32.0,2,1.4,1,0.59,0.09,0.75,0
16,159,0.10062893081761007,258,86,1,0.93,2.0,0,6.2,0,0.48,0.18,0.92,0
38,3,12.666666666666666,806,124,1,0.16,4.0,0,6.5,0,0.92,0.23,0.57,0
1268,159,7.9748427672955975,2969,106,1,1.12,10.0,0,7.2,0,0.89,0.05,0.8,0
94,4020,0.023383084577114428,115,113,0,21.7,1.0,0,29.8,0,0.75,0.81,0.29,1
82,4,20.5,2876,79,1,0.37,24.599999999999998,2,3.3,1,0.32,0.17,0.95,0
220,3329,0.06608591168519075,128,126,1,29.83,9.0,0,27.1,0,0.75,0.64,0.27,1
73308,49840,1.4708667736757624,422,58,1,12.64,94.0,3,12.0,0,0.86,0.35,0.31,1
87,989,0.08796764408493428,63,8,0,26.21,1.0,0,25.4,1,0.85,0.84,0.1,1
3501,19,184.26315789473685,1172,99,1,0.51,8.0,1,5.7,1,0.4,0.0,0.78,0
99,4628,0.02139152981849611,93,9,0,17.1,1.0,0,27.0,1,0.94,0.96,0.12,1
1810,35,51.714285714285715,3053,71,1,1.6,30.0,3,3.1,0,0.33,0.2,0.59,0
855,24,35.625,1554,66,1,0.04,47.0,3,2.7,0,0.93,0.12,0.87,0
349,4,87.25,988,97,1,0.5,32.0,3,2.7,0,0.33,0.15,0.57,0
14830,41046,0.36130195390537445,498,34,1,3.27,59.0,0,24.3,1,0.61,0.39,0.28,1
30174,52043,0.5797897892127664,264,54,1,6.33,80.0,1,23.1,1,0.89,0.47,0.32,1
4918,457,10.761487964989058,21,140,1,4.27,60.0,0,7.7,0,0.66,0.8,0.21,1
151,2912,0.05185439560439561,39,122,0,19.98,0.0,0,25.0,1,0.94,0.73,0.17,1
3387,299,11.327759197324415,2778,50,1,0.34,1.0,0,3.0,1,0.36,0.21,0.88,0
171,879,0.1945392491467577,1134,153,0,0.83,1.0,0,3.9,0,0.83,0.12,0.95,0
3,13,0.23076923076923078,2162,69,1,0.23,0.8999999999999999,0,2.3,0,0.77,0.07,0.75,0
39,7376,0.005287418655097614,113,0,1,17.65,1.0,0,29.4,0,0.86,0.92,0.04,1
5,150,0.03333333333333333,603,85,1,0.31,1.5,0,4.9,0,0.35,0.08,0.64,0
66,102,0.6470588235294118,1230,77,1,3.24,6.0,0,1.3,0,0.64,0.04,0.91,0
126,17,7.411764705882353,3203,80,1,0.92,26.0,3,0.6,0,0.84,0.12,0.75,0
2844,713,3.9887798036465636,2980,92,1,0.16,4.0,0,7.8,1,0.86,0.12,0.61,0
57,2714,0.021002210759027265,94,0,1,41.3,2.0,0,18.8,1,1.0,0.76,0.14,1
31,4024,0.007703777335984096,73,0,1,43.66,2.0,0,19.2,1,0.93,0.78,0.03,1
51,286,0.17832167832167833,2159,89,1,0.45,9.0,1,6.7,1,0.82,0.11,0.72,0
413,3001,0.137620793068977,89,120,0,25.44,9.0,0,28.7,1,0.83,0.53,0.08,1
202,102,1.9803921568627452,785,21,1,0.42,7.0,1,2.1,0,0.92,0.12,0.89,0
11,7471,0.0014723597911926113,57,15,1,15.12,0.0,0,26.1,1,0.93,0.91,0.0,1
87,1481,0.0587440918298447,63,0,1,14.62,2.0,0,29.4,0,0.98,0.77,0.12,1
6,94,0.06382978723404255,3522,93,1,0.35,1.7999999999999998,0,1.9,1,0.35,0.13,0.79,0
82,126,0.6507936507936508,1738,105,1,0.81,0.0,0,6.9,0,0.44,0.08,0.88,0
8,198,0.04040404040404041,2079,80,1,0.89,2.4,0,1.8,0,0.36,0.12,0.5,0
13,18,0.7222222222222222,1345,93,1,0.72,3.9,0,3.8,0,0.4,0.24,0.87,0
92,241,0.3817427385892116,2323,86,1,2.5,13.0,0,6.1,0,0.83,0.01,0.54,0
40,224,0.17857142857142858,485,71,1,1.32,11.0,1,7.3,0,0.74,0.01,0.85,0
214,130,1.646153846153846,2823,57,1,1.7,19.0,2,7.4,0,0.59,0.24,0.71,0
307,1608,0.19092039800995025,32,131,1,12.31,9.0,0,28.8,0,0.94,0.7,0.06,1
73962,76813,0.962883886842071,112,90,1,12.65,136.0,2,15.3,1,0.73,0.59,0.36,1
84,10,8.4,428,75,1,1.6,14.0,1,6.0,0,0.82,0.11,0.85,0
58,1875,0.030933333333333334,35,0,0,12.62,1.0,0,30.0,0,0.89,0.71,0.03,1
6,5,1.2,386,110,1,0.09,1.7999999999999998,0,0.8,0,0.43,0.06,0.58,0
2,250,0.008,491,53,1,0.03,0.0,0,4.3,0,0.46,0.19,0.58,0
54,117,0.46153846153846156,1848,94,1,0.06,8.0,1,7.0,0,0.73,0.17,0.59,0
239,26,9.192307692307692,1477,91,1,3.3,71.7,2,4.6,0,0.75,0.18,0.51,0
11,4216,0.0026091081593927895,43,0,0,13.95,1.0,0,27.3,1,0.98,0.67,0.02,1
13,17,0.7647058823529411,3695,82,1,0.05,3.0,0,3.1,1,0.61,0.15,0.81,0
662,56,11.821428571428571,2536,19,1,0.78,19.0,1,7.3,0,0.63,0.1,0.86,0
86,151,0.5695364238410596,2074,46,1,1.4,0.0,0,4.2,0,0.34,0.12,0.85,0
205,4646,0.04412397761515282,24,148,1,9.53,1.0,0,22.2,1,0.74,0.68,0.14,1
322,664,0.48493975903614456,1148,63,1,2.1,96.6,11,3.5,1,0.82,0.12,0.53,0
1588,197,8.060913705583756,71,101,1,4.33,43.0,0,8.1,0,0.51,0.77,0.3,1
1037,86,12.05813953488372,33,130,1,1.93,9.0,0,2.5,1,0.4,0.45,0.31,1
155,748,0.2072192513368984,3874,87,1,0.81,11.0,0,7.1,0,0.41,0.0,0.75,0
61,343,0.17784256559766765,1477,74,1,0.22,18.3,2,4.6,0,0.36,0.12,0.91,0
1006,22,45.72727272727273,2941,33,1,0.39,19.0,0,2.7,0,0.84,0.08,0.61,0
138,619,0.22294022617124395,200,62,1,0.36,1.0,0,2.9,0,0.79,0.2,0.54,0
7824,3256,2.402948402948403,3404,81,0,1.03,31.0,1,7.4,0,0.57,0.17,0.68,0
536,660,0.8121212121212121,681,117,1,0.1,25.0,0,5.5,0,0.43,0.12,0.53,0
3,13,0.23076923076923078,3676,80,0,0.5,0.8999999999999999,0,2.1,0,0.4,0.24,0.85,0
2286,72,31.75,3112,115,1,1.21,12.0,1,2.1,1,0.88,0.19,0.92,0
190,296,0.6418918918918919,550,60,1,0.57,39.0,1,0.9,1,0.36,0.07,0.95,0
63,5198,0.012120046171604464,97,0,1,32.12,0.0,0,15.3,1,0.97,0.76,0.11,1
19,2078,0.009143407122232916,8,0,0,31.82,2.0,0,19.1,1,0.87,0.75,0.16,1
458,43,10.651162790697674,3639,32,0,0.79,3.0,0,6.3,1,0.41,0.14,0.75,0
144,4811,0.029931407191852007,143,134,0,26.01,6.0,0,21.1,1,0.9,0.73,0.29,1
239,494,0.48380566801619435,25,104,1,4.53,28.0,0,3.8,1,0.56,0.68,0.2,1
54,477,0.11320754716981132,2397,87,0,5.35,16.2,1,2.4,0,0.95,0.16,0.86,0
20,364,0.054945054945054944,952,47,1,0.44,3.0,0,4.1,1,0.35,0.17,0.67,0
60264,50689,1.188896999348971,364,68,1,12.18,525.0,8,22.0,1,0.71,0.69,0.29,1
121,4585,0.02639040348964013,179,114,1,12.84,4.0,0,28.3,1,0.74,0.78,0.14,1
42014,72351,0.5806968804854113,391,44,1,13.32,215.0,2,10.2,1,0.83,0.57,0.27,1
1174,67,17.52238805970149,3376,75,1,0.02,20.0,2,2.6,0,0.89,0.13,0.75,0
3994,544,7.341911764705882,1307,77,1,2.06,1.0,0,3.3,0,0.35,0.19,0.85,0
13,478,0.027196652719665274,3136,83,0,0.11,3.9,0,6.2,0,0.38,0.07,0.51,0
214,2680,0.07985074626865672,100,117,0,29.13,2.0,0,27.8,1,0.92,0.85,0.05,1
2360,269,8.773234200743495,85,133,1,3.21,38.0,0,9.3,0,0.3,0.53,0.48,1
86,31,2.774193548387097,319,97,1,0.88,3.0,0,4.6,0,0.31,0.18,0.93,0
2311,13,177.76923076923077,1073,3,1,0.04,2.0,0,6.3,0,0.86,0.0,0.93,0
13646,61541,0.22173835329292665,439,35,1,10.62,76.0,1,15.0,0,0.64,0.57,0.19,1
122,46,2.652173913043478,3368,75,1,0.2,16.0,1,6.4,0,0.81,0.15,0.62,0
4942,399,12.385964912280702,76,156,1,4.71,64.0,2,7.9,0,0.54,0.6,0.46,1
88880,9338,9.518098093810238,291,69,1,8.27,491.0,1,20.7,0,0.77,0.67,0.26,1
248,434,0.5714285714285714,2008,78,1,0.08,9.0,0,7.9,0,0.66,0.13,0.52,0
441,3559,0.12391121101432986,23,101,1,24.65,3.0,0,28.5,0,0.84,0.51,0.29,1
52,464,0.11206896551724138,728,131,1,0.94,15.6,1,6.3,0,0.81,0.01,0.81,0
3,39,0.07692307692307693,3366,58,1,0.21,0.8999999999999999,0,5.2,0,0.63,0.16,0.84,0
2857,267,10.700374531835205,87,74,1,3.17,81.0,0,5.2,1,0.59,0.76,0.28,1
7622,31818,0.23954994028537305,82,71,1,6.8,73.0,2,19.2,1,0.8,0.67,0.17,1
6,5,1.2,2864,121,1,0.09,1.7999999999999998,0,1.5,0,0.64,0.22,0.71,0
37716,86542,0.435811513484782,237,32,1,3.8,367.0,3,19.3,1,0.77,0.65,0.32,1
46,4788,0.00960735171261487,108,0,0,26.47,0.0,0,23.9,1,0.95,0.83,0.05,1
13,85,0.15294117647058825,2357,72,1,1.63,0.0,0,1.7,1,0.36,0.24,0.92,0
443,1597,0.2773951158422041,32,104,1,9.99,4.0,0,30.0,1,0.95,0.86,0.26,1
4055,121,33.51239669421488,17,107,1,1.69,50.0,0,8.8,0,0.5,0.69,0.28,1
495,85,5.823529411764706,2393,94,1,0.45,16.0,0,5.8,0,0.61,0.08,0.73,0
115,796,0.1444723618090452,1476,54,1,2.54,9.0,0,1.8,0,0.59,0.06,0.52,0
37532,31648,1.1859201213346815,468,49,1,9.45,110.0,5,24.9,0,0.87,0.53,0.32,1
18,242,0.0743801652892562,331,114,1,0.86,5.3999999999999995,0,2.0,0,0.71,0.04,0.84,0
431,2098,0.20543374642516682,90,136,1,28.88,9.0,0,20.8,1,0.79,0.5,0.15,1
393,2143,0.1833877741483901,54,148,0,10.08,8.0,0,21.3,1,0.73,0.64,0.27,1
58,27,2.1481481481481484,3112,42,1,0.67,7.0,0,7.4,1,0.73,0.03,0.68,0
1229,142,8.654929577464788,2997,111,1,3.64,27.0,3,4.2,0,0.74,0.15,0.78,0
807,563,1.433392539964476,1993,91,1,1.62,23.0,1,0.9,1,0.34,0.13,0.92,0
95948,84661,1.1333199466105999,434,69,1,4.73,644.0,20,16.1,0,0.61,0.38,0.33,1
4196,201,20.875621890547265,9,110,1,2.9,13.0,0,8.4,0,0.41,0.66,0.23,1
68828,44611,1.542848176458721,201,73,1,7.95,311.0,9,22.6,1,0.71,0.56,0.36,1
24,1572,0.015267175572519083,94,9,0,43.93,1.0,0,24.9,0,0.94,0.62,0.19,1
42036,15893,2.6449380230290065,62,36,1,4.86,290.0,6,13.3,0,0.82,0.43,0.37,1
7,16,0.4375,253,73,1,0.41,2.0,0,4.8,1,0.6,0.24,0.73,0
18990,96458,0.19687325053391114,337,71,1,3.14,138.0,5,10.8,0,0.66,0.34,0.21,1
1,100,0.01,1354,81,1,2.03,0.3,0,2.3,1,0.61,0.24,0.75,0
7452,187,39.850267379679146,2321,107,1,0.46,0.0,0,1.0,1,0.85,0.1,0.84,0
425,51,8.333333333333334,584,107,0,0.12,22.0,2,0.9,0,0.78,0.09,0.64,0
82,1777,0.04614518851997749,55,159,1,26.74,0.0,0,21.8,1,0.95,0.86,0.09,1
4241,395,10.736708860759494,69,136,1,4.7,85.0,1,5.1,0,0.49,0.64,0.34,1
2034,9,226.0,2723,61,1,0.48,27.0,1,7.9,0,0.61,0.22,0.66,0
5,19,0.2631578947368421,2614,150,1,0.26,1.5,0,0.7,0,0.5,0.13,0.55,0
1451,163,8.901840490797547,26,69,1,2.99,36.0,1,6.2,1,0.48,0.61,0.29,1
194,365,0.5315068493150685,2981,121,1,1.34,0.0,0,7.8,0,0.81,0.21,0.63,0
31355,5050,6.208910891089109,85,68,1,6.43,85.0,3,10.7,0,0.91,0.54,0.13,1
199,3774,0.05272919978802332,88,137,0,17.48,4.0,0,27.8,1,0.92,0.71,0.07,1
956,192,4.979166666666667,14,84,1,3.69,51.0,0,3.3,1,0.49,0.74,0.33,1
207,174,1.1896551724137931,2772,115,1,0.81,0.0,0,4.9,0,0.77,0.03,0.91,0
9,88,0.10227272727272728,1962,99,1,1.49,1.0,0,0.8,0,0.37,0.06,0.58,0
1448,21,68.95238095238095,3168,74,1,0.74,29.0,2,7.1,1,0.48,0.13,0.58,0
372,354,1.0508474576271187,1343,29,1,1.42,35.0,4,6.5,0,0.54,0.08,0.5,0
5070,62,81.7741935483871,3402,124,1,0.39,9.0,0,5.4,0,0.53,0.14,0.91,0
1004,16,62.75,476,101,0,0.2,18.0,2,7.4,1,0.57,0.23,0.59,0
8,425,0.018823529411764704,2992,28,1,4.11,1.0,0,5.8,1,0.87,0.1,0.91,0
2765,62,44.596774193548384,535,90,1,4.16,38.0,3,0.7,1,0.51,0.03,0.87,0
40,476,0.08403361344537816,3356,125,1,0.64,12.0,1,4.7,0,0.88,0.24,0.8,0
24,541,0.04436229205175601,2845,63,1,1.31,7.199999999999999,0,0.3,1,0.43,0.02,0.83,0
11,870,0.01264367816091954,1511,53,1,0.37,3.3,0,4.0,0,0.78,0.16,0.61,0
2,36,0.05555555555555555,2067,65,1,1.0,0.6,0,0.8,1,0.39,0.09,0.7,0
687,118,5.822033898305085,2122,119,1,0.52,5.0,0,4.8,1,0.47,0.2,0.57,0
134,1113,0.12039532794249776,29,142,0,24.56,7.0,0,22.6,1,0.99,0.53,0.26,1
31,160,0.19375,3240,72,1,0.13,9.299999999999999,1,0.2,1,0.76,0.18,0.79,0
942,857,1.0991831971995332,2643,42,1,1.33,5.0,0,3.9,1,0.41,0.18,0.74,0
38,83,0.4578313253012048,351,113,1,0.74,7.0,1,1.8,0,0.86,0.14,0.61,0
197,31,6.354838709677419,866,78,1,1.24,10.0,0,5.9,1,0.31,0.01,0.6,0
608,143,4.251748251748252,805,90,1,0.59,1.0,0,7.6,1,0.79,0.06,0.67,0
778,437,1.7803203661327232,765,50,1,0.28,10.0,1,6.5,0,0.79,0.14,0.77,0
117,2822,0.04145995747696669,161,151,0,18.69,6.0,0,25.5,0,0.86,0.85,0.1,1
3293,361,9.121883656509695,70,102,1,4.17,9.0,0,8.1,0,0.55,0.63,0.3,1
775,707,1.0961810466760962,2907,129,1,0.14,5.0,0,7.1,1,0.82,0.06,0.71,0
79,300,0.2633333333333333,627,92,1,0.09,5.0,0,5.6,1,0.83,0.18,0.54,0
188,16,11.75,2445,52,1,0.04,14.0,1,1.5,0,0.75,0.13,0.7,0
31,136,0.22794117647058823,3635,123,1,0.24,9.299999999999999,0,7.7,1,0.74,0.24,0.64,0
180,42,4.285714285714286,1502,51,1,0.74,8.0,0,1.4,0,0.81,0.08,0.51,0
63,85,0.7411764705882353,2069,34,1,0.06,18.9,2,7.4,0,0.52,0.08,0.52,0
284,551,0.515426497277677,1528,87,1,0.8,85.2,10,4.8,0,0.92,0.14,0.77,0
90,1266,0.07109004739336493,88,10,1,46.06,0.0,0,26.1,1,0.89,0.81,0.19,1
1053,531,1.9830508474576272,243,69,1,1.19,126.0,8,6.0,0,0.55,0.08,0.93,0
200,3755,0.05326231691078562,63,138,0,23.22,4.0,0,27.5,0,0.93,0.63,0.23,1
0,12,0.0,207,65,1,0.9,0.0,0,7.6,0,0.56,0.24,0.79,0
336,12,28.0,891,106,1,0.06,6.0,0,7.5,0,0.57,0.2,0.88,0
63,26,2.423076923076923,1803,109,1,0.42,2.0,0,6.1,0,0.52,0.13,0.79,0
4328,136,31.823529411764707,20,142,1,1.8,48.0,1,3.4,1,0.31,0.75,0.43,1
14,6845,0.0020452885317750183,98,14,0,21.7,2.0,0,22.4,1,0.89,0.75,0.0,1
174,32,5.4375,2453,86,1,1.3,52.199999999999996,4,0.6,0,0.89,0.1,0.63,0
27901,83822,0.33286010832478347,237,59,1,13.42,81.0,0,12.8,0,0.94,0.52,0.16,1
406,206,1.970873786407767,3167,5,1,0.28,12.0,0,2.7,1,0.72,0.17,0.87,0
169,28,6.035714285714286,791,79,1,0.14,10.0,0,1.6,0,0.83,0.11,0.73,0
21,13,1.6153846153846154,3755,121,1,2.02,6.3,0,0.8,0,0.81,0.02,0.58,0
3795,86,44.127906976744185,82,100,1,2.81,79.0,2,7.2,0,0.48,0.5,0.36,1
245,2,122.5,3822,85,1,1.59,12.0,1,0.2,0,0.93,0.1,0.93,0
63,248,0.2540322580645161,3263,63,1,3.07,2.0,0,5.6,0,0.67,0.24,0.72,0
49932,19458,2.5661424606845515,148,31,1,6.98,377.0,14,24.5,0,0.65,0.44,0.15,1
102,238,0.42857142857142855,1951,86,1,0.14,3.0,0,4.3,1,0.75,0.16,0.59,0
5084,18,282.44444444444446,2900,61,1,1.17,25.0,2,2.7,1,0.38,0.13,0.76,0
7156,7703,0.9289887056990783,375,95,1,10.59,53.0,2,22.4,1,0.73,0.34,0.38,1
67746,93468,0.7248042110668892,202,53,1,13.16,664.0,25,10.5,0,0.82,0.4,0.32,1
5249,62,84.66129032258064,2202,31,1,2.24,2.0,0,0.6,0,0.88,0.02,0.94,0
632,195,3.241025641025641,3008,92,1,0.86,4.0,0,6.8,0,0.36,0.12,0.53,0
479,2687,0.17826572385560105,179,119,1,21.88,8.0,0,27.7,1,0.75,0.58,0.07,1
239,219,1.091324200913242,1123,36,1,0.51,71.7,5,5.9,0,0.35,0.02,0.64,0
139,10,13.9,1929,122,1,0.14,23.0,2,2.7,1,0.8,0.23,0.91,0
40,5568,0.007183908045977011,77,18,0,48.29,2.0,0,16.3,1,0.95,0.82,0.01,1
236,62,3.806451612903226,2243,73,1,1.97,69.0,3,6.8,0,0.63,0.08,0.76,0
98,7005,0.013990007137758744,58,9,0,10.07,0.0,0,16.5,0,0.9,0.69,0.15,1
90301,74265,1.2159294418635966,399,61,1,7.27,502.0,9,19.7,1,0.78,0.62,0.15,1
87,49,1.7755102040816326,3806,53,1,0.29,5.0,0,2.6,0,0.66,0.09,0.7,0
949,203,4.674876847290641,2304,51,1,0.23,4.0,0,0.8,1,0.94,0.17,0.88,0
91,26,3.5,3119,54,0,1.82,14.0,0,6.9,0,0.53,0.18,0.7,0
205,18,11.38888888888889,3795,27,1,2.13,3.0,0,8.0,1,0.37,0.15,0.87,0
42,5057,0.008305319359303936,84,11,0,14.66,1.0,0,23.9,0,0.9,0.67,0.04,1
43,56,0.7678571428571429,3166,66,1,2.51,12.9,1,3.5,0,0.44,0.09,0.67,0
106,102,1.0392156862745099,2220,74,1,1.35,14.0,1,3.3,0,0.8,0.24,0.92,0
74,1578,0.046894803548795945,47,104,1,10.99,3.0,0,27.9,0,0.76,0.77,0.06,1
87,782,0.11125319693094629,1414,45,1,0.55,1.0,0,6.2,0,0.73,0.18,0.63,0
116,103,1.1262135922330097,2383,49,0,0.19,10.0,0,4.8,0,0.32,0.16,0.74,0
6,14,0.42857142857142855,2648,97,1,0.13,1.7999999999999998,0,6.3,0,0.76,0.01,0.8,0
93923,8603,10.917470649773335,484,65,1,12.42,622.0,30,19.3,1,0.88,0.33,0.22,1
14,26,0.5384615384615384,1874,38,1,0.99,4.2,0,4.5,0,0.88,0.14,0.92,0
4418,232,19.04310344827586,80,149,1,2.85,94.0,2,9.8,1,0.39,0.43,0.3,1
73,177,0.4124293785310734,545,81,1,0.63,9.0,0,3.1,0,0.62,0.25,0.56,0
268,72,3.7222222222222223,279,77,1,0.79,1.0,0,0.6,0,0.64,0.14,0.77,0
1136,135,8.414814814814815,3796,73,1,0.97,18.0,1,3.3,1,0.68,0.06,0.7,0
51,31,1.6451612903225807,1185,16,0,0.11,15.299999999999999,2,1.8,0,0.52,0.04,0.89,0
2,146,0.0136986301369863,2188,24,1,0.31,0.6,0,7.6,0,0.83,0.11,0.91,0
87,7041,0.012356199403493822,11,13,0,13.24,2.0,0,20.9,1,0.94,0.82,0.04,1
2872,94,30.5531914893617,290,16,1,1.98,12.0,0,3.2,1,0.62,0.14,0.92,0
2853,9,317.0,2924,104,1,0.48,8.0,0,7.6,0,0.33,0.08,0.71,0
91,2415,0.03768115942028986,40,18,1,37.54,1.0,0,29.2,1,0.99,0.91,0.04,1
609,537,1.1340782122905029,3327,87,1,2.07,13.0,1,0.9,0,0.38,0.15,0.72,0
1401,314,4.461783439490445,7,67,1,4.86,90.0,4,2.7,1,0.63,0.44,0.45,1
329,130,2.5307692307692307,713,75,0,0.63,3.0,0,1.1,1,0.83,0.02,0.79,0
59,4720,0.0125,70,17,0,44.7,0.0,0,19.8,1,0.9,0.86,0.09,1
14,26,0.5384615384615384,1245,75,1,1.22,4.2,0,1.0,0,0.7,0.13,0.67,0
8,60,0.13333333333333333,370,93,1,2.59,2.4,0,7.6,0,0.76,0.25,0.76,0
154,7,22.0,1333,26,0,0.54,13.0,1,5.6,0,0.46,0.13,0.81,0
46,15,3.066666666666667,661,91,1,2.63,3.0,0,1.5,1,0.83,0.14,0.78,0
2177,191,11.397905759162304,19,75,1,3.46,9.0,0,6.8,1,0.61,0.64,0.45,1
49,3171,0.01545253863134658,1,14,1,43.48,1.0,0,25.4,1,0.97,0.62,0.07,1
76918,68401,1.1245157234543355,480,95,1,6.24,245.0,7,10.4,0,0.78,0.64,0.15,1
23,47,0.48936170212765956,2600,53,1,1.26,6.8999999999999995,0,2.8,0,0.83,0.21,0.83,0
109,83,1.3132530120481927,2099,83,1,1.7,15.0,1,1.5,0,0.51,0.06,0.57,0
45,1518,0.029644268774703556,95,8,0,14.19,1.0,0,19.2,0,0.99,0.62,0.13,1
105,222,0.47297297297297297,2381,60,1,0.12,31.5,1,1.2,0,0.44,0.18,0.92,0
535,60,8.916666666666666,550,50,0,0.1,160.5,7,0.2,0,0.48,0.22,0.77,0
247,260,0.95,2005,73,1,0.0,74.1,5,1.1,0,0.61,0.08,0.71,0
2491,487,5.114989733059549,19,128,1,3.78,73.0,2,2.8,1,0.42,0.54,0.3,1
85810,44593,1.9242930504787747,290,57,1,8.75,481.0,1,20.4,0,0.86,0.69,0.23,1
656,302,2.172185430463576,3399,76,1,1.02,9.0,1,7.9,0,0.64,0.08,0.76,0
19,133,0.14285714285714285,1712,130,1,0.03,5.7,0,5.8,1,0.38,0.22,0.85,0
19,41,0.4634146341463415,555,83,1,0.3,5.7,0,1.9,1,0.42,0.2,0.8,0
2888,354,8.158192090395481,78,65,1,4.65,30.0,0,2.5,0,0.4,0.63,0.21,1
96,1864,0.05150214592274678,87,17,0,39.68,2.0,0,28.2,1,0.93,0.66,0.04,1
16,30,0.5333333333333333,1536,81,1,1.29,3.0,0,4.3,0,0.72,0.13,0.65,0
59,86,0.686046511627907,531,59,1,0.95,17.7,0,4.9,1,0.81,0.25,0.74,0
20,294,0.06802721088435375,975,100,1,0.47,6.0,0,5.4,0,0.74,0.16,0.95,0
12,6311,0.0019014419267944858,69,5,0,31.0,1.0,0,27.3,1,0.91,0.87,0.17,1
5,566,0.0088339222614841,3140,43,1,0.79,1.5,0,1.4,1,0.5,0.03,0.75,0
458,4039,0.11339440455558307,10,127,1,12.02,4.0,0,28.9,1,0.89,0.64,0.17,1
46,4259,0.010800657431321907,113,5,0,36.18,1.0,0,27.2,1,0.86,0.92,0.04,1
250,1273,0.19638648860958366,3554,45,1,0.26,9.0,0,1.0,0,0.69,0.07,0.83,0
65,3599,0.018060572381217006,11,0,0,35.42,0.0,0,29.9,0,0.92,0.87,0.18,1
25,1904,0.013130252100840336,85,17,0,35.75,0.0,0,25.7,1,0.94,0.62,0.18,1
151,3063,0.04929807378387202,165,134,0,5.39,9.0,0,26.9,0,0.94,0.63,0.18,1
72,4822,0.01493156366652841,167,107,0,12.89,3.0,0,25.8,1,0.91,0.5,0.09,1
292,650,0.4492307692307692,322,77,1,0.11,4.0,0,1.8,1,0.57,0.08,0.64,0
196,47,4.170212765957447,565,92,1,1.0,53.0,6,5.3,1,0.86,0.18,0.67,0
1447,3,482.3333333333333,3780,64,1,1.26,3.0,0,0.7,1,0.63,0.1,0.52,0
18,4928,0.0036525974025974025,48,12,0,44.66,2.0,0,22.0,1,0.95,0.88,0.16,1
6769,57759,0.1171938572343704,103,86,1,12.7,49.0,1,21.3,1,0.81,0.49,0.22,1
99394,46458,2.1394377717508286,474,48,1,14.79,870.0,35,23.3,1,0.65,0.65,0.38,1
364,4643,0.07839758776653026,135,156,1,13.55,8.0,0,28.1,1,0.89,0.7,0.05,1
56502,75894,0.7444857300972408,75,97,1,5.67,118.0,4,24.1,0,0.89,0.61,0.13,1
1174,57,20.596491228070175,414,88,1,0.79,8.0,0,4.8,0,0.37,0.15,0.81,0
364,25,14.56,1326,139,1,2.95,68.0,2,3.1,0,0.71,0.1,0.54,0
322,4784,0.0673076923076923,147,127,1,9.76,7.0,0,21.1,0,0.72,0.54,0.11,1
48177,65619,0.7341928404882733,442,48,1,7.39,480.0,12,17.6,1,0.8,0.41,0.22,1
254,142,1.7887323943661972,3106,107,1,0.11,5.0,0,7.5,1,0.9,0.07,0.91,0
14,422,0.03317535545023697,214,54,1,2.08,4.2,0,1.9,0,0.53,0.23,0.85,0
187,3,62.333333333333336,2213,92,1,0.04,8.0,0,4.2,0,0.48,0.03,0.87,0
81847,74249,1.1023313445298926,274,49,1,8.34,88.0,0,19.0,0,0.63,0.36,0.29,1
671,9,74.55555555555556,325,68,1,1.36,18.0,1,0.0,0,0.33,0.17,0.94,0
337,505,0.6673267326732674,3352,110,1,2.69,0.0,0,6.3,0,0.62,0.11,0.63,0
82,260,0.3153846153846154,3969,113,1,0.61,24.599999999999998,3,4.8,1,0.66,0.13,0.87,0
25,1860,0.013440860215053764,117,0,0,12.53,0.0,0,27.2,1,0.99,0.61,0.18,1
93,5069,0.018346813967251924,62,0,1,41.54,1.0,0,15.7,1,0.97,0.72,0.08,1
58,340,0.17058823529411765,3346,82,1,0.1,6.0,0,5.6,1,0.77,0.02,0.64,0
333,16,20.8125,2332,53,1,0.7,9.0,1,4.6,0,0.59,0.11,0.73,0
51,5,10.2,838,55,1,0.87,15.299999999999999,1,5.9,0,0.38,0.18,0.6,0
170,3520,0.048295454545454544,68,114,0,25.23,6.0,0,27.8,0,0.81,0.53,0.2,1
10,2714,0.0036845983787767134,50,11,0,44.06,2.0,0,27.1,0,0.96,0.62,0.03,1
2702,139,19.43884892086331,23,121,1,1.41,11.0,0,2.8,1,0.46,0.54,0.2,1
43,7055,0.006094968107725017,72,11,1,40.22,2.0,0,16.5,1,0.99,0.98,0.1,1
52114,13743,3.7920395837881102,230,90,1,14.87,225.0,3,10.8,1,0.65,0.62,0.3,1
675,13,51.92307692307692,3825,103,1,2.51,6.0,0,7.8,0,0.92,0.11,0.74,0
37398,19659,1.9023348084846634,389,70,1,14.55,343.0,11,18.5,0,0.62,0.31,0.35,1
36,26,1.3846153846153846,463,102,1,1.67,6.0,0,3.6,1,0.77,0.24,0.87,0
2,87,0.022988505747126436,3281,91,1,0.67,0.6,0,1.1,1,0.87,0.01,0.84,0
29,1777,0.016319639842431063,24,0,1,38.64,1.0,0,15.3,1,0.91,0.96,0.1,1
4322,63,68.60317460317461,26,91,1,2.96,73.0,3,7.4,0,0.69,0.77,0.26,1
65,3751,0.0173287123433751,155,146,0,25.95,2.0,0,22.3,1,0.92,0.81,0.08,1
12,292,0.0410958904109589,1830,83,1,0.43,3.5999999999999996,0,0.7,1,0.4,0.12,0.74,0
65748,89721,0.7328050289229946,497,69,1,7.18,526.0,26,12.1,0,0.78,0.51,0.4,1
76,855,0.08888888888888889,2740,99,1,0.9,11.0,1,1.4,1,0.82,0.04,0.58,0
119,2376,0.050084175084175085,187,151,1,22.75,1.0,0,27.5,0,0.84,0.79,0.21,1
62,499,0.12424849699398798,730,56,1,0.02,11.0,1,3.9,0,0.43,0.09,0.58,0
218,1977,0.11026808295397066,12,152,1,26.95,6.0,0,26.2,0,0.94,0.7,0.14,1
24,255,0.09411764705882353,932,37,1,0.37,6.0,0,4.3,1,0.4,0.22,0.7,0
249,20,12.45,1616,71,1,0.29,74.7,3,3.1,0,0.73,0.14,0.94,0
69,1584,0.043560606060606064,73,143,1,14.04,9.0,0,27.9,1,0.87,0.52,0.05,1
106,1342,0.07898658718330849,2178,102,1,0.99,0.0,0,1.9,0,0.31,0.18,0.55,0
52,7,7.428571428571429,1090,26,1,1.43,4.0,0,5.1,0,0.5,0.06,0.6,0
833,147,5.666666666666667,1744,105,1,0.55,0.0,0,7.4,1,0.6,0.24,0.91,0
22928,66572,0.3444090608664303,286,98,1,9.12,30.0,0,14.0,1,0.92,0.68,0.32,1
3,404,0.007425742574257425,1068,85,0,3.27,0.8999999999999999,0,3.5,0,0.74,0.03,0.65,0
1373,6,228.83333333333334,2645,106,1,2.31,28.0,2,6.9,1,0.32,0.14,0.65,0
28,149,0.18791946308724833,3538,60,1,0.74,8.4,0,2.2,0,0.75,0.16,0.74,0
1037,506,2.049407114624506,2315,73,1,1.77,8.0,0,7.4,0,0.77,0.03,0.62,0
316,569,0.5553602811950791,1683,114,1,1.63,10.0,0,6.2,0,0.42,0.11,0.57,0
1,306,0.0032679738562091504,185,107,1,0.34,0.3,0,2.9,1,0.67,0.03,0.54,0
275,162,1.6975308641975309,333,80,0,1.69,6.0,0,3.1,0,0.78,0.09,0.57,0
475,2702,0.1757957068837898,121,155,1,11.29,3.0,0,23.8,1,0.91,0.62,0.23,1
26,528,0.04924242424242424,3339,57,1,0.1,7.8,1,6.7,1,0.49,0.2,0.92,0
443,3266,0.13563992651561543,28,147,1,6.28,8.0,0,27.6,1,0.83,0.51,0.14,1
228,3661,0.06227806610215788,155,121,1,7.07,5.0,0,27.5,1,0.87,0.85,0.12,1
3579,356,10.053370786516854,43,147,1,3.79,69.0,1,4.3,1,0.68,0.5,0.36,1
63,3750,0.0168,59,11,0,39.18,0.0,0,26.0,1,0.97,0.63,0.06,1
499,102,4.892156862745098,595,82,0,3.66,6.0,0,3.7,0,0.66,0.16,0.89,0
1447,464,3.1185344827586206,78,100,1,1.02,85.0,2,4.3,0,0.6,0.63,0.27,1
431,317,1.359621451104101,582,94,1,0.36,49.0,6,5.8,1,0.57,0.22,0.52,0
67,7150,0.009370629370629371,104,14,0,13.14,1.0,0,24.6,1,0.95,0.74,0.05,1
75,2253,0.033288948069241014,82,11,0,44.1,2.0,0,23.1,0,0.86,0.66,0.19,1
58,7,8.285714285714286,3727,108,1,0.16,4.0,0,1.9,0,0.33,0.15,0.77,0
83,5955,0.013937867338371117,15,6,0,45.14,0.0,0,24.3,1,0.86,0.82,0.03,1
627,2,313.5,2658,40,1,0.19,2.0,0,0.5,1,0.51,0.24,0.77,0
89,216,0.41203703703703703,3312,103,1,2.13,26.7,0,1.9,0,0.42,0.17,0.74,0
2,28,0.07142857142857142,3582,108,1,0.08,0.6,0,6.6,1,0.36,0.08,0.68,0
833,298,2.795302013422819,9,105,1,2.59,20.0,0,3.3,1,0.48,0.45,0.29,1
291,180,1.6166666666666667,9,116,1,1.46,50.0,0,7.8,1,0.37,0.7,0.22,1
40848,65044,0.628005657708628,427,86,1,3.97,210.0,7,16.0,1,0.86,0.5,0.2,1
57,67,0.8507462686567164,2668,87,1,0.42,17.099999999999998,2,1.5,1,0.92,0.0,0.94,0
10829,344,31.4796511627907,2714,66,1,1.53,27.0,1,7.8,0,0.63,0.25,0.54,0
518,325,1.593846153846154,2546,120,0,0.01,6.0,0,6.9,0,0.82,0.22,0.84,0
151,63,2.3968253968253967,323,103,0,0.62,14.0,1,7.6,0,0.34,0.12,0.61,0
47,510,0.09215686274509804,423,49,1,0.87,2.0,0,2.0,1,0.5,0.09,0.95,0
51,4666,0.01093013287612516,115,10,0,31.65,0.0,0,21.4,0,0.87,0.62,0.07,1
30,6,5.0,3737,49,1,0.77,9.0,0,3.9,1,0.32,0.07,0.71,0
421,140,3.007142857142857,3568,98,1,0.14,75.0,10,4.9,1,0.37,0.17,0.5,0
458,2646,0.17309145880574453,94,126,0,24.15,3.0,0,26.3,0,0.76,0.72,0.19,1
104,120,0.8666666666666667,1428,90,1,0.31,2.0,0,5.5,0,0.86,0.19,0.53,0
148,13,11.384615384615385,2819,110,1,0.14,44.4,4,4.8,1,0.76,0.11,0.8,0
79,3725,0.021208053691275167,4,18,0,39.33,0.0,0,15.6,1,0.89,0.92,0.19,1
6952,28,248.28571428571428,1852,93,1,2.16,0.0,0,4.0,1,0.78,0.01,0.71,0
66483,49829,1.334223042806398,313,81,1,13.21,142.0,1,14.2,1,0.74,0.57,0.22,1
39,62,0.6290322580645161,1311,76,1,0.5,2.0,0,5.9,1,0.66,0.04,0.5,0
215,46,4.673913043478261,1915,95,1,0.08,28.0,3,1.7,1,0.44,0.12,0.83,0
2151,495,4.345454545454546,14,78,1,3.05,87.0,1,4.8,1,0.63,0.57,0.46,1
241,3673,0.06561393955894364,136,101,1,13.34,6.0,0,25.6,1,0.89,0.76,0.11,1
30,451,0.06651884700665188,2925,68,1,0.76,1.0,0,2.0,0,0.43,0.14,0.7,0
89,5344,0.016654191616766467,63,11,0,17.12,1.0,0,22.3,0,0.98,0.66,0.09,1
84,4301,0.01953034178098117,102,9,0,17.41,1.0,0,29.0,1,0.98,0.91,0.15,1
35,5434,0.006440927493559073,2,0,0,24.33,1.0,0,25.7,0,0.89,0.72,0.09,1
244,2049,0.11908247925817472,99,126,1,27.59,8.0,0,27.6,0,0.82,0.65,0.23,1
47,15,3.1333333333333333,750,0,1,2.13,14.1,0,3.9,0,0.82,0.0,0.64,0
11,57,0.19298245614035087,604,51,1,4.34,3.3,0,3.8,0,0.81,0.19,0.66,0
32,12,2.6666666666666665,3463,67,0,0.73,9.6,0,0.3,1,0.42,0.19,0.6,0
187,4046,0.046218487394957986,101,150,0,29.24,2.0,0,27.7,1,0.83,0.67,0.27,1
47,6571,0.007152640389590625,40,0,1,23.84,2.0,0,28.2,1,0.96,0.91,0.13,1
62,341,0.18181818181818182,1581,26,1,0.39,3.0,0,7.2,1,0.75,0.09,0.7,0
25,2457,0.010175010175010175,115,10,1,41.46,0.0,0,20.4,1,0.9,0.71,0.06,1
186,179,1.0391061452513966,1179,94,1,1.02,7.0,0,3.3,1,0.64,0.23,0.86,0
52,46,1.1304347826086956,3523,52,1,0.44,0.0,0,5.3,0,0.81,0.08,0.73,0
236,242,0.9752066115702479,1426,71,1,0.84,70.8,3,0.9,1,0.61,0.01,0.9,0
167,28,5.964285714285714,3679,93,1,0.53,4.0,0,4.5,1,0.62,0.23,0.78,0
492,24,20.5,1526,44,1,0.09,9.0,0,0.8,0,0.67,0.18,0.69,0
89,1020,0.08725490196078431,1819,70,1,2.24,26.7,3,6.6,1,0.39,0.01,0.61,0
1152,67,17.19402985074627,3837,77,1,0.78,1.0,0,1.6,0,0.32,0.2,0.51,0
29185,33442,0.8727049817594641,341,97,1,5.57,201.0,0,23.6,1,0.76,0.43,0.3,1
41,320,0.128125,1159,99,1,0.48,1.0,0,7.8,1,0.62,0.1,0.54,0
217,3680,0.058967391304347826,34,142,1,17.16,1.0,0,22.8,1,0.79,0.59,0.29,1
121,158,0.7658227848101266,1166,72,1,0.18,1.0,0,0.2,0,0.8,0.08,0.75,0
909,49,18.551020408163264,3956,118,1,0.17,2.0,0,1.6,0,0.53,0.09,0.7,0
85763,25936,3.3067165330043182,102,89,1,10.79,207.0,2,18.4,0,0.91,0.33,0.13,1
315,841,0.3745541022592152,2971,61,1,2.27,94.5,13,5.2,1,0.59,0.12,0.84,0
575,133,4.323308270676692,1076,140,1,0.04,172.5,12,1.5,1,0.4,0.24,0.6,0
91,5171,0.017598143492554633,44,0,0,15.64,2.0,0,15.1,1,1.0,0.67,0.15,1
211,3628,0.0581587651598677,187,120,1,23.46,5.0,0,24.3,1,0.94,0.86,0.2,1
35,1766,0.019818799546998868,3888,39,1,1.04,1.0,0,2.2,0,0.68,0.11,0.89,0
140,2321,0.06031882809133994,162,125,1,28.32,6.0,0,28.1,1,0.71,0.64,0.16,1
20,736,0.02717391304347826,479,84,1,0.22,6.0,0,6.6,0,0.67,0.24,0.88,0
785,217,3.6175115207373274,3440,73,1,0.55,4.0,0,4.4,0,0.55,0.2,0.68,0
154,273,0.5641025641025641,189,54,1,1.25,8.0,0,3.5,0,0.68,0.21,0.64,0
16472,37,445.18918918918916,587,57,1,0.64,14.0,1,5.8,1,0.88,0.14,0.77,0
136,3731,0.036451353524524256,28,119,1,21.15,0.0,0,20.1,0,0.73,0.81,0.19,1
2872,461,6.2299349240780915,59,116,1,2.92,27.0,0,2.7,1,0.48,0.62,0.35,1
50,78,0.6410256410256411,3006,73,1,0.28,15.0,2,6.0,0,0.31,0.24,0.83,0
99,986,0.10040567951318459,2468,58,1,1.37,10.0,0,3.0,0,0.69,0.14,0.81,0
88,346,0.2543352601156069,2775,57,1,0.29,3.0,0,0.4,0,0.34,0.22,0.56,0
4253,26,163.57692307692307,1134,106,1,1.94,19.0,2,0.8,1,0.92,0.24,0.54,0
3,65,0.046153846153846156,2147,81,1,0.46,0.8999999999999999,0,2.7,1,0.68,0.12,0.76,0
16590,88,188.52272727272728,707,64,1,4.74,8.0,0,3.5,1,0.39,0.08,0.68,0
49,7159,0.0068445313591283695,97,0,0,33.49,0.0,0,26.1,0,0.85,0.64,0.06,1
188,243,0.7736625514403292,1087,122,1,0.16,5.0,0,5.5,1,0.62,0.19,0.75,0
59,1721,0.03428239395700174,86,19,0,45.31,1.0,0,17.9,1,0.98,0.74,0.15,1
76,2475,0.030707070707070707,4,13,0,18.42,0.0,0,17.8,1,0.95,0.75,0.05,1
481,4847,0.09923664122137404,72,140,0,21.34,1.0,0,25.4,0,0.92,0.58,0.14,1
70018,13028,5.374424316856002,79,69,1,5.36,690.0,14,10.2,0,0.86,0.32,0.28,1
1612,13,124.0,3051,104,1,0.98,6.0,0,5.4,1,0.87,0.04,0.52,0
567,1,567.0,798,70,1,0.71,4.0,0,4.6,0,0.5,0.02,0.9,0
609,13,46.84615384615385,357,70,1,0.34,2.0,0,2.9,0,0.57,0.15,0.57,0
3300,274,12.043795620437956,3635,66,0,0.14,4.0,0,5.8,0,0.45,0.05,0.8,0
15,29,0.5172413793103449,1183,130,1,0.06,4.5,0,6.4,1,0.73,0.11,0.9,0
241,79,3.050632911392405,263,116,1,1.15,1.0,0,4.8,0,0.5,0.06,0.69,0
202,62,3.2580645161290325,996,52,1,2.31,13.0,1,1.7,0,0.5,0.11,0.72,0
259,4127,0.06275745093288103,113,125,1,17.26,9.0,0,23.1,1,0.71,0.76,0.2,1
166,4572,0.0363079615048119,38,128,1,25.59,1.0,0,26.1,0,0.7,0.83,0.11,1
91,4,22.75,3492,67,1,0.02,8.0,1,2.4,0,0.39,0.23,0.84,0
61956,54364,1.139651239791038,402,79,1,9.86,428.0,16,12.5,1,0.61,0.67,0.38,1
71,745,0.0953020134228188,22,0,0,43.62,1.0,0,29.5,0,0.98,0.74,0.17,1
75,556,0.13489208633093525,3964,157,1,0.31,1.0,0,7.2,0,0.39,0.19,0.78,0
1,63,0.015873015873015872,1405,83,1,0.45,0.3,0,2.4,1,0.79,0.15,0.76,0
71,4694,0.015125692373242437,118,6,1,39.13,0.0,0,29.4,1,0.85,0.7,0.1,1
8,10,0.8,3284,60,1,1.2,2.4,0,3.4,0,0.37,0.12,0.51,0
266,62,4.290322580645161,738,65,0,0.95,37.0,2,2.2,1,0.74,0.22,0.84,0
15,8,1.875,2986,85,1,0.15,4.5,0,4.3,1,0.71,0.07,0.86,0
2895,4,723.75,895,145,1,1.21,2.0,0,2.6,0,0.37,0.21,0.57,0
269,10,26.9,1961,123,0,0.64,80.7,10,2.6,0,0.61,0.07,0.67,0
92,1059,0.08687440982058546,34,144,1,16.13,0.0,0,27.1,0,0.76,0.54,0.26,1
48,5255,0.009134157944814463,22,0,0,16.28,2.0,0,16.0,0,0.85,0.61,0.13,1
3,17,0.17647058823529413,1511,78,0,0.86,0.8999999999999999,0,1.2,0,0.31,0.17,0.9,0
1623,316,5.136075949367089,1891,82,1,0.67,14.0,1,4.7,0,0.53,0.07,0.6,0
129,2048,0.06298828125,155,139,0,16.62,0.0,0,27.0,0,0.77,0.63,0.1,1
36,121,0.2975206611570248,3035,36,1,0.72,10.799999999999999,1,5.9,1,0.38,0.21,0.88,0
342,320,1.06875,3380,92,1,0.75,30.0,1,5.4,1,0.75,0.06,0.55,0
216,506,0.4268774703557312,970,35,1,0.48,64.8,7,0.8,0,0.94,0.2,0.57,0
51,371,0.13746630727762804,196,85,1,0.97,15.299999999999999,0,0.2,0,0.36,0.24,0.9,0
37794,52563,0.7190228868215285,405,95,1,9.46,226.0,1,11.4,0,0.77,0.57,0.16,1
1572,500,3.144,2581,109,1,1.43,10.0,1,1.3,0,0.74,0.24,0.94,0
2039,730,2.793150684931507,1481,75,1,0.9,4.0,0,2.9,1,0.94,0.11,0.81,0
585,3,195.0,745,88,1,1.99,2.0,0,5.4,0,0.3,0.03,0.74,0
445,33,13.484848484848484,3874,52,1,0.27,0.0,0,4.9,1,0.85,0.05,0.94,0
75,62,1.2096774193548387,2647,81,1,0.66,16.0,1,7.8,0,0.57,0.22,0.94,0
19,360,0.05277777777777778,552,90,1,1.56,5.7,0,0.6,1,0.92,0.08,0.71,0
55,19,2.8947368421052633,415,106,1,0.2,3.0,0,3.8,0,0.8,0.13,0.8,0
14,35,0.4,2260,89,1,0.73,4.2,0,7.8,0,0.83,0.19,0.82,0
718,474,1.5147679324894514,1728,31,1,1.45,20.0,2,1.3,0,0.78,0.04,0.69,0
23371,73605,0.3175191902724,189,49,1,12.74,194.0,2,20.4,1,0.92,0.36,0.18,1
241,115,2.0956521739130434,1075,89,1,0.81,15.0,1,7.4,0,0.93,0.09,0.66,0
77,4469,0.017229805325576192,12,0,0,37.91,2.0,0,16.3,0,0.92,0.66,0.15,1
39,2854,0.013665031534688158,56,10,1,34.31,0.0,0,19.8,0,0.92,0.63,0.11,1
88320,93466,0.9449425459525389,336,65,1,10.45,98.0,3,19.8,0,0.85,0.59,0.27,1
405,6,67.5,1724,13,1,0.9,9.0,1,7.0,1,0.83,0.06,0.69,0
136,102,1.3333333333333333,490,60,1,0.06,14.0,1,2.2,0,0.59,0.22,0.63,0
10,1839,0.005437737901033171,51,0,0,25.05,1.0,0,27.6,1,0.98,0.89,0.19,1
265,52,5.096153846153846,1688,111,1,0.62,11.0,0,0.0,1,0.74,0.03,0.55,0
74204,64739,1.1462024436583822,452,50,1,9.39,361.0,9,20.6,1,0.74,0.66,0.25,1
33764,71674,0.4710773781287496,333,56,1,6.75,295.0,7,10.2,1,0.85,0.47,0.32,1
10,102,0.09803921568627451,591,14,1,0.02,3.0,0,4.8,1,0.69,0.24,0.94,0
90,20,4.5,331,59,1,0.63,1.0,0,4.2,0,0.51,0.21,0.75,0
444,14,31.714285714285715,3123,89,1,0.89,27.0,2,1.8,0,0.65,0.15,0.95,0
5314,45,118.08888888888889,1410,83,0,0.07,74.0,6,6.1,0,0.32,0.24,0.63,0
44,5411,0.008131583810755868,33,0,1,45.72,0.0,0,29.6,0,0.92,0.99,0.01,1
5,1897,0.002635740643120717,72,10,1,42.73,2.0,0,23.9,0,0.92,0.64,0.05,1
83,14,5.928571428571429,618,89,1,0.19,2.0,0,6.9,1,0.31,0.16,0.52,0
42,5384,0.007800891530460624,85,10,0,39.44,1.0,0,27.9,0,0.92,0.67,0.13,1
282,89,3.168539325842697,1263,139,1,0.35,19.0,2,1.9,0,0.71,0.17,0.83,0
56,627,0.08931419457735247,67,0,1,37.58,1.0,0,24.3,0,0.93,0.89,0.11,1
1761,39,45.15384615384615,330,20,1,2.71,2.0,0,7.9,1,0.32,0.04,0.68,0
4270,29,147.24137931034483,2117,102,1,0.6,4.0,0,0.5,0,0.62,0.18,0.84,0
57,52,1.0961538461538463,3461,141,1,1.14,12.0,1,2.5,0,0.44,0.24,0.79,0
190,10,19.0,2232,124,1,0.75,7.0,0,0.2,0,0.87,0.0,0.68,0
91,3201,0.028428616057482037,92,0,0,29.2,2.0,0,17.9,0,0.92,0.72,0.03,1
1541,207,7.444444444444445,33,72,1,3.98,40.0,1,8.7,1,0.65,0.77,0.45,1
1254,463,2.7084233261339095,26,113,1,2.82,40.0,0,9.7,0,0.41,0.67,0.44,1
95,13,7.3076923076923075,1358,32,0,0.29,6.0,0,1.1,0,0.65,0.24,0.69,0
58,97,0.5979381443298969,2577,115,1,0.33,17.4,1,3.1,0,0.68,0.02,0.79,0
91,284,0.3204225352112676,2414,81,1,0.18,4.0,0,1.6,1,0.63,0.02,0.76,0
105,46,2.282608695652174,728,88,1,0.01,31.5,3,1.4,0,0.52,0.15,0.64,0
823,120,6.858333333333333,2809,80,1,0.69,25.0,2,6.8,0,0.82,0.2,0.59,0
2,11,0.18181818181818182,3070,79,1,1.05,0.6,0,4.7,0,0.32,0.1,0.95,0
32,19,1.6842105263157894,1865,49,1,1.15,1.0,0,6.5,1,0.33,0.2,0.74,0
75,156,0.4807692307692308,3833,34,1,0.53,2.0,0,2.0,1,0.83,0.22,0.64,0
482,1,482.0,1593,104,1,1.03,34.0,1,2.7,0,0.52,0.19,0.65,0
78,202,0.38613861386138615,313,53,1,0.84,2.0,0,1.1,1,0.71,0.18,0.89,0
74,4122,0.017952450266860747,87,0,0,22.04,0.0,0,21.5,1,0.86,0.62,0.2,1
556,127,4.377952755905512,2635,88,1,0.4,4.0,0,3.5,1,0.52,0.09,0.93,0
219,23,9.521739130434783,725,107,1,0.03,1.0,0,4.5,1,0.63,0.18,0.52,0
67,4079,0.016425594508457955,191,126,0,24.94,7.0,0,27.6,1,0.76,0.8,0.09,1
62,4380,0.014155251141552512,49,143,1,16.81,9.0,0,20.7,0,0.79,0.81,0.17,1
428,1517,0.2821357943309163,145,130,0,21.98,6.0,0,28.6,0,0.86,0.66,0.1,1
57703,77291,0.7465681644693432,477,61,1,4.06,383.0,6,11.5,1,0.82,0.51,0.31,1
67,91,0.7362637362637363,1259,101,1,0.48,7.0,0,5.9,0,0.45,0.04,0.81,0
74039,27206,2.721421745203264,205,90,1,11.68,548.0,7,14.0,1,0.88,0.44,0.22,1
1066,161,6.62111801242236,436,84,1,0.76,2.0,0,0.9,0,0.86,0.17,0.87,0
143,137,1.0437956204379562,3883,23,1,0.86,42.9,2,0.8,1,0.49,0.1,0.75,0
25730,60828,0.42299598868941934,282,75,1,5.25,186.0,8,19.4,1,0.66,0.48,0.3,1
511,486,1.051440329218107,3452,77,0,1.17,3.0,0,6.2,0,0.76,0.19,0.74,0
60,51,1.1764705882352942,3353,82,1,0.12,18.0,2,7.4,1,0.31,0.08,0.51,0
63,3314,0.019010259505129752,82,9,0,16.83,2.0,0,28.7,0,0.99,0.74,0.08,1
2064,1144,1.8041958041958042,789,49,1,0.62,223.0,33,2.8,0,0.36,0.18,0.55,0
159,50,3.18,511,85,0,0.75,17.0,1,4.2,0,0.6,0.16,0.92,0
130,24,5.416666666666667,3052,41,0,1.38,4.0,0,1.1,1,0.37,0.15,0.55,0
1971,169,11.662721893491124,689,96,1,0.45,114.0,13,3.0,1,0.77,0.1,0.94,0
28,57,0.49122807017543857,1030,50,1,2.05,8.4,1,0.1,0,0.78,0.02,0.69,0
49,36,1.3611111111111112,1479,87,1,1.03,10.0,0,7.3,0,0.41,0.22,0.62,0
90,2110,0.04265402843601896,103,0,0,22.17,2.0,0,22.9,0,0.87,0.65,0.08,1
227,1368,0.16593567251461988,81,148,1,29.59,0.0,0,22.9,0,0.92,0.64,0.17,1
204,87,2.3448275862068964,2046,135,0,1.22,25.0,1,2.4,1,0.72,0.05,0.62,0
7,5651,0.0012387188108299416,95,7,0,33.6,2.0,0,22.3,1,0.98,0.65,0.03,1
18,38,0.47368421052631576,3262,52,1,0.45,1.0,0,4.0,0,0.83,0.2,0.55,0
190,615,0.3089430894308943,441,21,1,0.83,46.0,4,5.4,0,0.37,0.05,0.78,0
1,15,0.06666666666666667,2472,92,1,0.82,0.3,0,3.1,0,0.9,0.12,0.83,0
354,1934,0.18304033092037228,197,158,1,22.82,0.0,0,26.7,0,0.88,0.83,0.13,1
474,6,79.0,3935,104,1,0.29,27.0,0,3.0,0,0.37,0.14,0.5,0
2,276,0.007246376811594203,2397,74,1,0.54,0.6,0,8.0,0,0.71,0.14,0.78,0
728,94,7.74468085106383,2170,80,1,0.51,18.0,0,4.8,0,0.6,0.02,0.71,0
2715,323,8.405572755417957,77,134,1,4.52,90.0,3,8.7,1,0.3,0.52,0.32,1
47,231,0.20346320346320346,2214,57,1,0.03,3.0,0,7.3,0,0.64,0.12,0.9,0
23,2401,0.009579341940857976,32,0,0,23.99,0.0,0,29.5,0,0.93,0.84,0.15,1
53,7,7.571428571428571,3925,80,1,2.82,3.0,0,3.2,0,0.76,0.11,0.66,0
40557,35203,1.1520893105701218,165,85,1,8.22,161.0,2,23.6,0,0.65,0.41,0.2,1
3742,278,13.46043165467626,39,133,1,3.75,68.0,2,7.8,1,0.65,0.49,0.37,1
1344,188,7.148936170212766,2320,54,1,0.29,3.0,0,0.4,1,0.76,0.2,0.7,0
1657,160,10.35625,3563,68,1,1.73,14.0,1,7.0,0,0.33,0.24,0.91,0
48,11,4.363636363636363,1603,80,1,1.36,14.399999999999999,0,0.7,1,0.75,0.13,0.89,0
410,111,3.6936936936936937,2939,99,1,0.59,123.0,6,8.0,1,0.45,0.16,0.73,0
5,31,0.16129032258064516,365,105,1,0.83,1.5,0,0.2,0,0.62,0.08,0.55,0
478,19,25.157894736842106,1764,79,1,1.28,11.0,0,3.8,0,0.44,0.13,0.5,0
74,4012,0.018444666001994018,44,7,1,41.19,2.0,0,27.4,0,0.93,0.94,0.16,1
5,12,0.4166666666666667,1750,50,1,0.54,1.5,0,0.5,1,0.63,0.06,0.89,0
246,31,7.935483870967742,1758,130,1,0.72,3.0,0,6.6,1,0.88,0.16,0.9,0
22830,60179,0.37936821814918825,402,62,1,13.09,138.0,2,18.9,0,0.84,0.64,0.1,1
326,4448,0.07329136690647482,181,101,1,5.11,4.0,0,24.4,1,0.86,0.77,0.14,1
90,2,45.0,1378,68,1,0.92,6.0,0,7.6,0,0.33,0.22,0.89,0
8,115,0.06956521739130435,719,56,1,1.07,2.4,0,2.2,0,0.75,0.09,0.69,0
32995,9369,3.521720567830078,237,52,1,7.46,199.0,6,10.5,1,0.73,0.52,0.23,1
29,1658,0.017490952955367914,2671,123,1,0.41,8.7,0,5.5,0,0.44,0.14,0.77,0
28,251,0.11155378486055777,1682,97,1,0.33,8.4,0,0.6,0,0.73,0.14,0.84,0
69,4076,0.016928361138370953,40,0,1,21.81,1.0,0,22.2,1,0.94,0.74,0.18,1
69,452,0.15265486725663716,351,90,1,0.69,15.0,0,0.1,0,0.45,0.21,0.71,0
16,101,0.15841584158415842,932,92,1,0.45,3.0,0,2.6,0,0.35,0.19,0.81,0
71,194,0.36597938144329895,490,35,1,0.03,21.3,0,5.5,1,0.86,0.01,0.6,0
375,2617,0.14329384791746275,193,141,1,13.26,5.0,0,21.4,1,0.7,0.53,0.18,1
38,62,0.6129032258064516,890,97,1,1.22,2.0,0,1.5,0,0.78,0.16,0.77,0
4,32,0.125,1422,105,1,0.37,1.2,0,6.5,0,0.79,0.1,0.77,0
219,27,8.11111111111111,1482,74,1,1.0,38.0,2,4.2,0,0.89,0.2,0.8,0
42,860,0.04883720930232558,450,133,1,0.2,9.0,1,6.3,0,0.54,0.13,0.66,0
2495,13,191.92307692307693,2516,76,1,1.92,13.0,0,7.7,1,0.95,0.17,0.85,0
35,53,0.660377358490566,1925,80,1,0.92,10.5,1,1.7,0,0.87,0.04,0.66,0
1718,50,34.36,2885,63,1,2.86,41.0,4,6.7,1,0.53,0.19,0.54,0
502,183,2.7431693989071038,1296,82,1,0.73,37.0,1,7.7,1,0.47,0.2,0.78,0
64,6854,0.009337613072658301,92,0,0,48.66,0.0,0,17.8,0,0.88,0.76,0.01,1
315,175,1.8,3949,111,0,0.01,42.0,4,5.9,0,0.87,0.21,0.93,0
268,1024,0.26171875,959,110,1,0.19,3.0,0,5.7,0,0.58,0.12,0.9,0
85996,15359,5.599062438960869,177,81,1,13.44,141.0,6,23.5,1,0.62,0.55,0.11,1
17,50,0.34,2420,74,1,0.07,1.0,0,4.9,1,0.57,0.1,0.54,0
128,3830,0.03342036553524804,102,126,0,22.71,6.0,0,21.0,0,0.73,0.77,0.09,1
401,14,28.642857142857142,3322,51,1,0.13,0.0,0,0.8,1,0.45,0.11,0.52,0
56279,59942,0.938890927896967,159,61,1,3.13,394.0,6,15.0,1,0.83,0.67,0.28,1
1,158,0.006329113924050633,1126,93,1,0.1,0.0,0,3.0,0,0.55,0.2,0.65,0
72,202,0.3564356435643564,1185,96,1,0.13,21.599999999999998,1,2.8,1,0.62,0.23,0.52,0
13,12,1.0833333333333333,1288,19,1,1.19,3.9,0,2.4,0,0.85,0.02,0.54,0
1212,101,12.0,3277,58,1,0.43,233.0,18,7.3,1,0.48,0.13,0.81,0
9,675,0.013333333333333334,20,0,0,21.49,0.0,0,21.7,1,0.94,0.75,0.05,1
6,80,0.075,2559,86,1,0.77,1.7999999999999998,0,5.9,0,0.94,0.11,0.55,0
1099,441,2.492063492063492,65,117,1,4.24,15.0,0,4.1,1,0.35,0.76,0.23,1
264,2024,0.13043478260869565,1550,71,1,0.46,50.0,3,3.7,1,0.79,0.13,0.6,0
163,2387,0.0682865521575199,19,128,1,13.24,8.0,0,27.0,1,0.83,0.58,0.29,1
85,3565,0.023842917251051893,35,13,0,23.31,0.0,0,17.8,1,0.96,0.87,0.15,1
416,1464,0.28415300546448086,13,107,0,24.87,0.0,0,28.9,0,0.88,0.71,0.11,1
184,32,5.75,2645,66,1,1.37,2.0,0,4.4,0,0.84,0.17,0.63,0
52,232,0.22413793103448276,1866,18,1,0.61,2.0,0,6.4,0,0.53,0.16,0.6,0
1342,4366,0.30737517178195145,1435,82,1,0.22,1.0,0,4.5,0,0.58,0.01,0.9,0
484,67,7.223880597014926,2588,73,1,0.15,7.0,0,3.8,0,0.58,0.2,0.92,0
62,2,31.0,1538,115,1,0.99,2.0,0,4.5,0,0.34,0.22,0.63,0
8,37,0.21621621621621623,1892,114,0,0.46,2.4,0,4.5,1,0.75,0.13,0.79,0
64,92,0.6956521739130435,2917,86,1,0.34,8.0,0,7.6,0,0.84,0.05,0.86,0
993,22,45.13636363636363,2747,37,1,0.91,10.0,0,5.6,0,0.88,0.06,0.94,0
231,1756,0.1315489749430524,88,144,1,26.43,1.0,0,28.5,1,0.88,0.67,0.06,1
28,2076,0.01348747591522158,1300,116,1,1.25,2.0,0,0.7,0,0.34,0.14,0.7,0
220,573,0.38394415357766143,2533,8,1,0.11,5.0,0,2.8,0,0.6,0.13,0.56,0
82,5619,0.014593344011389927,113,15,0,34.96,2.0,0,17.3,1,0.98,0.63,0.09,1
298,3195,0.09327073552425665,167,124,1,26.89,6.0,0,21.9,1,0.71,0.63,0.08,1
9713,36438,0.26656237993303694,215,64,1,7.35,49.0,1,18.2,1,0.64,0.37,0.35,1
961,11,87.36363636363636,1768,34,1,0.51,182.0,19,6.4,0,0.41,0.1,0.85,0
5348,69,77.5072463768116,3271,28,1,0.14,15.0,1,1.0,0,0.52,0.22,0.71,0
480,228,2.1052631578947367,2127,55,1,0.38,6.0,0,4.3,1,0.31,0.03,0.68,0
52,131,0.3969465648854962,3207,80,0,0.68,1.0,0,0.1,1,0.68,0.12,0.66,0
600,8,75.0,1317,83,0,0.45,9.0,0,1.2,0,0.39,0.15,0.92,0
351,3211,0.10931174089068826,165,149,1,12.38,8.0,0,24.0,0,0.85,0.57,0.19,1
33,6879,0.004797208896641954,36,9,1,36.79,0.0,0,18.5,0,0.87,0.62,0.19,1
476,4567,0.10422596890737902,55,124,0,5.41,2.0,0,22.9,0,0.82,0.86,0.07,1
99408,57657,1.724127165825485,145,32,1,14.32,531.0,11,20.7,0,0.83,0.66,0.18,1
33,535,0.0616822429906542,3297,75,1,0.07,6.0,0,3.1,0,0.64,0.07,0.82,0
337,2298,0.14664926022628372,96,101,0,5.87,4.0,0,25.1,1,0.98,0.87,0.21,1
123,5,24.6,601,31,1,0.14,9.0,0,0.6,0,0.64,0.1,0.74,0
6460,9,717.7777777777778,2984,120,1,0.76,13.0,0,6.7,0,0.39,0.12,0.62,0
33,6804,0.0048500881834215165,88,19,0,23.23,0.0,0,22.3,1,0.98,0.78,0.2,1
12,6657,0.0018026137899954935,7,0,0,32.28,1.0,0,23.3,1,0.98,0.9,0.14,1
197,505,0.3900990099009901,465,74,1,0.83,56.0,6,5.9,0,0.45,0.07,0.83,0
214,48,4.458333333333333,2364,111,1,0.53,14.0,0,2.2,1,0.91,0.07,0.71,0
87,3493,0.024906956770684226,111,16,0,41.13,1.0,0,24.9,1,0.89,0.73,0.1,1
6,73,0.0821917808219178,2626,81,1,0.83,1.7999999999999998,0,7.1,0,0.59,0.15,0.78,0
53,101,0.5247524752475248,1610,121,1,2.58,15.899999999999999,0,6.0,0,0.62,0.2,0.63,0
0,235,0.0,2564,56,1,0.97,0.0,0,1.0,1,0.67,0.21,0.9,0
816,2166,0.3767313019390582,1736,108,1,0.02,13.0,1,4.6,0,0.69,0.2,0.69,0
690,172,4.011627906976744,10,111,1,1.36,80.0,2,2.3,1,0.49,0.57,0.26,1
848,96,8.833333333333334,3407,107,1,0.25,47.0,1,0.1,1,0.87,0.06,0.94,0
73,41,1.7804878048780488,762,94,1,2.5,5.0,0,3.9,0,0.84,0.18,0.59,0
670,67,10.0,2696,61,1,1.46,2.0,0,3.0,1,0.31,0.24,0.56,0
36,198,0.18181818181818182,1121,24,1,0.33,3.0,0,6.9,0,0.84,0.22,0.76,0
24,151,0.15894039735099338,3324,79,1,0.81,7.199999999999999,0,1.5,0,0.94,0.22,0.77,0
458,379,1.20844327176781,2533,45,1,0.19,6.0,0,0.2,0,0.68,0.19,0.68,0
64,5633,0.011361619030711876,84,5,0,47.87,0.0,0,18.9,1,0.96,0.88,0.1,1
9,41,0.21951219512195122,1470,41,1,1.42,2.0,0,1.9,0,0.63,0.13,0.9,0
14,241,0.058091286307053944,1737,129,1,0.07,4.2,0,3.8,0,0.78,0.12,0.55,0
506,280,1.8071428571428572,884,63,1,0.77,1.0,0,3.7,0,0.32,0.06,0.82,0
10,7,1.4285714285714286,818,78,1,0.43,3.0,0,6.6,1,0.44,0.08,0.85,0
1673,298,5.614093959731544,2931,115,1,0.24,35.0,4,0.1,0,0.77,0.11,0.51,0
80,6714,0.011915400655347037,1,11,0,13.84,1.0,0,16.8,1,0.89,0.82,0.07,1
10,3,3.3333333333333335,3599,68,1,4.4,3.0,0,6.3,0,0.53,0.09,0.83,0
1281,107,11.97196261682243,3131,57,1,1.16,23.0,2,7.1,1,0.46,0.22,0.78,0
31404,21160,1.4841209829867674,192,45,1,10.47,196.0,4,19.0,0,0.67,0.62,0.23,1
60,516,0.11627906976744186,517,44,1,3.43,18.0,2,2.3,1,0.34,0.03,0.76,0
50,6761,0.007395355716609969,77,0,0,19.88,2.0,0,21.9,0,0.88,0.78,0.19,1
141,27,5.222222222222222,2461,104,1,0.01,3.0,0,3.9,1,0.95,0.22,0.63,0
3682,24,153.41666666666666,3006,95,0,0.43,12.0,1,4.3,0,0.34,0.14,0.91,0
23,28,0.8214285714285714,3519,71,1,1.19,1.0,0,2.8,0,0.85,0.14,0.82,0
2838,10,283.8,607,57,1,0.56,0.0,0,0.4,0,0.46,0.02,0.69,0
213,208,1.0240384615384615,250,56,1,0.14,63.9,5,6.0,1,0.91,0.05,0.53,0
1013,152,6.6644736842105265,2449,46,1,0.17,6.0,0,6.6,1,0.38,0.06,0.75,0
35,280,0.125,440,19,1,0.11,2.0,0,0.5,1,0.46,0.24,0.54,0
175,481,0.36382536382536385,2876,97,0,0.32,0.0,0,1.4,1,0.81,0.21,0.8,0
4,22,0.18181818181818182,1914,65,1,2.42,1.2,0,4.5,0,0.62,0.16,0.6,0
14271,23410,0.6096112772319522,434,71,1,3.07,130.0,4,24.8,1,0.83,0.59,0.14,1
31,17,1.8235294117647058,928,99,1,0.88,9.299999999999999,0,3.6,0,0.71,0.2,0.63,0
202,71,2.8450704225352115,3654,27,1,0.92,6.0,0,7.3,0,0.72,0.14,0.52,0
219,1356,0.16150442477876106,90,128,1,17.2,0.0,0,28.9,1,0.89,0.52,0.26,1
35,31,1.1290322580645162,948,64,1,0.5,10.5,0,4.0,1,0.39,0.22,0.84,0
71,162,0.4382716049382716,3536,45,1,0.59,13.0,0,3.2,0,0.66,0.07,0.92,0
13,169,0.07692307692307693,2684,145,1,0.46,3.0,0,7.0,0,0.45,0.01,0.8,0
251,169,1.485207100591716,1050,99,1,1.06,16.0,2,5.5,1,0.46,0.15,0.62,0
23,3528,0.006519274376417234,7,7,0,29.79,1.0,0,27.5,1,0.95,0.97,0.12,1
242,1046,0.23135755258126195,1945,62,1,0.48,3.0,0,1.2,0,0.72,0.13,0.9,0
79,474,0.16666666666666666,296,40,1,0.4,8.0,0,7.7,1,0.56,0.04,0.81,0
80,15,5.333333333333333,1602,39,1,0.57,6.0,0,3.1,1,0.76,0.07,0.61,0
117,49,2.3877551020408165,1186,69,1,1.04,2.0,0,7.3,1,0.34,0.13,0.5,0
485,1314,0.3691019786910198,60,158,1,19.28,0.0,0,22.8,0,0.71,0.56,0.21,1
226,129,1.751937984496124,650,124,1,1.57,2.0,0,3.4,1,0.55,0.0,0.9,0
36,6046,0.005954349983460139,60,17,0,35.16,0.0,0,26.2,1,1.0,0.79,0.03,1
29,1052,0.027566539923954372,1815,109,0,0.11,8.7,0,5.8,0,0.48,0.02,0.54,0
12,5547,0.002163331530557058,95,0,0,25.56,0.0,0,21.0,0,0.93,0.62,0.13,1
2586,35,73.88571428571429,659,58,1,0.67,37.0,5,3.1,1,0.31,0.21,0.74,0
171,32,5.34375,2855,72,1,0.73,42.0,1,0.6,1,0.54,0.19,0.58,0
255,373,0.6836461126005362,3293,153,1,1.91,27.0,0,2.6,0,0.92,0.25,0.79,0
126,51,2.4705882352941178,3734,58,1,0.25,16.0,0,2.4,0,0.65,0.12,0.82,0
64076,95433,0.6714239309253612,488,49,1,8.79,354.0,2,12.7,1,0.92,0.44,0.13,1
4,849,0.004711425206124852,1944,85,1,0.01,1.2,0,7.5,0,0.75,0.23,0.82,0
5,688,0.007267441860465116,1529,89,0,0.71,1.5,0,0.4,0,0.85,0.09,0.78,0
41,168,0.24404761904761904,3870,65,1,0.11,12.299999999999999,0,6.0,0,0.81,0.19,0.77,0
206,16,12.875,2568,78,1,0.04,61.8,8,2.6,0,0.9,0.2,0.79,0
567,4,141.75,1501,120,1,0.77,6.0,0,2.4,0,0.66,0.12,0.8,0
3,109,0.027522935779816515,3988,69,1,0.34,0.0,0,6.0,0,0.67,0.07,0.87,0
68,4815,0.014122533748701973,53,0,0,22.94,2.0,0,19.7,1,0.98,0.77,0.09,1
1651,35,47.17142857142857,2334,106,1,1.27,2.0,0,4.9,0,0.39,0.07,0.69,0
50257,61329,0.8194655057150777,465,67,1,5.84,384.0,17,15.6,0,0.7,0.4,0.12,1
34,56,0.6071428571428571,736,79,0,0.1,5.0,0,5.9,0,0.72,0.21,0.55,0
290,1791,0.16192071468453378,63,129,0,11.8,8.0,0,28.1,0,0.78,0.72,0.14,1
18022,83171,0.21668610453162762,311,52,1,13.21,119.0,4,21.8,0,0.95,0.35,0.32,1
390,108,3.611111111111111,3393,74,1,2.38,6.0,0,1.9,0,0.85,0.06,0.58,0
1974,437,4.517162471395881,80,114,1,3.5,59.0,0,2.1,1,0.51,0.42,0.34,1
17,4151,0.004095398699108649,82,0,0,26.54,2.0,0,16.2,0,0.86,0.8,0.02,1
122,48,2.5416666666666665,2843,95,1,1.74,2.0,0,2.4,1,0.57,0.06,0.8,0
2260,67,33.73134328358209,3170,80,1,0.03,0.0,0,6.2,1,0.94,0.04,0.91,0
171,241,0.7095435684647303,2863,95,1,0.12,2.0,0,2.4,1,0.37,0.17,0.6,0
12,197,0.06091370558375635,3335,126,1,1.92,3.5999999999999996,0,3.1,1,0.35,0.04,0.95,0
566,43,13.162790697674419,3813,92,1,0.43,10.0,1,2.4,1,0.73,0.1,0.56,0
430,19,22.63157894736842,2395,40,1,0.11,81.0,7,2.2,0,0.51,0.2,0.9,0
298,1345,0.22156133828996283,87,131,1,22.51,7.0,0,24.6,1,0.82,0.78,0.19,1
78696,82291,0.9563135701352518,194,55,1,12.79,106.0,0,17.7,0,0.92,0.65,0.34,1
35,103,0.33980582524271846,2555,81,1,0.01,9.0,0,1.0,0,0.47,0.09,0.72,0
103,137,0.7518248175182481,3649,83,1,0.52,8.0,0,5.6,1,0.66,0.06,0.93,0
497,2413,0.20596767509324493,127,139,1,25.17,4.0,0,25.0,1,0.89,0.66,0.13,1
725,74,9.797297297297296,1497,37,1,1.97,6.0,0,5.9,1,0.38,0.02,0.83,0
2107,237,8.890295358649789,1983,71,1,1.81,6.0,0,4.5,1,0.57,0.08,0.79,0
120,536,0.22388059701492538,2092,55,1,2.35,1.0,0,1.2,1,0.85,0.09,0.64,0
32897,17532,1.8763974446725986,118,44,1,4.38,98.0,4,18.7,1,0.69,0.44,0.12,1
70453,59868,1.1768056390726265,473,52,1,4.12,692.0,24,16.6,1,0.75,0.34,0.32,1
217,271,0.8007380073800738,3263,63,1,0.43,0.0,0,0.2,1,0.72,0.18,0.76,0
842,27,31.185185185185187,2128,148,1,0.08,2.0,0,7.4,1,0.84,0.17,0.51,0
318,307,1.0358306188925082,1565,136,0,3.24,0.0,0,6.8,1,0.54,0.04,0.59,0
54056,87439,0.6182138405059527,350,85,1,5.06,138.0,2,13.2,0,0.72,0.66,0.33,1
38326,25752,1.4882727555141348,208,43,1,4.55,163.0,7,12.2,1,0.78,0.31,0.23,1
4914,413,11.898305084745763,85,96,1,2.99,27.0,0,7.1,1,0.62,0.6,0.29,1
378,2014,0.18768619662363456,73,143,0,10.18,3.0,0,28.7,1,0.91,0.56,0.15,1
386,2619,0.14738449789996183,196,114,0,23.74,5.0,0,23.5,1,0.83,0.75,0.18,1
57,77,0.7402597402597403,365,105,1,0.8,1.0,0,0.2,1,0.53,0.04,0.53,0
94,72,1.3055555555555556,3726,133,1,0.34,28.2,2,0.3,1,0.84,0.19,0.66,0
179,2430,0.07366255144032922,106,114,0,23.67,9.0,0,24.2,1,0.95,0.81,0.26,1
2796,103,27.145631067961165,35,63,1,4.4,6.0,0,6.7,1,0.34,0.4,0.28,1
68,249,0.27309236947791166,577,8,1,0.04,2.0,0,4.7,0,0.37,0.09,0.87,0
59,6166,0.009568602011028219,56,0,0,12.86,1.0,0,18.9,1,0.99,0.9,0.11,1
31,38,0.8157894736842105,3616,73,1,0.72,7.0,0,4.0,1,0.67,0.1,0.88,0
4788,468,10.23076923076923,28,85,1,3.96,94.0,3,3.1,1,0.45,0.73,0.35,1
66,9,7.333333333333333,3249,84,1,2.6,12.0,0,1.4,0,0.63,0.19,0.89,0
3811,413,9.227602905569007,82,111,1,4.34,71.0,1,5.7,1,0.38,0.57,0.26,1
73,6072,0.01202239789196311,97,0,1,49.42,0.0,0,18.2,1,0.97,0.76,0.02,1
4,5509,0.0007260845888546016,3262,120,1,0.81,1.2,0,7.2,1,0.69,0.11,0.67,0
55,16,3.4375,673,28,1,0.08,7.0,0,7.9,1,0.87,0.21,0.93,0
12,83,0.14457831325301204,2384,91,1,0.05,3.5999999999999996,0,1.2,0,0.52,0.07,0.52,0
2343,345,6.791304347826087,83,72,1,2.79,56.0,2,8.7,0,0.7,0.68,0.39,1
1043,63,16.555555555555557,55,92,1,3.29,49.0,1,5.7,0,0.64,0.48,0.35,1
47618,17608,2.704338936846888,456,79,1,5.02,153.0,3,14.0,1,0.94,0.65,0.2,1
860,319,2.695924764890282,32,73,1,3.16,21.0,0,7.4,0,0.31,0.6,0.27,1
11,26,0.4230769230769231,1516,52,1,0.08,3.3,0,3.0,0,0.77,0.05,0.9,0
97,5661,0.017134781840664193,105,11,0,37.51,0.0,0,23.3,0,0.88,0.66,0.02,1
901,21,42.904761904761905,1997,77,1,0.09,139.0,16,6.1,1,0.51,0.05,0.87,0
81719,57240,1.4276554856743535,454,97,1,8.65,245.0,8,17.8,1,0.95,0.42,0.29,1
2605,282,9.23758865248227,26,79,1,3.93,40.0,0,7.8,1,0.61,0.76,0.33,1
1459,314,4.646496815286624,67,131,1,1.09,99.0,4,9.4,0,0.35,0.62,0.29,1
962,115,8.365217391304348,2611,112,1,0.94,77.0,2,6.9,0,0.46,0.19,0.51,0
35,53,0.660377358490566,588,101,1,0.02,10.5,0,0.5,1,0.58,0.06,0.73,0
304,111,2.7387387387387387,1563,55,1,0.18,84.0,10,2.1,1,0.95,0.08,0.69,0
12,268,0.04477611940298507,3631,88,1,0.35,3.5999999999999996,0,6.8,1,0.3,0.07,0.63,0
136,87,1.5632183908045978,2133,83,1,0.45,1.0,0,0.5,0,0.5,0.06,0.77,0
285,36,7.916666666666667,2817,113,1,0.66,3.0,0,0.9,1,0.8,0.07,0.5,0
1357,271,5.007380073800738,1996,100,1,0.15,4.0,0,0.7,0,0.71,0.25,0.65,0
737,236,3.1228813559322033,2951,99,1,0.29,2.0,0,6.7,0,0.31,0.09,0.72,0
8,216,0.037037037037037035,903,92,1,0.76,2.4,0,1.3,0,0.48,0.02,0.71,0
1026,147,6.979591836734694,2422,84,1,0.47,12.0,1,3.1,1,0.69,0.23,0.92,0
154,215,0.7162790697674418,3935,83,1,1.48,4.0,0,2.1,0,0.54,0.0,0.68,0
19,7334,0.0025906735751295338,104,8,0,12.1,1.0,0,20.0,0,0.89,0.81,0.16,1
534,67,7.970149253731344,416,47,0,0.47,19.0,1,2.0,0,0.73,0.19,0.84,0
669,154,4.3441558441558445,296,91,1,0.02,36.0,1,7.3,0,0.9,0.11,0.92,0
34,284,0.11971830985915492,2965,61,0,0.22,1.0,0,2.4,1,0.62,0.09,0.81,0
180,74,2.4324324324324325,862,43,1,0.22,35.0,3,6.8,0,0.56,0.17,0.59,0
1100,63,17.46031746031746,2296,95,1,0.19,116.0,3,0.9,1,0.57,0.04,0.89,0
25,16,1.5625,3224,89,1,0.27,1.0,0,5.2,0,0.77,0.05,0.5,0
443,309,1.4336569579288025,3669,80,1,0.19,3.0,0,3.4,0,0.62,0.12,0.69,0
81,2773,0.029210241615578794,67,129,1,24.63,1.0,0,20.8,0,0.82,0.86,0.26,1
217,2548,0.08516483516483517,127,141,0,19.23,2.0,0,29.9,1,0.9,0.65,0.29,1
79,58,1.3620689655172413,1022,136,1,0.64,23.7,1,5.6,0,0.75,0.01,0.71,0
88,316,0.27848101265822783,1628,66,1,0.75,20.0,1,7.5,0,0.63,0.13,0.83,0
4605,69,66.73913043478261,1252,49,1,2.53,25.0,2,0.4,0,0.4,0.18,0.74,0
115,3444,0.03339140534262486,115,125,0,15.53,1.0,0,20.3,1,0.96,0.69,0.19,1
45444,32403,1.4024627349319507,61,40,1,3.07,289.0,9,20.0,1,0.87,0.37,0.13,1
61,700,0.08714285714285715,3930,125,1,3.15,1.0,0,6.0,1,0.8,0.19,0.8,0
16,1039,0.015399422521655439,2667,89,0,0.04,3.0,0,3.3,0,0.81,0.14,0.83,0
106,190,0.5578947368421052,3873,86,1,0.38,31.799999999999997,3,4.6,0,0.71,0.18,0.51,0
1293,44,29.386363636363637,3315,15,1,1.31,7.0,0,1.7,1,0.6,0.12,0.88,0
22,184,0.11956521739130435,2038,98,1,0.88,6.6,0,7.6,1,0.8,0.07,0.92,0
6,68,0.08823529411764706,3790,103,1,0.06,1.7999999999999998,0,1.2,1,0.57,0.04,0.88,0
237,2172,0.10911602209944751,95,117,1,20.27,4.0,0,26.8,0,0.94,0.88,0.09,1
679,62,10.951612903225806,513,51,1,0.78,0.0,0,6.9,0,0.89,0.0,0.78,0
61,8,7.625,2042,92,1,0.28,3.0,0,0.6,0,0.4,0.09,0.78,0
73,1102,0.0662431941923775,22,0,0,37.93,1.0,0,27.3,0,0.88,0.97,0.14,1
39,17,2.2941176470588234,755,43,1,1.15,11.7,1,5.0,0,0.49,0.09,0.82,0
169,36,4.694444444444445,3978,41,1,0.9,1.0,0,0.8,0,0.73,0.12,0.8,0
31,6001,0.005165805699050158,43,13,0,20.82,0.0,0,26.7,0,0.98,0.61,0.12,1
108,30,3.6,1468,67,1,0.74,32.4,4,7.5,0,0.77,0.21,0.9,0
2696,1084,2.4870848708487086,741,123,1,0.13,5.0,0,5.9,0,0.71,0.21,0.88,0
168,23,7.304347826086956,1292,86,1,1.85,14.0,0,5.9,0,0.31,0.09,0.51,0
22,48,0.4583333333333333,2609,119,1,0.1,0.0,0,3.3,1,0.56,0.02,0.81,0
163,285,0.5719298245614035,1169,68,1,0.66,4.0,0,1.3,0,0.7,0.24,0.83,0
1706,215,7.934883720930233,632,114,1,0.68,7.0,0,1.5,0,0.52,0.01,0.51,0
1200,152,7.894736842105263,929,78,1,0.62,2.0,0,0.5,1,0.68,0.14,0.61,0
1775,320,5.546875,457,82,1,1.57,3.0,0,5.6,0,0.51,0.06,0.65,0
44,39,1.1282051282051282,1917,54,1,0.62,13.2,1,3.1,0,0.93,0.17,0.82,0
2618,53,49.39622641509434,2029,90,1,1.33,94.0,4,1.8,0,0.47,0.0,0.79,0
3,50,0.06,2720,67,1,3.21,0.8999999999999999,0,7.2,0,0.45,0.1,0.82,0
644,195,3.3025641025641024,24,159,1,2.18,41.0,1,8.8,1,0.67,0.78,0.37,1
97687,19370,5.043211151264843,499,80,1,8.48,329.0,12,19.4,1,0.65,0.68,0.16,1
760,19,40.0,558,78,1,0.16,14.0,0,6.2,0,0.7,0.05,0.63,0
10,36,0.2777777777777778,2608,69,1,2.01,3.0,0,3.4,0,0.59,0.08,0.53,0
33,17,1.9411764705882353,3331,72,1,0.17,5.0,0,3.4,0,0.85,0.24,0.53,0
22217,94,236.35106382978722,2978,45,1,2.15,1.0,0,7.6,0,0.94,0.09,0.93,0
13,710,0.018309859154929577,1662,110,1,0.17,2.0,0,6.8,0,0.52,0.23,0.53,0
55,802,0.0685785536159601,1999,102,1,0.02,16.5,0,6.8,0,0.55,0.15,0.91,0
17,27,0.6296296296296297,1550,84,1,0.54,5.1,0,0.5,0,0.77,0.05,0.82,0
3,781,0.0038412291933418692,66,0,0,43.31,2.0,0,27.9,0,0.99,0.87,0.2,1
85,1084,0.07841328413284133,103,13,0,48.56,0.0,0,15.2,1,0.88,0.92,0.02,1
0,75,0.0,1680,160,1,0.99,0.0,0,3.3,0,0.65,0.11,0.9,0
327,2902,0.11268090971743625,116,117,1,20.17,0.0,0,20.7,1,0.77,0.58,0.14,1
13563,22414,0.6051128758811457,263,74,1,10.65,95.0,0,20.7,1,0.78,0.53,0.1,1
317,4887,0.06486597094331902,95,155,0,26.11,3.0,0,27.5,1,0.86,0.58,0.08,1
380,159,2.389937106918239,1757,109,1,0.33,49.0,1,7.9,0,0.81,0.2,0.68,0
3476,25,139.04,515,76,1,0.8,1042.8,100,5.2,1,0.66,0.15,0.59,0
83,114,0.7280701754385965,3697,82,1,1.08,20.0,1,3.9,0,0.92,0.23,0.62,0
752,37,20.324324324324323,292,61,0,1.27,3.0,0,3.5,0,0.85,0.1,0.95,0
13,90,0.14444444444444443,3022,57,1,0.77,3.9,0,0.4,0,0.54,0.23,0.52,0
55574,53843,1.0321490258715154,198,71,1,6.22,233.0,4,19.5,0,0.82,0.53,0.3,1
64623,10385,6.222725084256139,457,31,1,12.64,343.0,12,22.3,1,0.76,0.56,0.21,1
20,369,0.05420054200542006,1759,75,1,0.16,6.0,0,5.7,1,0.67,0.06,0.93,0
499,4754,0.10496424063946151,198,141,1,27.33,8.0,0,21.4,1,0.92,0.87,0.27,1
65,4,16.25,3459,64,1,0.28,2.0,0,2.1,0,0.63,0.02,0.78,0
47,2556,0.018388106416275432,8,6,0,31.97,2.0,0,21.1,1,0.88,0.68,0.0,1
165,464,0.35560344827586204,2438,62,1,1.3,9.0,0,2.7,0,0.65,0.23,0.66,0
10,22,0.45454545454545453,1311,21,1,0.2,1.0,0,6.3,1,0.57,0.22,0.93,0
26,86,0.3023255813953488,3401,85,1,2.26,7.8,0,4.8,0,0.72,0.01,0.83,0
68,56,1.2142857142857142,957,67,1,0.02,20.4,0,3.6,0,0.88,0.02,0.74,0
62,3915,0.01583652618135377,36,0,0,39.69,0.0,0,23.9,1,0.91,0.91,0.04,1
251,18,13.944444444444445,1382,106,1,0.35,19.0,1,5.4,0,0.46,0.22,0.92,0
446,7,63.714285714285715,407,53,1,1.83,9.0,0,5.0,1,0.55,0.07,0.6,0
40,140,0.2857142857142857,973,82,1,0.95,1.0,0,0.1,0,0.42,0.21,0.66,0
955,334,2.8592814371257487,12,128,1,1.38,26.0,0,7.2,0,0.41,0.61,0.24,1
73,666,0.10960960960960961,33,0,0,12.21,0.0,0,24.6,1,0.91,0.79,0.04,1
23448,42238,0.5551399213977934,285,78,1,11.91,172.0,5,11.4,1,0.74,0.41,0.22,1
37,60,0.6166666666666667,820,108,1,0.32,0.0,0,7.5,0,0.4,0.14,0.74,0
3,139,0.02158273381294964,2692,104,1,3.55,0.8999999999999999,0,6.8,1,0.53,0.18,0.79,0
37,81,0.4567901234567901,3980,84,0,0.22,7.0,0,1.0,1,0.37,0.17,0.53,0
222,3,74.0,3445,101,1,0.43,26.0,1,0.5,0,0.34,0.19,0.67,0
442,4,110.5,2291,114,1,0.02,65.0,9,0.6,0,0.9,0.12,0.53,0
73,1782,0.0409652076318743,15,0,0,17.07,1.0,0,19.3,0,0.9,0.89,0.08,1
2468,121,20.39669421487603,318,79,1,0.28,20.0,0,6.3,0,0.57,0.24,0.87,0
143,214,0.6682242990654206,599,21,1,0.08,42.9,3,1.2,1,0.78,0.12,0.67,0
47,206,0.22815533980582525,1796,87,1,0.2,0.0,0,3.9,1,0.94,0.22,0.9,0
419,15,27.933333333333334,2378,140,1,0.01,66.0,9,6.6,1,0.57,0.19,0.94,0
5632,250,22.528,506,37,1,1.19,41.0,4,1.0,0,0.93,0.04,0.88,0
0,1116,0.0,114,10,1,34.59,1.0,0,15.0,0,0.91,0.88,0.04,1
352,4878,0.07216072160721607,180,134,0,14.09,5.0,0,24.0,1,0.8,0.79,0.12,1
28,3769,0.007429026266914301,13,5,0,30.79,1.0,0,28.9,1,0.97,0.67,0.16,1
169,1115,0.1515695067264574,3629,81,1,4.53,46.0,2,2.6,1,0.88,0.19,0.55,0
54,7108,0.0075970737197523916,103,0,1,12.74,2.0,0,19.3,1,0.9,0.66,0.04,1
3007,241,12.477178423236515,43,127,1,3.28,79.0,3,5.4,0,0.47,0.7,0.39,1
92,3010,0.030564784053156147,45,0,0,28.0,1.0,0,22.4,1,0.99,0.71,0.06,1
288,107,2.691588785046729,2428,79,0,0.39,3.0,0,0.9,1,0.87,0.08,0.64,0
5,16,0.3125,3132,67,1,0.37,1.5,0,6.4,0,0.42,0.09,0.55,0
3,475,0.00631578947368421,445,51,1,1.3,0.8999999999999999,0,1.2,0,0.5,0.06,0.71,0
4663,228,20.45175438596491,40,141,1,2.98,80.0,3,2.3,0,0.4,0.44,0.34,1
144,67,2.1492537313432836,274,81,1,0.09,43.199999999999996,3,7.5,0,0.86,0.09,0.52,0
82,4833,0.01696668735774881,67,0,0,47.5,0.0,0,25.0,0,0.89,1.0,0.18,1
271,147,1.8435374149659864,1360,13,1,0.33,11.0,0,4.9,0,0.6,0.02,0.86,0
54,5279,0.010229210077666225,72,0,0,25.62,2.0,0,21.0,1,0.86,0.9,0.18,1
4,127,0.031496062992125984,3220,86,1,4.17,1.2,0,5.8,0,0.65,0.16,0.78,0
202,1671,0.12088569718731298,79,158,0,20.43,1.0,0,28.8,0,0.79,0.72,0.28,1
56,203,0.27586206896551724,1661,106,1,1.46,16.8,1,5.7,0,0.4,0.23,0.74,0
68,269,0.2527881040892193,3048,93,1,2.46,20.4,1,1.0,1,0.72,0.11,0.54,0
763,294,2.5952380952380953,1666,61,1,0.16,100.0,5,4.4,1,0.58,0.12,0.89,0
27,3765,0.007171314741035857,116,0,0,35.86,2.0,0,17.1,0,0.9,0.82,0.16,1
151,46,3.282608695652174,1620,102,1,0.41,1.0,0,4.7,1,0.44,0.18,0.64,0
42,4517,0.009298206774407793,110,0,1,18.07,1.0,0,25.2,1,0.95,0.63,0.15,1
504,234,2.1538461538461537,1148,89,1,0.04,8.0,1,2.8,1,0.72,0.17,0.66,0
71558,83964,0.8522462007527035,107,62,1,6.44,233.0,7,20.7,1,0.89,0.35,0.14,1
14872,9,1652.4444444444443,2712,94,0,1.02,16.0,0,7.0,1,0.45,0.22,0.62,0
389,4187,0.0929066157153093,189,142,0,7.38,1.0,0,21.6,1,0.74,0.54,0.08,1
22460,19629,1.1442253808141016,128,91,1,11.54,90.0,1,23.5,1,0.93,0.46,0.25,1
2578,9,286.44444444444446,477,113,1,1.88,5.0,0,7.4,0,0.6,0.14,0.88,0
88,2177,0.040422599908130456,66,11,0,11.56,2.0,0,29.3,1,0.9,0.7,0.09,1
51580,81958,0.6293467385734156,190,90,1,12.97,228.0,3,16.2,0,0.72,0.31,0.31,1
2852,1371,2.0802334062727934,2611,39,1,0.11,2.0,0,0.3,1,0.46,0.0,0.61,0
2633,99,26.595959595959595,3360,66,1,0.19,49.0,5,7.6,1,0.59,0.16,0.82,0
1588,346,4.589595375722543,2817,89,1,0.02,3.0,0,3.5,0,0.76,0.08,0.64,0
82047,76129,1.0777364736171497,416,81,1,8.35,743.0,10,23.7,1,0.75,0.49,0.25,1
39,5235,0.007449856733524355,105,13,0,46.73,1.0,0,19.3,0,0.95,0.7,0.08,1
179,4131,0.043330912611958365,52,114,1,14.87,5.0,0,25.2,1,0.92,0.79,0.06,1
244,359,0.6796657381615598,2829,69,0,2.38,10.0,1,7.5,0,0.74,0.21,0.77,0
2844,265,10.732075471698113,3087,100,1,0.41,69.0,8,7.6,1,0.65,0.08,0.6,0
23,4469,0.005146565227120161,10,8,0,16.78,1.0,0,24.1,0,0.92,0.98,0.02,1
50,118,0.423728813559322,1420,69,1,0.69,0.0,0,7.6,0,0.67,0.16,0.56,0
74122,93537,0.792435079166533,173,78,1,7.11,552.0,19,12.1,1,0.76,0.37,0.2,1
28,281,0.099644128113879,1455,91,1,0.06,8.4,0,5.8,0,0.77,0.21,0.84,0
98,6604,0.014839491217443974,40,8,0,23.37,0.0,0,29.7,0,0.93,0.9,0.14,1
48334,81435,0.5935285810769325,144,56,1,3.96,399.0,11,24.6,1,0.8,0.61,0.22,1
162,229,0.7074235807860262,2592,47,1,0.08,14.0,1,3.6,0,0.44,0.04,0.68,0
352,1701,0.2069370958259847,63,114,1,6.89,5.0,0,20.9,0,0.8,0.77,0.15,1
128,405,0.3160493827160494,636,109,1,1.18,38.4,3,4.2,0,0.32,0.03,0.51,0
221,81,2.728395061728395,2834,42,1,0.15,6.0,0,7.3,0,0.41,0.01,0.65,0
465,1019,0.4563297350343474,736,48,1,0.58,4.0,0,6.0,1,0.92,0.09,0.64,0
50,112,0.44642857142857145,3375,160,1,0.15,15.0,0,2.6,0,0.44,0.03,0.94,0
48,34,1.411764705882353,2706,78,1,1.31,0.0,0,1.1,0,0.83,0.14,0.55,0
44,90,0.4888888888888889,1511,94,1,0.55,2.0,0,7.6,1,0.64,0.18,0.75,0
23,579,0.039723661485319514,900,86,1,0.62,1.0,0,5.9,1,0.79,0.17,0.51,0
696,393,1.7709923664122138,57,132,1,2.03,6.0,0,2.3,0,0.59,0.65,0.45,1
67793,10385,6.527973038035628,379,58,1,14.29,660.0,2,16.7,1,0.94,0.42,0.3,1
253,68,3.7205882352941178,2850,88,0,0.34,1.0,0,7.5,0,0.57,0.07,0.9,0
62449,97760,0.6387990998363339,215,76,1,14.03,462.0,12,10.6,1,0.82,0.52,0.25,1
69,4907,0.014061544732015489,134,141,1,25.62,8.0,0,21.6,1,0.92,0.73,0.24,1
148,73,2.0273972602739727,2545,60,1,0.43,5.0,0,0.3,0,0.39,0.04,0.71,0
1565,70,22.357142857142858,1305,66,1,0.9,63.0,1,3.4,1,0.69,0.01,0.78,0
13721,66189,0.2073003066974875,149,75,1,8.13,92.0,3,16.4,0,0.92,0.31,0.16,1
304,20,15.2,2715,86,1,0.74,0.0,0,7.1,1,0.47,0.21,0.87,0
286,4491,0.06368292139835226,23,132,0,29.27,7.0,0,25.5,0,0.92,0.9,0.27,1
417,2631,0.15849486887115166,183,150,1,8.89,2.0,0,23.6,0,0.87,0.55,0.18,1
47,355,0.1323943661971831,3673,93,1,0.24,7.0,1,1.8,1,0.86,0.03,0.54,0
94,841,0.1117717003567182,1700,68,1,0.23,9.0,0,6.0,0,0.34,0.24,0.92,0
60,383,0.1566579634464752,3838,90,1,3.35,18.0,1,7.6,0,0.61,0.11,0.65,0
12,774,0.015503875968992248,86,14,0,48.09,2.0,0,21.6,1,0.9,0.68,0.05,1
216,4,54.0,1879,108,1,1.43,6.0,0,1.1,0,0.68,0.13,0.74,0
28,147,0.19047619047619047,1294,110,1,1.28,8.4,0,2.8,0,0.63,0.16,0.72,0
611,1762,0.34676503972758227,1298,40,1,0.94,170.0,6,1.5,0,0.73,0.16,0.69,0
470,91,5.164835164835165,941,115,1,1.05,4.0,0,5.6,0,0.6,0.12,0.68,0
20241,9573,2.1143842055781885,326,58,1,13.91,83.0,3,16.2,1,0.78,0.62,0.18,1
116,34,3.411764705882353,2229,82,1,1.61,1.0,0,3.9,0,0.73,0.1,0.52,0
51,6384,0.007988721804511278,85,17,0,21.48,1.0,0,22.8,1,0.89,0.75,0.14,1
31,346,0.08959537572254335,1839,22,1,0.11,9.299999999999999,0,1.6,1,0.47,0.11,0.73,0
102,156,0.6538461538461539,1097,130,1,0.96,30.599999999999998,0,5.5,0,0.75,0.12,0.94,0
392,2122,0.18473138548539114,1934,20,1,1.11,12.0,0,5.5,1,0.63,0.23,0.52,0
643,632,1.0174050632911393,419,122,1,0.03,24.0,3,7.3,0,0.61,0.01,0.75,0
48,122,0.39344262295081966,1689,68,1,0.03,7.0,0,1.3,0,0.66,0.06,0.73,0
392,19,20.63157894736842,2914,66,1,0.9,4.0,0,4.3,1,0.86,0.04,0.66,0
10,808,0.012376237623762377,2610,104,1,0.29,3.0,0,7.3,1,0.39,0.03,0.92,0
202,1834,0.11014176663031625,50,120,1,19.6,3.0,0,23.6,1,0.7,0.5,0.28,1
362,34,10.647058823529411,2610,66,1,0.44,6.0,0,4.0,0,0.61,0.07,0.66,0
10,41,0.24390243902439024,3715,0,0,0.39,3.0,0,6.9,1,0.36,0.24,0.69,0
61,8,7.625,2943,80,1,0.81,10.0,0,5.7,1,0.43,0.22,0.83,0
1721,2418,0.7117452440033085,2510,95,1,0.2,17.0,2,1.0,0,0.87,0.03,0.88,0
89,697,0.12769010043041606,2055,46,1,0.78,26.7,0,3.5,0,0.93,0.22,0.63,0
50,485,0.10309278350515463,2633,66,1,0.08,7.0,0,6.8,1,0.93,0.24,0.62,0
985,308,3.198051948051948,1024,14,1,0.78,12.0,0,6.2,1,0.79,0.22,0.9,0
119,2324,0.05120481927710843,160,151,1,12.78,6.0,0,27.2,1,0.99,0.78,0.11,1
93,7,13.285714285714286,3148,35,1,0.49,4.0,0,1.8,0,0.76,0.21,0.68,0
5094,380,13.405263157894737,247,67,1,1.72,1.0,0,5.0,1,0.76,0.21,0.77,0
12,20,0.6,737,46,1,1.61,1.0,0,5.2,0,0.78,0.12,0.65,0
1328,170,7.811764705882353,1767,98,1,0.48,6.0,0,1.6,0,0.53,0.25,0.72,0
170,4634,0.036685369011653,163,154,1,26.62,5.0,0,22.2,1,0.79,0.68,0.21,1
26,80,0.325,397,60,1,0.01,0.0,0,2.9,0,0.65,0.03,0.86,0
2,328,0.006097560975609756,2707,86,1,0.26,0.6,0,1.5,0,0.49,0.23,0.94,0
32,138,0.2318840579710145,1715,106,1,0.0,9.6,1,2.9,1,0.31,0.14,0.88,0
6729,182,36.972527472527474,2864,67,1,0.89,10.0,0,6.5,1,0.31,0.13,0.83,0
1508,387,3.896640826873385,2499,87,1,0.73,4.0,0,1.7,0,0.32,0.21,0.71,0
64360,30949,2.0795502277941127,459,42,1,3.52,525.0,22,18.5,1,0.69,0.57,0.33,1
9,5852,0.0015379357484620643,69,10,0,19.56,2.0,0,23.7,1,0.93,0.63,0.13,1
464,226,2.0530973451327434,675,85,0,0.74,11.0,1,7.6,0,0.39,0.17,0.93,0
677,26,26.03846153846154,2144,78,1,1.59,1.0,0,0.1,0,0.93,0.21,0.61,0
251,3353,0.07485833581866985,184,116,0,15.75,4.0,0,26.5,1,0.98,0.85,0.21,1
754,354,2.1299435028248586,25,79,1,2.63,39.0,0,2.4,0,0.47,0.78,0.34,1
232,85,2.7294117647058824,1269,130,1,1.85,16.0,1,7.0,1,0.39,0.08,0.66,0
2578,367,7.024523160762943,74,104,1,4.82,41.0,1,3.9,1,0.57,0.43,0.24,1
783,265,2.9547169811320755,1611,123,1,0.51,10.0,1,7.3,0,0.82,0.25,0.82,0
362,2109,0.1716453295400664,957,66,1,0.17,26.0,1,7.6,0,0.71,0.24,0.6,0
1399,8,174.875,3915,22,1,0.06,1.0,0,2.6,1,0.6,0.0,0.68,0
10,62,0.16129032258064516,2034,37,1,0.3,3.0,0,7.0,0,0.51,0.07,0.52,0
28,9,3.111111111111111,532,20,1,0.97,8.4,0,6.7,0,0.93,0.23,0.75,0
116,322,0.36024844720496896,1114,36,1,0.84,5.0,0,1.7,0,0.73,0.02,0.8,0
44,126,0.3492063492063492,2259,55,1,0.7,13.2,1,0.3,1,0.69,0.07,0.82,0
4,6703,0.0005967477248992988,54,0,0,31.06,0.0,0,19.5,0,0.97,0.94,0.07,1
234,170,1.3764705882352941,3295,97,1,0.16,70.2,7,8.0,0,0.77,0.12,0.69,0
53,498,0.10642570281124498,2182,44,1,2.17,15.899999999999999,1,4.6,0,0.32,0.15,0.73,0
77270,21927,3.5239658868062205,277,31,1,6.78,319.0,7,23.7,1,0.95,0.55,0.26,1
239,252,0.9484126984126984,2335,84,1,0.82,7.0,0,7.6,1,0.4,0.25,0.84,0
209,582,0.359106529209622,1993,43,1,1.26,6.0,0,6.3,0,0.43,0.13,0.7,0
313,60,5.216666666666667,1660,116,1,1.23,18.0,1,7.1,1,0.57,0.21,0.51,0
40,11,3.6363636363636362,2245,57,1,2.63,4.0,0,5.5,1,0.9,0.17,0.86,0
17,5610,0.0030303030303030303,25,0,0,38.36,1.0,0,18.7,0,0.97,0.64,0.13,1
98,9667,0.010137581462708182,694,41,1,2.16,11.0,1,5.3,0,0.89,0.16,0.85,0
302,32,9.4375,1598,114,1,0.68,1.0,0,6.3,1,0.65,0.01,0.86,0
22,4631,0.004750593824228029,23,13,0,44.45,0.0,0,27.5,0,0.94,0.62,0.12,1
23,337,0.06824925816023739,3395,79,1,0.6,6.8999999999999995,0,2.6,1,0.94,0.06,0.79,0
41,8,5.125,2907,73,1,0.35,12.299999999999999,1,2.4,1,0.64,0.04,0.52,0
11,112,0.09821428571428571,1905,62,1,0.07,3.3,0,7.4,0,0.37,0.14,0.54,0
16,85,0.18823529411764706,414,62,1,0.01,4.8,0,1.4,0,0.74,0.09,0.65,0
74,12,6.166666666666667,3571,129,1,0.09,16.0,0,2.5,0,0.87,0.11,0.73,0
258,56,4.607142857142857,1077,47,1,0.09,77.39999999999999,1,7.3,1,0.83,0.25,0.6,0
182,30,6.066666666666666,2099,160,1,0.87,7.0,0,2.7,0,0.77,0.1,0.88,0
419,1473,0.28445349626612354,70,109,1,29.02,8.0,0,28.8,0,0.95,0.56,0.25,1
532,9,59.111111111111114,944,82,1,0.79,92.0,13,0.7,1,0.85,0.03,0.52,0
52,29,1.793103448275862,691,129,1,1.5,1.0,0,1.0,1,0.81,0.05,0.66,0
30065,75401,0.3987347647909179,326,45,1,14.4,168.0,4,21.9,1,0.78,0.67,0.14,1
22763,74696,0.30474188711577593,342,78,1,10.63,104.0,3,19.3,0,0.68,0.41,0.12,1
429,4345,0.09873417721518987,190,139,0,25.51,4.0,0,24.3,1,0.97,0.53,0.29,1
66,5582,0.011823719097097814,115,0,0,37.69,0.0,0,27.1,0,0.99,0.76,0.06,1
38,3582,0.01060859854829704,42,11,1,45.21,0.0,0,28.1,0,0.92,0.91,0.17,1
66296,98913,0.6702455693387118,112,80,1,3.67,279.0,5,15.2,0,0.69,0.51,0.17,1
3995,416,9.603365384615385,36,100,1,4.74,97.0,2,9.5,0,0.56,0.5,0.38,1
151,4558,0.03312856516015796,131,124,1,23.79,3.0,0,26.1,1,0.87,0.78,0.18,1
432,1360,0.3176470588235294,41,115,0,28.62,3.0,0,29.2,1,0.86,0.69,0.26,1
169,3361,0.05028265397203213,159,115,0,21.8,5.0,0,23.3,0,0.95,0.66,0.14,1
13,61,0.21311475409836064,2855,67,1,1.35,3.9,0,4.1,0,0.65,0.1,0.88,0
267,4402,0.060654248069059516,171,110,1,24.88,7.0,0,22.3,1,0.94,0.69,0.17,1
16,534,0.0299625468164794,748,44,1,0.54,4.8,0,4.8,1,0.94,0.18,0.69,0
16,92,0.17391304347826086,3509,119,1,0.18,1.0,0,6.0,0,0.49,0.04,0.73,0
583,62,9.403225806451612,3995,77,1,0.96,123.0,8,5.1,0,0.61,0.24,0.51,0
180,95,1.894736842105263,807,77,0,2.84,2.0,0,2.6,0,0.78,0.24,0.9,0
4797,20,239.85,2600,124,1,0.02,1.0,0,6.1,0,0.72,0.13,0.95,0
303,1827,0.16584564860426929,132,133,0,7.77,4.0,0,30.0,0,0.9,0.77,0.13,1
34,2,17.0,3600,27,1,0.56,10.2,0,4.6,0,0.85,0.15,0.67,0
78711,33669,2.337788470106032,380,44,1,9.91,575.0,25,20.7,0,0.94,0.37,0.24,1
80,43,1.8604651162790697,3379,39,1,1.29,24.0,2,6.8,0,0.63,0.09,0.6,0
845,189,4.470899470899471,3788,79,1,1.63,245.0,23,0.2,0,0.75,0.17,0.6,0
66,6728,0.009809750297265161,80,0,0,35.9,0.0,0,23.2,0,0.92,0.73,0.12,1
262,1092,0.23992673992673993,508,77,1,0.03,8.0,0,5.2,1,0.35,0.23,0.64,0
21,65,0.3230769230769231,1441,102,1,0.14,6.3,0,6.5,1,0.69,0.04,0.64,0
209,11,19.0,1920,108,1,0.08,5.0,0,7.8,0,0.47,0.04,0.72,0
3787,60,63.11666666666667,74,158,1,4.76,84.0,1,7.0,1,0.41,0.66,0.41,1
57,7265,0.007845836200963524,12,11,0,38.66,1.0,0,24.0,1,0.97,0.96,0.19,1
117,2113,0.05537150970184572,196,159,1,9.58,5.0,0,23.2,0,0.97,0.83,0.13,1
76608,18725,4.091214953271028,413,87,1,4.16,416.0,2,20.3,1,0.74,0.66,0.26,1
23860,5520,4.322463768115942,290,38,1,11.38,59.0,0,22.3,0,0.76,0.53,0.16,1
34,5997,0.005669501417375354,67,0,0,17.08,1.0,0,24.7,0,0.99,0.67,0.14,1
99,6139,0.01612640495194657,55,9,0,32.64,1.0,0,24.7,0,0.86,0.85,0.14,1
46,49,0.9387755102040817,917,81,1,1.47,13.799999999999999,0,7.2,1,0.56,0.13,0.9,0
88,7034,0.012510662496445835,108,0,0,28.31,0.0,0,27.8,0,0.94,0.63,0.09,1
400,73,5.47945205479452,2976,46,1,0.05,19.0,2,4.8,0,0.31,0.24,0.87,0
49,188,0.26063829787234044,3302,91,1,1.23,9.0,0,4.7,0,0.86,0.01,0.92,0
557,114,4.885964912280702,86,116,1,1.64,95.0,1,9.8,0,0.65,0.5,0.28,1
59,5745,0.010269799825935596,76,18,0,24.96,1.0,0,17.6,0,0.92,0.66,0.13,1
21,64,0.328125,816,20,1,0.45,4.0,0,7.5,1,0.36,0.21,0.73,0
4526,68,66.55882352941177,71,120,1,1.1,47.0,2,3.2,1,0.65,0.41,0.46,1
46377,84196,0.5508218917763315,135,55,1,7.85,176.0,6,13.3,1,0.72,0.31,0.31,1
50,5645,0.008857395925597875,22,0,0,24.31,1.0,0,17.9,0,0.92,0.82,0.09,1
27,271,0.0996309963099631,2432,140,1,2.0,8.1,0,1.0,1,0.41,0.02,0.86,0
18,144,0.125,1630,93,1,1.29,5.3999999999999995,0,2.1,0,0.73,0.07,0.94,0
393,449,0.8752783964365256,2652,90,0,1.94,3.0,0,0.3,0,0.84,0.18,0.71,0
47074,55384,0.8499566661851798,116,99,1,12.26,216.0,3,18.5,0,0.82,0.68,0.33,1
472,181,2.6077348066298343,1581,77,1,0.11,136.0,8,1.1,0,0.33,0.11,0.7,0
450,3935,0.11435832274459974,192,145,1,18.69,4.0,0,25.7,1,0.87,0.78,0.07,1
54,256,0.2109375,470,82,1,0.47,6.0,0,2.0,1,0.85,0.12,0.87,0
24,212,0.11320754716981132,2509,52,1,0.74,7.199999999999999,0,4.5,0,0.41,0.1,0.65,0
3,27,0.1111111111111111,2500,51,1,2.54,0.8999999999999999,0,3.1,0,0.64,0.06,0.59,0
86,251,0.3426294820717131,1769,147,0,0.73,5.0,0,2.0,0,0.63,0.08,0.94,0
29,1076,0.02695167286245353,1668,0,1,0.5,7.0,0,6.2,0,0.57,0.17,0.53,0
3319,258,12.864341085271318,42,130,1,3.51,44.0,0,4.7,0,0.7,0.71,0.26,1
100,345,0.2898550724637681,247,73,1,0.02,17.0,1,7.9,1,0.58,0.08,0.91,0
113,102,1.107843137254902,1068,80,1,1.47,28.0,0,3.3,0,0.53,0.08,0.59,0
65093,82070,0.793140002436944,116,66,1,4.4,520.0,12,17.8,1,0.88,0.62,0.24,1
536,114,4.701754385964913,1793,66,1,0.24,73.0,4,5.4,1,0.45,0.08,0.81,0
53239,80348,0.6626051675212824,446,72,1,7.89,463.0,4,18.5,0,0.9,0.41,0.27,1
22540,84,268.3333333333333,1048,136,1,3.71,22.0,2,3.0,0,0.41,0.1,0.66,0
121,4,30.25,2617,20,1,0.1,2.0,0,5.5,0,0.8,0.02,0.67,0
7,2426,0.0028854080791426216,41,10,0,30.84,0.0,0,17.8,1,0.9,0.79,0.07,1
2550,366,6.967213114754099,19,155,1,2.13,23.0,0,2.5,1,0.52,0.78,0.24,1
290,1974,0.1469098277608916,149,149,0,17.93,4.0,0,28.3,1,0.92,0.85,0.21,1
80,88,0.9090909090909091,603,68,1,0.3,15.0,0,6.1,0,0.5,0.1,0.51,0
116,29,4.0,3013,93,1,0.39,1.0,0,6.8,0,0.45,0.05,0.93,0
129,7,18.428571428571427,447,82,1,0.28,28.0,4,4.9,0,0.62,0.02,0.53,0
268,85,3.152941176470588,2601,36,1,0.7,10.0,0,0.6,0,0.68,0.21,0.62,0
49,194,0.25257731958762886,1504,82,1,1.61,4.0,0,2.3,1,0.4,0.24,0.8,0
78,26,3.0,3094,54,1,0.74,17.0,2,5.4,1,0.61,0.16,0.51,0
2192,231,9.48917748917749,27,111,1,3.38,44.0,0,5.2,0,0.58,0.78,0.46,1
61,6813,0.008953471304858358,11,11,0,37.44,0.0,0,28.1,0,0.86,0.94,0.01,1
1546,851,1.8166862514688602,1259,55,1,0.56,8.0,0,2.0,1,0.52,0.01,0.65,0
150,347,0.4322766570605187,2686,134,1,0.33,2.0,0,4.7,1,0.4,0.09,0.69,0
130,25,5.2,3743,68,1,0.9,16.0,2,0.3,0,0.67,0.14,0.93,0
40300,28641,1.4070737753570057,327,82,1,9.44,300.0,13,16.3,0,0.88,0.53,0.16,1
7,4511,0.0015517623586787852,26,19,0,38.4,2.0,0,17.1,1,0.89,0.7,0.16,1
163,25,6.52,1747,91,1,1.36,10.0,0,1.4,0,0.9,0.14,0.76,0
8,68,0.11764705882352941,758,98,1,0.8,2.4,0,4.1,0,0.51,0.24,0.54,0
613,72,8.51388888888889,3178,69,1,0.66,7.0,0,5.9,0,0.94,0.13,0.55,0
365,76,4.802631578947368,1768,127,0,0.22,38.0,4,4.2,1,0.8,0.14,0.8,0
50,5309,0.009417969485778867,60,7,1,10.97,1.0,0,23.3,1,0.89,0.67,0.16,1
13743,84088,0.16343592426981257,326,42,1,7.56,24.0,0,21.7,1,0.86,0.5,0.24,1
2856,249,11.46987951807229,35,86,1,3.3,17.0,0,9.4,0,0.37,0.7,0.29,1
1398,126,11.095238095238095,3258,92,1,0.28,4.0,0,3.9,0,0.46,0.17,0.85,0
1,322,0.003105590062111801,1870,47,1,0.05,0.3,0,0.9,1,0.88,0.12,0.56,0
120,4794,0.025031289111389236,55,133,1,27.97,9.0,0,23.6,0,0.74,0.81,0.12,1
189,113,1.6725663716814159,979,74,1,1.52,2.0,0,3.8,0,0.59,0.11,0.6,0
99,3346,0.02958756724447101,130,153,0,6.57,8.0,0,20.5,0,0.74,0.54,0.1,1
6,134,0.04477611940298507,1493,110,1,0.64,1.7999999999999998,0,2.9,0,0.33,0.25,0.8,0
782,298,2.6241610738255035,3820,83,1,0.32,5.0,0,4.5,0,0.37,0.15,0.83,0
226,432,0.5231481481481481,1027,90,1,1.22,10.0,0,4.3,0,0.76,0.21,0.73,0
167,34,4.911764705882353,2888,91,1,0.33,33.0,4,0.6,0,0.66,0.2,0.7,0
243,4351,0.0558492300620547,135,101,1,12.16,3.0,0,25.8,1,0.81,0.83,0.17,1
5058,46703,0.10830139391473781,98,68,1,7.15,6.0,0,16.9,0,0.8,0.4,0.33,1
72,448,0.16071428571428573,3674,104,1,0.26,2.0,0,2.9,1,0.89,0.24,0.83,0
184,23,8.0,2408,53,1,1.2,18.0,1,1.3,1,0.79,0.14,0.76,0
430,557,0.7719928186714542,2166,75,1,1.54,21.0,0,7.6,0,0.9,0.08,0.82,0
1313,10,131.3,351,127,1,0.2,31.0,1,0.7,1,0.41,0.0,0.62,0
1531,850,1.8011764705882354,1400,46,1,0.17,18.0,1,4.1,0,0.51,0.22,0.7,0
836,112,7.464285714285714,3175,34,1,0.08,54.0,5,5.8,0,0.47,0.0,0.75,0
7523,61265,0.12279441769362605,338,74,1,4.01,8.0,0,14.4,1,0.73,0.36,0.25,1
94,211,0.44549763033175355,2231,110,1,0.33,28.2,3,3.6,0,0.73,0.02,0.85,0
2522,141,17.886524822695037,1117,5,1,0.76,31.0,4,2.9,0,0.51,0.22,0.89,0
110,227,0.4845814977973568,2075,73,1,0.03,2.0,0,0.6,1,0.4,0.23,0.58,0
134,5,26.8,340,70,1,0.52,1.0,0,7.0,1,0.76,0.22,0.59,0
378,4396,0.08598726114649681,194,158,1,22.01,1.0,0,28.1,1,0.75,0.86,0.29,1
4256,226,18.831858407079647,62,154,1,3.69,48.0,0,5.0,1,0.36,0.8,0.4,1
77,4065,0.01894218942189422,15,0,0,45.47,2.0,0,22.7,1,0.9,0.74,0.07,1
31,236,0.13135593220338984,1483,82,1,0.25,9.299999999999999,0,6.3,0,0.74,0.14,0.75,0
210,3634,0.05778756191524491,24,117,1,17.96,4.0,0,22.1,0,0.86,0.87,0.06,1
90648,32074,2.8262143792479892,300,43,1,4.09,719.0,15,19.4,1,0.86,0.48,0.17,1
198,143,1.3846153846153846,84,139,1,2.07,97.0,1,9.0,0,0.33,0.72,0.44,1
359,1180,0.3042372881355932,91,110,0,24.79,1.0,0,24.0,1,0.72,0.8,0.1,1
1178,10,117.8,1539,88,1,0.39,2.0,0,1.6,1,0.49,0.16,0.77,0
324,18,18.0,3621,52,1,0.3,86.0,12,6.0,0,0.58,0.15,0.65,0
127,1118,0.11359570661896243,38,132,0,14.09,4.0,0,24.7,1,0.71,0.57,0.18,1
83,126,0.6587301587301587,656,111,0,0.75,15.0,1,6.0,1,0.41,0.19,0.66,0
79,2635,0.029981024667931688,23,15,0,38.14,1.0,0,29.1,1,0.91,0.74,0.03,1
357,603,0.5920398009950248,938,131,1,0.55,11.0,0,7.8,0,0.57,0.07,0.83,0
4465,71,62.88732394366197,2142,76,1,0.05,3.0,0,3.0,1,0.91,0.15,0.63,0
1713,32,53.53125,1715,148,1,3.31,7.0,0,3.3,0,0.78,0.06,0.55,0
385,422,0.9123222748815166,1931,137,1,0.71,12.0,0,3.7,1,0.53,0.17,0.93,0
82,3186,0.02573760200878845,75,0,0,31.62,0.0,0,24.4,0,0.87,0.79,0.14,1
326,1023,0.31867057673509286,18,130,0,12.81,0.0,0,27.8,1,0.82,0.76,0.21,1
121,80,1.5125,2390,61,1,0.65,36.3,5,1.1,1,0.9,0.01,0.8,0
20,1907,0.01048767697954903,108,14,0,25.76,1.0,0,21.6,0,0.94,0.82,0.09,1
19,26,0.7307692307692307,3956,49,1,0.08,0.0,0,7.6,0,0.79,0.19,0.53,0
877,270,3.248148148148148,2686,85,0,2.22,1.0,0,1.3,1,0.77,0.2,0.6,0
100,493,0.2028397565922921,3415,75,1,0.79,30.0,4,0.2,0,0.75,0.18,0.81,0
34278,177,193.66101694915255,738,60,0,0.39,91.0,3,6.1,0,0.55,0.09,0.57,0
32,1838,0.017410228509249184,47,0,0,37.91,2.0,0,20.4,1,0.85,0.69,0.15,1
87,4079,0.021328757048296152,90,0,0,47.05,0.0,0,20.2,0,0.91,0.75,0.12,1
4,118,0.03389830508474576,2370,49,1,0.71,1.2,0,2.4,1,0.71,0.15,0.65,0
47,13,3.6153846153846154,685,124,1,0.23,14.1,1,4.3,1,0.56,0.11,0.94,0
1,62,0.016129032258064516,1994,116,1,1.7,0.3,0,4.6,0,0.63,0.07,0.88,0
19,1713,0.011091652072387624,61,0,0,15.22,2.0,0,27.9,0,0.89,0.77,0.02,1
242,470,0.5148936170212766,1169,91,1,0.83,23.0,2,5.7,0,0.41,0.08,0.88,0
118,140,0.8428571428571429,3855,71,1,4.34,25.0,1,3.5,0,0.49,0.0,0.6,0
33,316,0.10443037974683544,3032,23,0,0.54,9.9,1,0.1,1,0.88,0.19,0.74,0
166,3047,0.054479816212668196,3451,50,1,0.82,24.0,0,4.7,0,0.67,0.1,0.79,0
321,691,0.4645441389290883,3652,70,1,0.62,11.0,1,6.8,1,0.36,0.15,0.74,0
143,4774,0.029953917050691243,179,119,1,7.05,6.0,0,20.5,1,0.96,0.85,0.12,1
4315,475,9.08421052631579,15,62,1,1.44,91.0,0,3.3,0,0.53,0.49,0.21,1
85661,42790,2.001892965646179,232,86,1,12.12,780.0,0,12.0,0,0.84,0.56,0.34,1
427,4,106.75,768,131,1,1.43,128.1,9,2.4,1,0.43,0.01,0.65,0
120,356,0.33707865168539325,932,77,1,4.7,1.0,0,7.0,0,0.88,0.02,0.92,0
215,217,0.9907834101382489,3242,14,1,1.67,5.0,0,1.3,0,0.62,0.16,0.93,0
98,1352,0.07248520710059171,3423,46,1,0.64,6.0,0,5.8,0,0.69,0.12,0.87,0
4034,189,21.343915343915345,7,68,1,1.44,89.0,1,5.2,1,0.31,0.62,0.26,1
574,17,33.76470588235294,528,80,0,1.57,2.0,0,5.2,0,0.71,0.16,0.57,0
479,48,9.979166666666666,824,127,0,1.92,13.0,1,7.1,1,0.48,0.07,0.67,0
25059,17382,1.4416637901277183,363,34,1,5.93,230.0,5,12.0,0,0.73,0.68,0.11,1
62450,66873,0.9338597042154532,438,61,1,7.42,490.0,19,14.5,1,0.71,0.45,0.36,1
121,303,0.39933993399339934,2229,105,1,1.01,36.3,5,2.8,0,0.75,0.17,0.65,0
6731,10,673.1,522,60,0,1.32,8.0,0,1.8,0,0.52,0.04,0.75,0
131,99,1.3232323232323233,700,36,1,1.76,39.3,1,7.4,0,0.8,0.05,0.61,0
9,3122,0.0028827674567584883,75,17,0,15.44,1.0,0,17.2,1,0.85,0.83,0.18,1
147,1162,0.12650602409638553,1993,84,1,3.02,2.0,0,3.3,1,0.81,0.03,0.59,0
49,3074,0.01594014313597918,84,18,1,21.38,2.0,0,22.7,0,0.97,0.76,0.14,1
32,36,0.8888888888888888,735,60,1,1.18,3.0,0,7.0,1,0.73,0.04,0.53,0
114,8,14.25,2339,99,1,1.23,15.0,1,6.7,1,0.44,0.23,0.81,0
81,20,4.05,3890,106,1,0.33,7.0,0,0.4,1,0.43,0.21,0.53,0
6,571,0.010507880910683012,297,104,1,2.85,1.7999999999999998,0,4.5,0,0.64,0.02,0.76,0
12,55,0.21818181818181817,3087,65,1,0.48,3.5999999999999996,0,6.3,0,0.91,0.15,0.74,0
303,11,27.545454545454547,200,60,1,1.12,90.89999999999999,11,0.9,1,0.52,0.16,0.86,0
421,3566,0.11805945036455412,185,142,1,10.24,0.0,0,20.9,1,0.76,0.59,0.24,1
223,3496,0.06378718535469108,101,142,0,19.19,9.0,0,28.4,1,0.88,0.72,0.23,1
358,854,0.41920374707259955,3362,96,1,0.41,5.0,0,7.0,0,0.32,0.0,0.63,0
1203,28,42.964285714285715,1347,30,1,2.24,3.0,0,6.3,0,0.63,0.02,0.79,0
300,181,1.6574585635359116,3785,122,1,1.06,6.0,0,5.7,0,0.57,0.14,0.5,0
131,1907,0.06869428421604615,11,118,1,6.68,3.0,0,23.0,1,0.93,0.56,0.23,1
7584,84,90.28571428571429,1458,112,1,0.54,60.0,8,3.9,0,0.43,0.08,0.52,0
39,4871,0.008006569492917266,81,19,0,47.2,1.0,0,19.7,1,0.95,0.79,0.05,1
19,5683,0.00334330459264473,42,0,0,12.8,0.0,0,19.4,1,0.98,0.76,0.05,1
2642,8,330.25,1555,115,1,0.04,7.0,0,7.8,1,0.35,0.15,0.61,0
34,6793,0.005005152362726336,62,11,1,30.79,2.0,0,17.3,0,1.0,0.97,0.2,1
20,3358,0.005955926146515783,109,5,1,17.86,1.0,0,17.7,0,0.86,0.89,0.16,1
331,764,0.43324607329842935,2416,59,1,0.31,34.0,1,0.8,1,0.7,0.03,0.76,0
44798,36276,1.2349211599955894,293,38,1,7.77,347.0,14,21.0,1,0.87,0.49,0.21,1
837,115,7.278260869565218,3302,51,1,1.73,167.0,22,7.3,1,0.75,0.07,0.59,0
99,2162,0.04579093432007401,65,19,0,48.47,0.0,0,24.0,1,0.97,0.93,0.09,1
259,4816,0.05377906976744186,118,158,1,27.85,5.0,0,23.0,0,0.92,0.72,0.19,1
86,1164,0.07388316151202749,117,0,1,26.54,0.0,0,24.6,0,0.99,0.85,0.14,1
41,6300,0.006507936507936508,73,0,0,16.46,2.0,0,15.7,0,0.87,0.8,0.15,1
71,4040,0.017574257425742576,20,0,0,20.74,0.0,0,28.9,1,0.95,0.92,0.05,1
121,4081,0.029649595687331536,70,131,1,17.5,3.0,0,26.9,0,0.71,0.75,0.24,1
317,4543,0.06977767994717148,160,135,0,15.97,8.0,0,28.2,1,0.96,0.9,0.17,1
77,481,0.1600831600831601,1822,63,1,0.62,16.0,0,4.3,1,0.59,0.2,0.71,0
53,3650,0.01452054794520548,35,0,0,31.0,1.0,0,17.9,1,0.95,0.98,0.18,1
358,2383,0.15023080151070078,141,123,1,8.36,6.0,0,22.2,1,0.94,0.72,0.19,1
198,79,2.5063291139240507,2173,63,1,0.02,3.0,0,2.7,0,0.41,0.2,0.64,0
768,1088,0.7058823529411765,3039,111,1,1.08,21.0,2,3.2,0,0.73,0.02,0.83,0
2168,364,5.956043956043956,81,84,1,1.58,28.0,0,9.1,1,0.57,0.58,0.45,1
1927,53,36.35849056603774,2577,12,1,0.25,64.0,5,5.0,1,0.78,0.18,0.9,0
87,105,0.8285714285714286,3167,56,1,0.26,8.0,0,5.3,0,0.95,0.1,0.71,0
3773,164,23.00609756097561,46,64,1,3.13,14.0,0,8.4,1,0.32,0.4,0.46,1
32,4890,0.006543967280163599,58,0,1,29.05,2.0,0,21.8,1,0.99,0.99,0.08,1
65,1210,0.05371900826446281,20,129,1,5.09,6.0,0,24.9,0,0.76,0.51,0.09,1
5,205,0.024390243902439025,2296,110,1,0.01,1.5,0,7.2,0,0.69,0.15,0.8,0
10,21,0.47619047619047616,2733,66,1,0.37,3.0,0,5.0,0,0.42,0.02,0.78,0
1545,56,27.589285714285715,3218,62,1,0.64,5.0,0,6.0,0,0.46,0.14,0.87,0
3907,238,16.415966386554622,54,114,1,3.33,86.0,2,3.6,1,0.57,0.44,0.34,1
422,2654,0.15900527505651846,53,134,0,22.33,3.0,0,29.6,1,0.8,0.89,0.1,1
598,53,11.283018867924529,2763,96,1,1.72,0.0,0,2.7,1,0.33,0.15,0.88,0
21388,110,194.43636363636364,217,98,0,0.16,26.0,2,3.4,1,0.67,0.2,0.51,0
324,21,15.428571428571429,2328,61,1,1.01,4.0,0,0.6,0,0.47,0.17,0.56,0
19285,34076,0.5659408381265407,174,50,1,7.33,61.0,0,24.1,1,0.75,0.35,0.24,1
5,1660,0.0030120481927710845,1964,59,1,2.53,1.5,0,2.4,1,0.31,0.07,0.52,0
29,1271,0.022816679779701022,31,19,0,37.59,2.0,0,27.2,1,0.98,0.84,0.06,1
55598,58177,0.9556697664025302,424,63,1,8.74,370.0,15,11.3,1,0.8,0.39,0.14,1
43052,76342,0.5639359723350187,441,33,1,14.23,69.0,1,21.3,0,0.62,0.64,0.16,1
113,81,1.3950617283950617,2810,95,0,1.67,1.0,0,1.4,1,0.35,0.19,0.53,0
120,34,3.5294117647058822,1971,86,1,0.6,30.0,0,7.8,0,0.61,0.09,0.81,0
10,41,0.24390243902439024,2067,99,1,0.1,3.0,0,2.2,1,0.72,0.19,0.94,0
351,4536,0.07738095238095238,141,140,1,17.67,6.0,0,28.1,0,0.82,0.55,0.14,1
18,317,0.056782334384858045,3175,89,0,1.22,5.3999999999999995,0,7.2,0,0.64,0.09,0.9,0
76,11,6.909090909090909,2838,68,0,1.49,12.0,0,4.9,0,0.36,0.13,0.71,0
570,241,2.3651452282157677,790,42,1,0.69,4.0,0,4.5,0,0.49,0.02,0.9,0
236,35,6.742857142857143,2677,71,0,0.91,4.0,0,1.7,1,0.48,0.06,0.61,0
1034,13,79.53846153846153,556,49,1,0.15,15.0,0,5.4,0,0.84,0.02,0.57,0
384,4321,0.0888683175190928,74,156,1,7.01,9.0,0,25.4,1,0.8,0.86,0.24,1
1657,26,63.73076923076923,794,92,1,0.01,22.0,1,4.9,0,0.71,0.06,0.79,0
353,1775,0.19887323943661972,149,120,0,23.8,5.0,0,29.1,0,0.98,0.83,0.24,1
1021,15,68.06666666666666,3844,104,1,1.27,15.0,1,5.0,0,0.68,0.06,0.6,0
20,4421,0.004523863379325944,24,5,0,42.42,2.0,0,22.2,1,0.93,0.91,0.05,1
57362,7226,7.938278438970385,240,82,1,14.46,508.0,16,10.0,1,0.68,0.38,0.22,1
1689,191,8.842931937172775,2638,94,1,0.5,2.0,0,2.9,0,0.54,0.02,0.7,0
38,29,1.3103448275862069,1254,36,1,1.69,5.0,0,2.7,1,0.3,0.17,0.87,0
487,3580,0.13603351955307263,169,130,1,21.57,7.0,0,24.5,1,0.8,0.6,0.16,1
1063,657,1.6179604261796043,527,46,1,0.49,17.0,0,7.9,1,0.81,0.21,0.95,0
307,2590,0.11853281853281854,76,130,1,13.91,8.0,0,20.5,1,0.73,0.53,0.19,1
86105,72807,1.1826472729270536,144,40,1,14.03,291.0,9,13.7,1,0.66,0.51,0.3,1
441,3187,0.13837464700345153,45,149,0,29.31,0.0,0,25.9,0,0.84,0.77,0.3,1
162,22,7.363636363636363,2199,83,1,3.4,4.0,0,5.7,0,0.4,0.1,0.76,0
4281,437,9.79633867276888,36,143,1,1.28,51.0,0,3.9,1,0.31,0.65,0.22,1
7204,103,69.94174757281553,607,32,1,0.8,22.0,1,0.4,1,0.31,0.0,0.55,0
1966,29,67.79310344827586,2283,93,1,0.03,85.0,12,3.1,1,0.73,0.07,0.76,0
21,23,0.9130434782608695,1123,73,1,1.14,6.3,0,6.2,1,0.62,0.01,0.53,0
3060,119,25.714285714285715,2399,109,1,0.01,3.0,0,4.4,0,0.87,0.11,0.73,0
43750,80665,0.5423665778218558,328,91,1,11.56,346.0,7,20.0,0,0.63,0.49,0.12,1
66,175,0.37714285714285717,3268,79,1,0.21,19.8,1,0.1,0,0.92,0.04,0.76,0
229,1100,0.2081818181818182,2504,92,1,2.22,10.0,0,4.6,0,0.78,0.23,0.5,0
43,167,0.25748502994011974,816,82,1,0.45,12.0,0,0.6,0,0.46,0.18,0.71,0
293,36,8.13888888888889,3328,53,0,0.02,37.0,2,2.1,1,0.56,0.16,0.9,0
124,1278,0.09702660406885759,70,132,0,15.63,5.0,0,25.4,1,0.85,0.54,0.15,1
3285,145,22.655172413793103,2232,41,1,0.06,4.0,0,1.8,0,0.58,0.25,0.75,0
46,3412,0.013481828839390387,118,0,1,28.4,2.0,0,28.0,0,0.99,0.96,0.04,1
367,168,2.1845238095238093,606,70,1,0.13,0.0,0,4.6,0,0.54,0.09,0.71,0
67,5,13.4,892,80,1,0.18,20.099999999999998,1,7.1,0,0.74,0.08,0.76,0
349,220,1.5863636363636364,954,124,1,0.6,25.0,1,1.8,0,0.89,0.11,0.56,0
94,263,0.3574144486692015,1606,113,1,0.76,6.0,0,6.5,1,0.87,0.13,0.68,0
615,103,5.970873786407767,852,90,1,0.17,37.0,4,4.8,0,0.59,0.21,0.65,0
7340,33,222.42424242424244,3175,81,0,2.35,7.0,0,0.8,0,0.7,0.06,0.8,0
92,5424,0.01696165191740413,31,0,0,25.21,1.0,0,16.8,0,0.89,0.77,0.13,1
25324,33353,0.7592720295025934,415,84,1,12.77,98.0,3,24.5,1,0.85,0.33,0.24,1
161,71,2.267605633802817,1847,119,1,1.73,9.0,1,4.4,0,0.32,0.01,0.54,0
68,5,13.6,1670,102,1,2.14,6.0,0,4.6,1,0.84,0.0,0.75,0
4329,385,11.244155844155845,34,65,1,2.35,40.0,1,3.0,1,0.35,0.67,0.27,1
128,100,1.28,293,81,1,1.21,37.0,2,3.9,0,0.74,0.04,0.56,0
69650,73780,0.9440227703984819,454,87,1,10.29,89.0,3,21.2,0,0.94,0.42,0.28,1
98,365,0.2684931506849315,202,89,1,1.98,17.0,2,3.8,0,0.59,0.14,0.64,0
408,142,2.8732394366197185,961,67,0,0.26,39.0,5,7.7,1,0.93,0.02,0.6,0
2743,400,6.8575,11,73,1,2.48,56.0,2,8.9,0,0.52,0.67,0.4,1
3472,869,3.995397008055236,3165,105,1,1.0,35.0,0,3.5,0,0.91,0.06,0.76,0
630,244,2.581967213114754,2720,92,1,0.66,8.0,0,3.6,0,0.86,0.14,0.67,0
19,24,0.7916666666666666,3163,75,1,2.68,1.0,0,7.6,0,0.79,0.19,0.89,0
1079,297,3.632996632996633,11,144,1,1.47,66.0,0,2.5,1,0.36,0.6,0.21,1
225,112,2.0089285714285716,1014,38,0,0.52,67.5,3,3.1,0,0.35,0.15,0.92,0
506,28,18.071428571428573,686,96,1,1.25,4.0,0,6.9,0,0.84,0.18,0.76,0
929,392,2.3698979591836733,35,128,1,2.97,49.0,2,9.1,1,0.55,0.49,0.23,1
885,1400,0.6321428571428571,3488,71,1,0.42,0.0,0,2.6,0,0.85,0.05,0.92,0
47,303,0.1551155115511551,3222,53,0,0.36,4.0,0,4.9,0,0.89,0.17,0.68,0
6441,79,81.53164556962025,3163,114,1,0.25,113.0,7,4.9,1,0.49,0.1,0.74,0
2,3293,0.0006073489219556636,31,0,0,48.29,2.0,0,16.2,1,0.96,0.64,0.06,1
7049,86745,0.08126116779065076,95,94,1,4.71,40.0,1,11.5,1,0.76,0.42,0.23,1
57,6898,0.008263264714409973,82,0,0,44.45,2.0,0,24.2,1,0.91,0.93,0.09,1
89,5458,0.01630633931843166,1,0,0,11.53,0.0,0,23.2,0,0.88,0.69,0.07,1
78,39,2.0,358,117,1,0.9,8.0,1,1.9,0,0.93,0.24,0.61,0
1418,174,8.149425287356323,59,148,1,3.47,97.0,4,3.8,1,0.63,0.77,0.33,1
123,2311,0.053223712678494156,135,109,0,22.75,2.0,0,24.0,1,0.97,0.8,0.25,1
357,120,2.975,630,74,1,0.6,6.0,0,4.6,0,0.93,0.22,0.55,0
271,3597,0.07534056157909369,93,121,1,20.9,1.0,0,21.4,0,0.75,0.78,0.08,1
33,3790,0.008707124010554089,81,0,0,29.39,1.0,0,23.9,1,0.88,0.64,0.07,1
4,7091,0.0005640953321111268,21,8,0,28.46,1.0,0,18.1,1,0.86,0.7,0.06,1
189,3039,0.06219151036525173,68,125,0,27.92,9.0,0,24.9,1,0.75,0.86,0.2,1
131,7,18.714285714285715,463,78,1,0.12,5.0,0,7.9,0,0.71,0.24,0.87,0
22,3140,0.0070063694267515925,79,0,0,27.37,0.0,0,23.0,1,0.92,0.91,0.19,1
19,30,0.6333333333333333,2987,73,0,0.91,5.7,0,1.5,1,0.37,0.08,0.94,0
97,2990,0.032441471571906355,143,155,1,29.22,2.0,0,21.8,1,0.73,0.9,0.19,1
78462,6138,12.782991202346041,94,30,1,3.19,671.0,2,11.3,0,0.85,0.69,0.35,1
2736,196,13.959183673469388,908,118,1,1.3,18.0,2,7.5,0,0.67,0.2,0.81,0
130,19,6.842105263157895,1543,89,0,1.39,9.0,0,4.5,0,0.82,0.01,0.59,0
523,466,1.1223175965665235,83,60,1,3.03,60.0,0,6.4,1,0.55,0.6,0.29,1
41,5068,0.00808997632202052,45,10,0,11.45,1.0,0,22.3,1,0.89,0.78,0.08,1
277,150,1.8466666666666667,1346,29,1,0.02,83.1,2,4.8,1,0.39,0.24,0.55,0
162,2168,0.07472324723247233,69,156,0,19.13,5.0,0,20.6,1,0.89,0.63,0.2,1
70,7238,0.009671179883945842,113,0,0,11.18,2.0,0,22.1,1,0.97,0.6,0.17,1
1816,82,22.146341463414632,1394,116,1,0.21,3.0,0,0.7,1,0.69,0.18,0.93,0
20,1332,0.015015015015015015,562,80,1,0.71,6.0,0,1.1,0,0.45,0.06,0.9,0
35,275,0.12727272727272726,1498,95,1,0.76,10.5,1,2.5,0,0.92,0.22,0.83,0
77,1419,0.05426356589147287,43,0,0,15.66,2.0,0,27.1,1,0.89,0.92,0.05,1
17,185,0.0918918918918919,2321,80,0,0.42,5.1,0,4.6,1,0.68,0.07,0.51,0
54,1521,0.03550295857988166,40,18,1,34.83,2.0,0,28.5,0,0.96,0.76,0.15,1
326,35,9.314285714285715,3782,45,1,0.82,1.0,0,0.3,0,0.84,0.23,0.75,0
309,3,103.0,988,113,1,0.72,27.0,0,3.6,0,0.74,0.09,0.92,0
50,4131,0.012103606874848705,28,0,0,19.22,2.0,0,18.5,1,0.9,0.62,0.12,1
52085,1434,36.32147838214784,3891,41,1,0.11,50.0,5,5.5,0,0.33,0.19,0.79,0
99066,67848,1.4601167315175096,453,38,1,11.67,175.0,1,11.4,1,0.9,0.44,0.19,1
183,297,0.6161616161616161,607,94,1,3.25,6.0,0,3.3,1,0.64,0.16,0.8,0
80,279,0.2867383512544803,3993,65,1,0.22,24.0,1,5.8,0,0.45,0.13,0.92,0
8,521,0.015355086372360844,1135,66,1,0.12,1.0,0,4.9,1,0.33,0.01,0.62,0
51,18,2.8333333333333335,1822,86,1,0.54,15.299999999999999,0,4.8,0,0.41,0.03,0.75,0
104067,202,515.1831683168317,3257,91,1,0.17,94.0,2,7.0,1,0.46,0.17,0.68,0
62155,40116,1.5493817928008775,109,53,1,3.53,387.0,11,14.8,1,0.73,0.53,0.27,1
188,39,4.82051282051282,2636,129,1,0.11,56.4,2,5.0,1,0.71,0.17,0.61,0
1,316,0.0031645569620253164,675,65,0,0.18,0.3,0,5.9,0,0.93,0.05,0.51,0
214,227,0.9427312775330396,3977,134,1,0.8,19.0,2,6.2,0,0.45,0.24,0.95,0
282,1191,0.2367758186397985,100,159,0,12.19,6.0,0,23.3,1,0.76,0.81,0.1,1
155,1672,0.09270334928229665,168,143,0,7.13,6.0,0,28.7,0,0.92,0.55,0.29,1
52105,18306,2.8463345351250955,401,93,1,4.46,83.0,1,22.7,1,0.78,0.57,0.23,1
186,268,0.6940298507462687,28,128,1,1.98,58.0,0,7.7,0,0.61,0.51,0.23,1
295,65,4.538461538461538,532,78,0,0.62,33.0,3,0.1,0,0.78,0.2,0.57,0
94,2814,0.033404406538734895,49,0,0,34.51,1.0,0,17.7,1,1.0,0.62,0.2,1
101,122,0.8278688524590164,1133,89,1,0.14,6.0,0,0.6,1,0.37,0.0,0.81,0
52617,19,2769.315789473684,3690,76,1,0.4,48.0,3,2.3,1,0.86,0.02,0.8,0
676,175,3.862857142857143,707,47,1,0.84,7.0,1,5.4,0,0.58,0.22,0.59,0
189,3425,0.055182481751824816,178,122,1,17.02,3.0,0,24.7,0,0.73,0.63,0.26,1
7128,35,203.65714285714284,2534,80,1,0.19,36.0,4,1.1,0,0.57,0.16,0.91,0
442,8,55.25,1398,9,1,0.53,12.0,0,5.2,0,0.52,0.02,0.6,0
149,30,4.966666666666667,287,108,1,2.31,11.0,0,4.2,1,0.62,0.14,0.52,0
16,125,0.128,1610,64,1,0.65,4.8,0,6.4,1,0.74,0.06,0.6,0
3965,21,188.8095238095238,392,79,1,0.28,2.0,0,7.2,0,0.38,0.02,0.94,0
30,6038,0.004968532626697582,38,0,0,20.42,1.0,0,15.9,1,0.88,0.68,0.09,1
29,34,0.8529411764705882,233,107,1,0.24,8.7,0,5.3,0,0.75,0.16,0.55,0
62,5,12.4,667,88,1,0.55,18.599999999999998,2,7.1,0,0.91,0.08,0.66,0
1574,22,71.54545454545455,3307,28,1,0.11,43.0,6,5.1,1,0.73,0.11,0.94,0
197,332,0.5933734939759037,1533,40,1,0.48,0.0,0,7.6,1,0.66,0.02,0.59,0
373,4741,0.0786753849398861,57,118,1,19.1,1.0,0,29.3,0,0.83,0.87,0.1,1
101,9,11.222222222222221,1835,99,1,0.32,30.299999999999997,1,6.2,1,0.31,0.2,0.71,0
227,22,10.318181818181818,2784,54,1,0.12,19.0,2,6.0,0,0.72,0.13,0.57,0
182,3400,0.05352941176470588,93,148,1,28.34,5.0,0,28.9,0,0.85,0.72,0.14,1
8,429,0.018648018648018648,2122,73,1,1.13,2.4,0,0.6,1,0.4,0.23,0.86,0
20,7065,0.0028308563340410475,18,14,1,36.03,0.0,0,19.7,0,1.0,0.69,0.04,1
30715,82981,0.37014497294561405,225,66,1,12.56,118.0,4,10.4,0,0.85,0.66,0.38,1
565,47,12.02127659574468,319,50,1,1.46,9.0,0,5.9,1,0.91,0.18,0.69,0
3941,80,49.2625,34,159,1,2.56,68.0,2,2.8,1,0.42,0.75,0.35,1
1279,754,1.6962864721485411,2090,147,1,0.85,19.0,1,1.2,1,0.47,0.23,0.84,0
162,7,23.142857142857142,3871,108,1,0.52,15.0,1,3.8,0,0.49,0.03,0.88,0
14,1458,0.009602194787379973,413,120,1,0.06,4.2,0,6.1,0,0.67,0.12,0.9,0
22,11,2.0,1930,66,1,0.72,6.6,0,7.5,0,0.68,0.02,0.72,0
57130,53578,1.0662958677068946,474,73,1,11.57,101.0,3,20.8,1,0.69,0.35,0.35,1
69,6,11.5,3034,72,1,1.84,20.7,1,3.8,0,0.82,0.06,0.65,0
827,57,14.508771929824562,3065,93,1,2.6,9.0,0,0.1,0,0.53,0.13,0.86,0
227,319,0.7115987460815048,301,94,1,0.7,15.0,2,0.1,0,0.61,0.09,0.78,0
1,5622,0.00017787264318747776,75,8,1,18.28,2.0,0,22.2,1,0.99,1.0,0.16,1
1059,11,96.27272727272727,1517,146,1,0.24,73.0,4,6.7,1,0.84,0.14,0.84,0
59,432,0.13657407407407407,1255,30,1,1.94,1.0,0,0.5,0,0.64,0.23,0.64,0
41,4785,0.008568443051201672,110,8,0,22.67,0.0,0,20.5,1,0.88,0.87,0.11,1
15,13,1.1538461538461537,2778,95,1,0.07,4.0,0,6.9,0,0.76,0.14,0.88,0
197,172,1.1453488372093024,1239,147,1,0.7,28.0,1,0.3,1,0.58,0.02,0.87,0
32943,92802,0.35498157367298117,457,85,1,4.37,56.0,1,17.5,0,0.87,0.35,0.29,1
155,3516,0.044084186575654154,148,156,1,22.64,8.0,0,28.3,0,0.71,0.64,0.05,1
86,153,0.5620915032679739,3893,85,1,0.37,2.0,0,3.5,1,0.6,0.17,0.87,0
118,24,4.916666666666667,3252,71,1,0.09,5.0,0,6.3,0,0.68,0.13,0.62,0
36,87,0.41379310344827586,3760,130,1,1.44,10.799999999999999,0,2.1,0,0.35,0.18,0.68,0
77,3853,0.019984427718660783,61,0,0,16.25,0.0,0,19.6,1,0.89,0.93,0.15,1
179,19,9.421052631578947,1849,100,1,5.45,1.0,0,3.2,1,0.47,0.12,0.67,0
378,4866,0.07768187422934648,23,125,0,5.12,4.0,0,28.1,1,0.71,0.64,0.15,1
45,5420,0.008302583025830259,116,0,0,29.69,1.0,0,21.8,1,0.91,0.99,0.16,1
31192,54462,0.5727296096360766,65,66,1,3.04,290.0,7,17.5,1,0.64,0.44,0.11,1
919,144,6.381944444444445,184,35,1,0.61,15.0,1,3.3,0,0.62,0.11,0.63,0
1208,79,15.291139240506329,2417,111,1,0.41,29.0,2,6.4,0,0.55,0.02,0.91,0
13,249,0.05220883534136546,1226,58,1,0.19,3.9,0,7.3,1,0.77,0.17,0.54,0
486,975,0.49846153846153846,2851,109,1,0.43,39.0,2,0.6,0,0.7,0.04,0.64,0
32,3183,0.010053408733898837,72,19,0,23.84,2.0,0,29.0,0,0.98,0.9,0.04,1
958,3,319.3333333333333,790,53,1,0.56,26.0,3,5.9,0,0.4,0.14,0.54,0
49,2671,0.018345189067764882,68,15,0,46.57,0.0,0,27.3,0,0.99,0.75,0.02,1
338,2172,0.15561694290976058,115,153,1,29.15,4.0,0,21.0,0,0.72,0.64,0.11,1
554,26,21.307692307692307,379,69,1,0.35,22.0,2,2.6,0,0.38,0.04,0.72,0
73,335,0.21791044776119403,1795,98,1,0.03,21.9,2,1.0,1,0.73,0.04,0.64,0
251,2842,0.08831808585503166,177,130,0,8.69,2.0,0,26.6,1,0.78,0.64,0.28,1
21,1690,0.01242603550295858,19,0,0,15.21,2.0,0,16.2,1,0.86,0.85,0.11,1
9,95,0.09473684210526316,2044,97,1,0.67,2.6999999999999997,0,4.1,0,0.79,0.11,0.53,0
17,11,1.5454545454545454,357,79,1,0.17,5.1,0,4.6,0,0.42,0.21,0.89,0
343,25,13.72,913,103,1,0.01,4.0,0,1.8,0,0.43,0.21,0.62,0
19,65,0.2923076923076923,2756,81,1,2.15,1.0,0,3.4,0,0.51,0.16,0.64,0
1940,467,4.154175588865097,265,81,1,0.8,4.0,0,4.7,1,0.72,0.21,0.95,0
92,147,0.6258503401360545,2772,121,1,0.09,27.599999999999998,1,4.3,0,0.44,0.2,0.68,0
71,1448,0.04903314917127072,25,13,0,46.89,1.0,0,17.2,0,0.87,0.86,0.07,1
7,3,2.3333333333333335,1150,78,1,0.29,2.1,0,0.7,0,0.43,0.17,0.68,0
254,53,4.7924528301886795,1233,76,0,0.53,2.0,0,4.7,0,0.49,0.05,0.84,0
25,6614,0.0037798609011188387,31,9,0,40.39,0.0,0,21.3,0,0.9,0.7,0.06,1
67,249,0.26907630522088355,2096,60,1,0.45,2.0,0,6.6,1,0.67,0.19,0.82,0
2676,252,10.619047619047619,83,60,1,4.36,33.0,0,7.1,0,0.43,0.61,0.44,1
15512,40,387.8,1923,79,1,1.29,52.0,3,1.8,0,0.84,0.06,0.74,0
194,459,0.4226579520697168,3659,89,1,0.19,20.0,2,5.8,1,0.52,0.17,0.72,0
81,2927,0.02767338571916638,79,0,0,19.69,2.0,0,15.2,0,0.89,0.75,0.04,1
864,107,8.074766355140186,456,121,1,0.1,27.0,1,2.2,1,0.43,0.03,0.77,0
86548,81910,1.056623122939812,383,97,1,13.19,809.0,8,21.0,1,0.89,0.42,0.3,1
49871,63748,0.7823147392859384,381,98,1,4.46,190.0,6,21.7,0,0.74,0.57,0.14,1
262,9,29.11111111111111,1655,77,1,2.32,26.0,3,0.8,0,0.55,0.15,0.67,0
166,4646,0.03572965992251399,174,125,0,17.7,1.0,0,23.8,0,0.95,0.82,0.08,1
87,74,1.1756756756756757,3680,63,1,2.98,1.0,0,3.6,0,0.93,0.2,0.58,0
0,218,0.0,3873,112,1,0.67,0.0,0,4.7,0,0.54,0.02,0.71,0
20,35,0.5714285714285714,2273,111,1,0.24,6.0,0,0.8,1,0.55,0.16,0.57,0
104,88,1.1818181818181819,3907,41,1,0.14,3.0,0,2.4,0,0.87,0.16,0.67,0
113,100,1.13,1659,50,0,0.82,2.0,0,7.8,0,0.82,0.11,0.89,0
555,42,13.214285714285714,826,74,1,0.09,9.0,0,2.0,0,0.87,0.1,0.75,0
74,5252,0.01408987052551409,78,13,0,25.92,1.0,0,23.7,1,0.88,0.89,0.06,1
240,1419,0.16913319238900634,2145,87,1,0.08,4.0,0,7.2,1,0.73,0.13,0.77,0
85847,59478,1.4433403947678134,102,39,1,12.47,262.0,9,18.5,0,0.75,0.42,0.34,1
345,3787,0.09110113546342752,195,145,0,14.81,1.0,0,20.6,1,0.84,0.77,0.21,1
278,301,0.9235880398671097,730,139,1,1.07,1.0,0,0.9,0,0.75,0.22,0.89,0
28,38,0.7368421052631579,3085,39,1,3.2,8.4,0,7.2,1,0.83,0.13,0.54,0
29,5322,0.0054490792934986845,116,0,0,13.14,2.0,0,15.5,0,0.98,0.93,0.16,1
57,35,1.6285714285714286,3660,105,1,2.24,5.0,0,0.3,0,0.41,0.05,0.71,0
331,2768,0.11958092485549134,39,125,0,16.45,3.0,0,26.3,1,0.88,0.54,0.11,1
82175,16431,5.001217211368754,486,42,1,3.29,474.0,19,20.7,0,0.85,0.44,0.33,1
456,3960,0.11515151515151516,193,102,0,20.76,0.0,0,27.9,1,0.74,0.78,0.06,1
429,28,15.321428571428571,1087,104,1,0.38,0.0,0,1.4,1,0.51,0.11,0.74,0
87,1330,0.06541353383458647,77,0,0,31.46,2.0,0,27.5,0,0.9,0.69,0.17,1
6,63,0.09523809523809523,528,69,1,0.2,1.7999999999999998,0,1.9,1,0.92,0.16,0.53,0
60,79,0.759493670886076,699,46,1,1.08,1.0,0,4.8,1,0.51,0.08,0.65,0
264,12,22.0,3853,53,1,1.39,79.2,7,7.0,0,0.84,0.24,0.73,0
23,3571,0.00644077289274713,2053,117,1,0.5,6.8999999999999995,0,2.0,0,0.38,0.05,0.74,0
110,3034,0.03625576796308504,69,155,1,7.5,9.0,0,29.4,1,0.75,0.83,0.27,1
52,225,0.2311111111111111,1464,72,1,0.34,1.0,0,6.9,0,0.65,0.22,0.72,0
31,398,0.07788944723618091,490,79,1,3.56,8.0,0,2.1,0,0.62,0.15,0.54,0
7,7499,0.000933457794372583,83,0,1,42.03,2.0,0,17.3,1,0.87,0.72,0.04,1
4887,309,15.815533980582524,17,102,1,3.41,40.0,0,3.6,0,0.39,0.59,0.26,1
41,255,0.1607843137254902,786,101,1,0.1,12.299999999999999,1,6.2,1,0.73,0.03,0.73,0
12,213,0.056338028169014086,1144,117,1,0.33,3.5999999999999996,0,1.1,0,0.75,0.17,0.92,0
32,31,1.032258064516129,3949,57,1,1.56,6.0,0,2.4,0,0.76,0.18,0.8,0
19,1340,0.014179104477611941,20,0,0,45.38,2.0,0,25.4,0,0.97,0.7,0.13,1
398,73,5.4520547945205475,264,94,1,0.23,8.0,0,6.6,1,0.91,0.2,0.58,0
7730,8,966.25,2153,55,1,1.8,51.0,7,7.1,0,0.81,0.12,0.72,0
1141,186,6.134408602150538,3203,54,1,0.2,92.0,12,6.9,0,0.35,0.13,0.79,0
28,7,4.0,261,40,1,0.82,8.4,0,2.1,0,0.31,0.08,0.92,0
841,402,2.0920398009950247,403,55,1,1.9,14.0,1,7.4,0,0.84,0.14,0.64,0
1118,12,93.16666666666667,1436,36,1,0.42,4.0,0,4.1,0,0.33,0.13,0.76,0
293,2315,0.1265658747300216,33,104,1,29.47,2.0,0,24.1,0,0.89,0.64,0.05,1
3082,241,12.78838174273859,396,126,1,0.72,21.0,2,1.6,1,0.75,0.21,0.88,0
7,281,0.02491103202846975,970,73,1,0.2,2.1,0,0.9,1,0.82,0.14,0.73,0
873,371,2.353099730458221,28,69,1,4.5,32.0,0,4.8,1,0.43,0.48,0.33,1
39949,73932,0.5403478872477412,410,45,1,6.62,184.0,0,13.5,1,0.87,0.53,0.21,1
3374,159,21.22012578616352,83,122,1,3.3,45.0,0,4.3,1,0.51,0.55,0.46,1
434,206,2.1067961165048543,1925,126,1,0.44,128.0,7,2.1,0,0.59,0.11,0.54,0
2,5272,0.00037936267071320183,14,17,0,20.77,2.0,0,24.4,1,0.9,0.73,0.14,1
115,65,1.7692307692307692,860,58,1,0.15,34.5,2,5.5,0,0.69,0.23,0.6,0
666,161,4.136645962732919,1487,90,1,0.6,115.0,10,4.6,0,0.93,0.02,0.52,0
67,6728,0.009958382877526754,22,6,1,36.68,2.0,0,21.7,1,0.88,0.97,0.0,1
66071,20454,3.2302239170822333,330,55,1,12.86,281.0,2,24.6,0,0.82,0.47,0.25,1
35,1165,0.030042918454935622,70,0,1,10.79,1.0,0,26.2,1,1.0,0.62,0.16,1
4831,26,185.80769230769232,2579,81,1,0.66,1.0,0,0.7,0,0.7,0.07,0.93,0
60,4217,0.014228124258951862,71,17,1,49.84,2.0,0,22.9,1,0.88,0.67,0.01,1
137,4146,0.033043897732754464,183,134,0,24.87,7.0,0,24.5,0,0.91,0.72,0.15,1
4688,247,18.979757085020243,29,110,1,3.98,43.0,0,6.3,0,0.42,0.57,0.49,1
626,119,5.260504201680672,1130,82,1,0.47,1.0,0,3.6,0,0.83,0.05,0.81,0
11,15,0.7333333333333333,2643,89,1,0.25,3.3,0,3.6,1,0.66,0.17,0.77,0
91,6655,0.013673929376408715,74,5,0,41.58,0.0,0,21.9,1,0.98,0.85,0.13,1
356,146,2.4383561643835616,1003,78,1,1.41,3.0,0,4.6,0,0.32,0.15,0.87,0
56,4678,0.011970927746900385,65,150,0,7.86,3.0,0,24.8,1,0.78,0.66,0.12,1
495,4247,0.11655286084294797,172,118,1,17.89,6.0,0,27.3,0,0.94,0.85,0.06,1
25,46,0.5434782608695652,2275,89,1,0.1,7.5,1,3.9,0,0.78,0.25,0.89,0
781,21,37.19047619047619,1121,87,1,0.04,1.0,0,6.3,0,0.69,0.11,0.88,0
52181,99368,0.5251288141051446,386,77,1,12.62,417.0,18,13.3,1,0.67,0.54,0.23,1
33,2492,0.013242375601926164,20,5,0,32.07,0.0,0,26.7,1,0.9,0.97,0.07,1
95,5951,0.01596370357923038,15,13,0,48.44,0.0,0,19.0,1,0.94,0.94,0.06,1
174,40,4.35,582,73,0,3.37,6.0,0,4.5,0,0.59,0.23,0.84,0
196,663,0.2956259426847662,1472,118,1,0.05,48.0,2,2.3,1,0.74,0.0,0.84,0
765,306,2.5,2916,71,1,0.03,229.5,23,6.2,0,0.53,0.07,0.79,0
836,53,15.773584905660377,14,95,1,4.02,41.0,1,8.2,0,0.6,0.72,0.26,1
174,146,1.1917808219178083,1632,112,1,0.5,52.199999999999996,6,4.0,0,0.59,0.25,0.63,0
0,43,0.0,1585,66,1,1.56,0.0,0,6.2,0,0.84,0.14,0.58,0
29,78,0.3717948717948718,1164,57,1,0.7,3.0,0,7.1,0,0.69,0.25,0.78,0
758,115,6.591304347826087,3642,69,1,0.51,2.0,0,6.3,0,0.36,0.1,0.92,0
944,687,1.3740902474526928,3121,47,1,0.01,5.0,0,0.7,1,0.71,0.22,0.88,0
182,2735,0.06654478976234003,65,113,1,20.06,6.0,0,23.0,0,0.97,0.6,0.23,1
43,705,0.06099290780141844,75,6,1,18.72,0.0,0,19.3,0,0.86,0.64,0.18,1
454,1004,0.45219123505976094,1401,69,1,0.33,1.0,0,1.4,0,0.39,0.12,0.84,0
328,1578,0.20785804816223066,82,115,0,27.98,1.0,0,21.9,1,0.87,0.68,0.23,1
92,4864,0.018914473684210526,13,15,1,12.05,2.0,0,20.4,1,0.89,0.77,0.08,1
86837,46375,1.8724959568733153,446,56,1,6.68,855.0,12,10.5,1,0.71,0.48,0.19,1
97,4697,0.02065147966787311,23,112,1,17.52,0.0,0,20.8,0,0.74,0.52,0.29,1
27,17,1.588235294117647,642,79,1,0.67,8.1,0,1.5,0,0.38,0.03,0.82,0
3069,166,18.487951807228917,752,32,1,0.01,24.0,0,2.5,1,0.94,0.08,0.56,0
12,198,0.06060606060606061,2194,58,1,2.41,3.5999999999999996,0,4.6,1,0.58,0.19,0.87,0
461,3655,0.12612859097127224,133,120,0,5.74,5.0,0,20.3,0,0.79,0.54,0.28,1
341,56,6.089285714285714,3947,97,1,1.18,40.0,5,4.8,1,0.41,0.15,0.65,0
229,2697,0.08490915832406377,41,121,0,25.13,6.0,0,29.7,1,0.87,0.57,0.23,1
1303,197,6.614213197969543,1838,145,0,2.15,44.0,4,2.4,0,0.74,0.1,0.75,0
93,5734,0.01621904429717475,67,9,0,39.63,0.0,0,25.6,1,0.87,0.64,0.01,1
24,40,0.6,1193,117,1,0.14,7.199999999999999,0,0.8,0,0.87,0.08,0.61,0
412,48,8.583333333333334,1485,100,0,1.83,8.0,1,7.0,0,0.49,0.24,0.89,0
490,20,24.5,1220,71,1,0.29,16.0,1,3.9,0,0.72,0.24,0.52,0
171,308,0.5551948051948052,1001,76,1,2.05,7.0,0,7.6,1,0.34,0.15,0.93,0
68,2029,0.03351404632824051,43,155,1,19.61,5.0,0,26.6,1,0.78,0.55,0.07,1
1215,343,3.542274052478134,2709,110,1,0.05,14.0,1,5.4,0,0.39,0.01,0.92,0
313,1240,0.2524193548387097,95,103,0,26.8,9.0,0,26.9,1,0.88,0.78,0.26,1
85,663,0.1282051282051282,100,0,0,10.24,1.0,0,21.3,0,0.98,0.92,0.12,1
122,7,17.428571428571427,2251,63,1,0.61,36.6,2,7.3,0,0.6,0.0,0.91,0
121,3868,0.031282316442606,114,150,0,27.51,6.0,0,23.2,0,0.8,0.76,0.23,1
52,38,1.368421052631579,1091,64,1,0.46,1.0,0,5.8,1,0.33,0.22,0.54,0
124,3644,0.03402854006586169,15,150,0,19.93,8.0,0,20.8,1,0.77,0.63,0.24,1
304,167,1.8203592814371257,2044,113,1,0.23,6.0,0,1.1,0,0.52,0.07,0.93,0
32,520,0.06153846153846154,3023,112,1,0.05,5.0,0,6.9,0,0.46,0.14,0.74,0
2,4794,0.00041718815185648727,80,5,0,31.69,1.0,0,23.5,1,0.9,0.96,0.0,1
504,475,1.0610526315789475,1748,95,1,1.88,12.0,0,3.9,0,0.51,0.24,0.54,0
90,2400,0.0375,27,0,1,12.77,1.0,0,24.9,1,0.88,0.69,0.03,1
7,5994,0.0011678345011678344,5,15,0,32.92,2.0,0,16.4,0,0.92,0.84,0.16,1
51,18,2.8333333333333335,3025,42,1,0.03,15.299999999999999,1,0.6,1,0.45,0.11,0.86,0
1,25,0.04,1306,114,1,1.65,0.3,0,1.8,1,0.65,0.07,0.57,0
36,31,1.1612903225806452,634,118,1,2.07,10.799999999999999,0,2.6,1,0.45,0.04,0.72,0
146,114,1.280701754385965,3861,69,1,2.32,10.0,0,4.4,1,0.49,0.02,0.89,0
39,145,0.2689655172413793,3316,57,1,0.38,10.0,0,5.1,0,0.88,0.24,0.89,0
36345,36406,0.9983244520134044,213,32,1,14.32,100.0,4,12.4,1,0.79,0.32,0.35,1
109,1951,0.05586878523833931,848,70,1,0.82,4.0,0,5.7,0,0.59,0.09,0.88,0
107,98,1.0918367346938775,2493,50,1,1.77,11.0,1,3.3,1,0.76,0.18,0.78,0
7034,77,91.35064935064935,601,120,1,0.97,8.0,0,2.0,0,0.6,0.05,0.89,0
0,83,0.0,3046,74,1,1.98,0.0,0,4.8,0,0.94,0.21,0.91,0
151,169,0.893491124260355,3353,25,1,1.36,0.0,0,2.1,1,0.83,0.16,0.93,0
28,1265,0.022134387351778657,2971,56,1,1.47,8.4,0,7.2,1,0.94,0.05,0.51,0
20,2761,0.007243752263672582,1481,22,1,0.36,6.0,0,1.9,0,0.63,0.05,0.71,0
77,60,1.2833333333333334,3747,69,1,2.16,6.0,0,6.3,1,0.84,0.1,0.62,0
91,6504,0.013991389913899139,107,0,1,38.45,1.0,0,29.9,0,0.96,0.92,0.14,1
815,119,6.848739495798319,2572,58,1,0.3,109.0,4,5.8,0,0.42,0.23,0.56,0
77,100,0.77,2886,105,1,0.79,23.099999999999998,0,7.6,0,0.36,0.05,0.8,0
224,1388,0.16138328530259366,163,104,1,9.76,6.0,0,29.1,1,0.92,0.81,0.07,1
1882,26,72.38461538461539,1907,72,1,0.16,1.0,0,3.4,0,0.54,0.15,0.78,0
8,2065,0.00387409200968523,490,34,1,0.72,2.4,0,1.7,0,0.32,0.16,0.93,0
568,18,31.555555555555557,3958,74,1,2.03,6.0,0,6.2,0,0.83,0.13,0.52,0
21,26,0.8076923076923077,2083,74,1,0.14,4.0,0,3.1,0,0.88,0.05,0.73,0
4515,452,9.988938053097344,49,136,1,2.79,48.0,0,4.3,1,0.41,0.42,0.36,1
66,350,0.18857142857142858,1198,51,1,0.99,3.0,0,5.7,0,0.75,0.25,0.82,0
52926,15601,3.3924748413563233,133,93,1,5.73,76.0,3,21.0,1,0.84,0.54,0.25,1
162,2801,0.057836486968939664,50,130,0,5.92,7.0,0,20.2,1,0.85,0.73,0.24,1
128,224,0.5714285714285714,1771,141,1,1.64,5.0,0,2.9,0,0.45,0.06,0.82,0
149,67,2.2238805970149254,2302,80,1,0.79,44.699999999999996,5,1.2,0,0.74,0.04,0.59,0
28,43,0.6511627906976745,360,90,1,0.15,1.0,0,6.0,1,0.92,0.18,0.65,0
130,1759,0.07390562819783968,1660,122,1,0.15,39.0,4,5.3,0,0.79,0.24,0.82,0
925,132,7.007575757575758,2454,121,1,0.37,8.0,0,5.8,1,0.54,0.03,0.94,0
66,93,0.7096774193548387,2119,116,1,3.73,19.8,1,2.9,1,0.67,0.22,0.73,0
354,28,12.642857142857142,956,70,1,2.0,32.0,0,1.6,0,0.76,0.16,0.8,0
196,1172,0.16723549488054607,16,110,1,15.44,1.0,0,28.2,1,0.9,0.64,0.25,1
70,10,7.0,3892,132,1,1.14,13.0,1,1.4,0,0.72,0.15,0.53,0
34355,35828,0.958886904097354,240,62,1,4.48,39.0,0,23.8,1,0.72,0.34,0.33,1
34521,39599,0.8717644384959217,226,43,1,9.13,272.0,2,18.5,1,0.83,0.54,0.12,1
77820,61290,1.2697014194811551,233,70,1,11.46,606.0,11,11.4,1,0.88,0.33,0.36,1
49,326,0.15030674846625766,1875,59,1,2.1,12.0,0,6.1,0,0.73,0.07,0.57,0
69,5683,0.012141474573288756,92,11,1,46.92,1.0,0,26.1,1,0.86,0.76,0.01,1
68,1849,0.03677663601946998,1618,49,1,0.49,15.0,1,5.1,0,0.72,0.22,0.75,0
429,3369,0.12733748886910062,28,148,1,27.07,5.0,0,27.3,1,0.98,0.67,0.16,1
4835,484,9.989669421487603,18,94,1,2.24,92.0,4,2.7,1,0.54,0.59,0.49,1
10,456,0.021929824561403508,2910,49,1,0.4,2.0,0,6.1,0,0.87,0.23,0.51,0
3746,540,6.937037037037037,1013,68,1,0.06,1.0,0,4.6,0,0.49,0.08,0.59,0
34,258,0.13178294573643412,1209,89,0,0.13,1.0,0,7.6,0,0.44,0.16,0.84,0
100,745,0.1342281879194631,943,67,1,0.36,21.0,2,1.1,1,0.62,0.07,0.76,0
452,3547,0.1274316323653792,11,141,0,18.53,8.0,0,22.0,1,0.82,0.82,0.2,1
54,1199,0.045037531276063386,86,12,0,26.04,2.0,0,19.0,1,0.91,0.61,0.11,1
445,114,3.9035087719298245,3219,36,1,0.95,18.0,2,7.7,0,0.64,0.0,0.53,0
38,75,0.5066666666666667,1942,91,1,0.37,3.0,0,0.0,0,0.95,0.14,0.61,0
133,30,4.433333333333334,3341,45,0,1.76,9.0,1,3.3,1,0.91,0.13,0.88,0
449,3328,0.1349158653846154,49,105,1,28.76,8.0,0,27.7,0,0.84,0.77,0.08,1
5813,1319,4.407126611068992,1604,52,1,0.38,10.0,0,3.9,0,0.41,0.21,0.69,0
5,107,0.04672897196261682,1548,109,1,0.0,0.0,0,5.1,0,0.62,0.1,0.51,0
1494,7,213.42857142857142,3004,70,1,1.98,79.0,11,5.6,0,0.65,0.05,0.56,0
911,26,35.03846153846154,1092,104,1,1.01,32.0,4,2.9,1,0.36,0.14,0.94,0
6867,312,22.009615384615383,1355,90,1,0.24,5.0,0,4.0,0,0.73,0.01,0.82,0
587,22,26.681818181818183,863,54,1,1.16,8.0,0,6.5,0,0.57,0.22,0.74,0
23,7131,0.003225354087785724,36,15,0,32.06,0.0,0,22.1,0,0.97,0.8,0.04,1
58,246,0.23577235772357724,925,65,1,1.21,0.0,0,2.2,0,0.48,0.03,0.81,0
67,6309,0.010619749564114756,117,5,1,11.7,0.0,0,27.3,0,0.88,0.82,0.09,1
422,320,1.31875,1381,100,1,1.27,12.0,0,1.5,1,0.34,0.25,0.89,0
394,32,12.3125,185,111,1,0.32,17.0,1,2.0,0,0.54,0.15,0.6,0
91,6798,0.013386290085319212,35,18,0,27.94,0.0,0,23.0,0,1.0,0.63,0.05,1
1945,111,17.52252252252252,69,108,1,1.13,79.0,2,5.5,1,0.6,0.7,0.23,1
137,1195,0.11464435146443515,151,104,0,12.42,7.0,0,20.6,0,0.86,0.64,0.06,1
5,28,0.17857142857142858,768,49,1,0.57,1.5,0,2.4,0,0.5,0.09,0.71,0
17,2,8.5,1732,134,1,0.63,5.1,0,2.8,0,0.62,0.18,0.75,0
39,63,0.6190476190476191,2947,111,1,0.53,4.0,0,3.1,0,0.54,0.09,0.74,0
55,4872,0.011288998357963875,117,142,1,28.95,5.0,0,26.6,1,0.95,0.84,0.06,1
37,14,2.642857142857143,2745,73,1,0.24,10.0,0,1.6,0,0.57,0.1,0.93,0
62,3287,0.018862184362640706,26,0,1,32.53,2.0,0,28.9,1,0.94,0.86,0.05,1
34,150,0.22666666666666666,1120,112,1,0.16,3.0,0,5.7,0,0.46,0.17,0.77,0
489,63,7.761904761904762,225,129,1,0.07,20.0,2,4.1,0,0.45,0.12,0.69,0
1048,165,6.351515151515152,3820,59,0,2.01,30.0,1,4.5,0,0.59,0.25,0.53,0
64,79,0.810126582278481,1596,63,1,0.46,4.0,0,4.7,1,0.47,0.14,0.61,0
1283,65,19.73846153846154,41,149,1,3.4,40.0,1,8.2,0,0.58,0.69,0.35,1
7,12,0.5833333333333334,3995,38,1,1.3,2.1,0,5.0,1,0.64,0.06,0.64,0
6,15,0.4,960,74,1,1.7,1.7999999999999998,0,6.6,0,0.73,0.09,0.81,0
8,2112,0.003787878787878788,3139,88,1,2.08,2.4,0,2.9,0,0.74,0.05,0.88,0
2,119,0.01680672268907563,3217,66,1,0.02,0.0,0,6.7,0,0.57,0.04,0.57,0
1043,36,28.97222222222222,1924,73,1,0.4,2.0,0,2.8,0,0.67,0.21,0.84,0
78,44,1.7727272727272727,930,111,1,0.05,15.0,1,6.4,1,0.35,0.05,0.84,0
3824,31,123.35483870967742,1160,100,1,0.72,7.0,0,1.4,1,0.58,0.25,0.89,0
3704,449,8.249443207126948,7,69,1,3.95,76.0,3,6.8,0,0.59,0.74,0.36,1
38,3635,0.01045392022008253,66,0,0,18.9,1.0,0,20.2,1,0.97,0.67,0.03,1
1763,69,25.55072463768116,42,60,1,1.62,23.0,1,6.3,0,0.68,0.41,0.27,1
2176,18,120.88888888888889,1951,62,1,0.49,106.0,15,6.4,1,0.55,0.23,0.56,0
9,1159,0.007765314926660914,336,41,1,2.38,2.6999999999999997,0,6.5,1,0.65,0.02,0.92,0
544,20,27.2,3011,55,0,0.38,1.0,0,3.6,0,0.8,0.17,0.88,0
35,32,1.09375,298,42,1,0.51,10.5,1,1.5,0,0.8,0.19,0.88,0
168,197,0.8527918781725888,2497,97,1,0.27,3.0,0,2.5,1,0.84,0.08,0.53,0
13,12,1.0833333333333333,3532,110,1,0.09,3.9,0,7.3,1,0.82,0.1,0.81,0
112,273,0.41025641025641024,373,82,1,0.02,5.0,0,0.1,0,0.5,0.01,0.76,0
137,10,13.7,3810,42,1,0.74,0.0,0,3.3,1,0.93,0.03,0.67,0
16,50,0.32,3183,58,1,1.46,4.8,0,5.6,0,0.58,0.06,0.82,0
22,21,1.0476190476190477,3241,97,1,0.08,6.6,0,6.2,0,0.9,0.04,0.81,0
12168,232,52.44827586206897,3979,117,1,0.31,24.0,1,1.2,0,0.86,0.01,0.57,0
133,564,0.23581560283687944,1454,72,1,1.54,39.9,5,3.7,1,0.55,0.2,0.91,0
165,32,5.15625,1265,65,0,1.42,8.0,0,7.0,0,0.51,0.22,0.77,0
1205,1,1205.0,3096,122,1,0.1,8.0,0,3.5,0,0.78,0.15,0.67,0
15,2669,0.005620082427875608,108,11,0,25.39,2.0,0,26.5,0,0.88,0.9,0.15,1
5124,116,44.172413793103445,2609,69,1,0.1,11.0,0,0.9,0,0.42,0.19,0.89,0
827,485,1.7051546391752577,6,69,1,1.71,49.0,2,4.4,1,0.47,0.78,0.3,1
2522,595,4.238655462184874,850,77,1,0.34,1.0,0,0.9,0,0.58,0.12,0.89,0
18,20,0.9,737,49,1,0.87,2.0,0,5.8,1,0.49,0.14,0.51,0
10,5062,0.0019755037534571317,44,13,0,14.34,0.0,0,25.3,0,0.93,0.84,0.02,1
44,322,0.13664596273291926,3040,64,0,0.02,13.2,0,6.2,1,0.75,0.21,0.93,0
89960,64430,1.3962439857209374,416,51,1,7.46,867.0,0,14.0,0,0.75,0.56,0.22,1
76,4074,0.018654884634266077,158,120,0,26.46,1.0,0,23.5,1,0.78,0.65,0.16,1
44,14,3.142857142857143,3197,95,1,1.3,13.2,0,6.2,0,0.47,0.05,0.56,0
85,6431,0.01321722904680454,44,0,1,10.3,2.0,0,28.1,0,0.87,0.72,0.17,1
20478,76,269.44736842105266,1230,100,1,0.02,131.0,15,1.7,0,0.57,0.14,0.89,0
36,4228,0.008514664143803218,40,0,0,49.43,1.0,0,19.1,1,0.87,0.62,0.04,1
88,5243,0.016784283806980736,78,0,0,26.62,0.0,0,23.1,1,0.96,0.66,0.04,1
41540,51775,0.802317720907774,450,44,1,14.93,212.0,0,13.9,0,0.91,0.33,0.29,1
107,3021,0.03541873551804038,42,121,1,28.69,6.0,0,23.7,0,0.73,0.8,0.17,1
82066,49503,1.6577985172615801,203,53,1,10.17,427.0,7,10.0,0,0.87,0.36,0.3,1
164,816,0.20098039215686275,668,60,1,0.38,49.199999999999996,4,2.7,1,0.56,0.0,0.85,0
68,4720,0.01440677966101695,26,15,0,15.08,0.0,0,23.1,1,0.9,0.94,0.1,1
44096,64468,0.6839982627039771,302,71,1,6.38,315.0,11,20.7,0,0.67,0.48,0.23,1
354,1002,0.3532934131736527,192,110,1,27.64,0.0,0,29.9,1,0.71,0.55,0.11,1
451,90,5.011111111111111,258,72,1,0.19,1.0,0,5.1,0,0.51,0.21,0.67,0
50,2074,0.024108003857280617,91,107,0,26.17,8.0,0,24.6,0,0.9,0.53,0.1,1
31,48,0.6458333333333334,1138,50,1,0.61,9.299999999999999,0,2.0,0,0.32,0.11,0.76,0
72,12,6.0,1894,59,1,2.14,15.0,2,6.3,1,0.51,0.16,0.62,0
78,412,0.18932038834951456,3524,47,1,0.75,5.0,0,5.4,1,0.76,0.09,0.71,0
77,40,1.925,2148,70,1,0.06,20.0,1,7.1,1,0.44,0.17,0.87,0
417,3616,0.115320796460177,53,150,0,11.97,2.0,0,23.4,0,0.72,0.85,0.28,1
4,294,0.013605442176870748,2377,99,1,0.84,1.2,0,3.7,1,0.71,0.17,0.73,0
245,4,61.25,2034,103,1,0.13,7.0,0,5.3,1,0.55,0.24,0.61,0
3,132,0.022727272727272728,1565,83,1,2.38,0.8999999999999999,0,4.3,0,0.76,0.02,0.59,0
598,25,23.92,902,37,1,2.28,21.0,1,2.8,1,0.33,0.07,0.79,0
88,3149,0.027945379485550967,210,65,1,0.23,7.0,0,2.8,1,0.92,0.23,0.54,0
195,1732,0.1125866050808314,68,159,0,28.92,0.0,0,20.9,0,0.71,0.83,0.3,1
85,106,0.8018867924528302,498,84,1,0.65,3.0,0,2.8,1,0.31,0.22,0.55,0
16,213,0.07511737089201878,3046,157,1,0.34,4.8,0,2.3,1,0.95,0.08,0.81,0
3996,387,10.325581395348838,28,124,1,2.99,64.0,0,5.5,1,0.51,0.8,0.3,1
97816,77327,1.264965665291554,276,50,1,14.13,568.0,23,20.3,1,0.77,0.4,0.26,1
4179,357,11.705882352941176,55,82,1,3.92,37.0,0,5.9,1,0.34,0.52,0.36,1
581,407,1.4275184275184276,3113,56,1,0.16,7.0,0,7.6,1,0.7,0.22,0.78,0
58,44,1.3181818181818181,804,83,1,0.08,2.0,0,2.2,0,0.94,0.03,0.67,0
120,193,0.6217616580310881,1926,86,1,0.06,36.0,3,6.9,0,0.55,0.03,0.87,0
22359,1223,18.28209321340965,1941,71,1,3.41,0.0,0,6.9,0,0.6,0.16,0.9,0
55,2268,0.024250440917107582,98,154,1,28.11,9.0,0,26.4,0,0.77,0.71,0.25,1
880,219,4.018264840182648,40,133,1,1.86,98.0,4,8.0,1,0.62,0.44,0.34,1
98,281,0.3487544483985765,3348,47,0,0.26,29.4,1,5.6,0,0.9,0.05,0.86,0
92730,13020,7.122119815668203,114,66,1,13.46,822.0,8,20.5,0,0.76,0.39,0.24,1
174,77,2.25974025974026,1633,97,1,0.07,29.0,2,1.4,0,0.52,0.24,0.79,0
87932,25935,3.3904761904761904,403,55,1,10.55,760.0,26,13.8,0,0.81,0.49,0.34,1
91190,25061,3.6387215194924383,333,64,1,8.07,357.0,2,23.0,1,0.77,0.59,0.31,1
74,220,0.33636363636363636,3358,73,1,0.57,13.0,1,2.3,0,0.74,0.09,0.54,0
1927,394,4.8908629441624365,25,128,1,2.87,67.0,2,5.0,0,0.42,0.59,0.47,1
879,105,8.371428571428572,3666,55,1,0.39,3.0,0,4.6,0,0.52,0.18,0.87,0
400,2653,0.15077271013946475,70,105,1,15.98,3.0,0,25.6,1,0.91,0.52,0.17,1
569,15,37.93333333333333,807,82,1,0.32,37.0,3,4.0,0,0.79,0.18,0.52,0
218,22,9.909090909090908,3421,48,1,0.04,30.0,2,0.3,0,0.76,0.02,0.91,0
3,2088,0.0014367816091954023,13,0,1,18.1,1.0,0,23.8,0,0.9,0.66,0.19,1
181,11,16.454545454545453,3223,57,1,2.72,5.0,0,1.7,1,0.54,0.15,0.89,0
28,1593,0.017576898932831136,18,14,0,41.37,2.0,0,23.5,0,0.87,0.63,0.1,1
48,1827,0.026272577996715927,71,19,0,19.66,1.0,0,21.3,0,0.99,0.92,0.02,1
119,42,2.8333333333333335,2174,46,1,0.04,13.0,1,7.6,1,0.44,0.02,0.89,0
419,2249,0.18630502445531347,105,126,1,15.04,4.0,0,26.8,1,0.82,0.77,0.23,1
949,467,2.032119914346895,10,88,1,3.25,86.0,0,6.6,0,0.39,0.74,0.38,1
678,14,48.42857142857143,542,81,1,0.07,6.0,0,4.0,0,0.73,0.18,0.64,0
235,3822,0.061486132914704346,171,154,1,18.84,0.0,0,29.0,0,0.82,0.86,0.1,1
153,775,0.19741935483870968,1359,92,1,0.69,10.0,0,1.7,0,0.5,0.25,0.73,0
92,3984,0.023092369477911646,186,111,1,9.0,1.0,0,23.1,0,0.78,0.65,0.18,1
78,11,7.090909090909091,2067,91,1,0.02,4.0,0,6.8,0,0.45,0.03,0.66,0
289,50,5.78,3324,58,1,1.76,22.0,1,3.3,0,0.35,0.22,0.89,0
70,4631,0.015115525804361908,135,134,1,17.74,4.0,0,21.0,0,0.89,0.9,0.08,1
61901,24581,2.518245799601318,485,59,1,12.77,103.0,4,10.5,1,0.76,0.35,0.39,1
91,207,0.4396135265700483,1009,25,1,1.63,4.0,0,4.2,1,0.76,0.09,0.54,0
621,353,1.7592067988668556,2685,65,1,0.26,4.0,0,6.4,0,0.67,0.06,0.91,0
136,35,3.8857142857142857,2420,122,1,0.09,10.0,1,7.3,1,0.7,0.12,0.92,0
578,66,8.757575757575758,2261,107,1,3.62,2.0,0,5.4,1,0.37,0.0,0.95,0
14,423,0.03309692671394799,1197,90,1,2.22,4.2,0,2.0,0,0.72,0.13,0.54,0
947,2456,0.38558631921824105,1134,107,1,0.58,6.0,0,0.1,0,0.55,0.15,0.54,0
326,334,0.9760479041916168,2123,65,1,1.21,76.0,11,2.2,0,0.38,0.24,0.84,0
33,31,1.064516129032258,3846,110,1,0.45,9.9,0,5.6,0,0.41,0.13,0.69,0
115,2769,0.0415312387143373,15,151,1,27.26,4.0,0,23.2,1,0.82,0.6,0.27,1
49,605,0.08099173553719008,14,14,0,43.32,2.0,0,24.9,0,0.89,0.73,0.05,1
43,2658,0.01617757712565839,19,0,0,13.75,2.0,0,27.0,0,0.97,0.87,0.09,1
2246,52,43.19230769230769,720,90,1,0.08,3.0,0,7.4,0,0.53,0.16,0.74,0
31,18,1.7222222222222223,1387,11,1,0.42,1.0,0,0.5,0,0.92,0.24,0.74,0
241,38,6.342105263157895,2680,73,0,0.44,2.0,0,3.2,1,0.94,0.1,0.9,0
157,70,2.242857142857143,3567,62,0,0.27,47.1,6,7.0,0,0.67,0.03,0.74,0
85,94,0.9042553191489362,1753,75,1,1.44,4.0,0,2.6,0,0.79,0.05,0.53,0
6,49,0.12244897959183673,1157,102,1,0.42,0.0,0,7.7,0,0.86,0.05,0.86,0
372,1600,0.2325,24,151,0,18.08,6.0,0,27.2,0,0.84,0.6,0.17,1
263,1254,0.20972886762360446,118,138,1,27.76,7.0,0,20.4,1,0.86,0.9,0.1,1
368,3419,0.10763381105586428,55,144,0,28.8,6.0,0,28.4,1,0.98,0.52,0.17,1
23,14,1.6428571428571428,3402,51,1,1.81,6.8999999999999995,0,5.5,0,0.46,0.21,0.63,0
668,54,12.37037037037037,3417,96,1,1.45,1.0,0,0.6,0,0.67,0.21,0.94,0
2542,38,66.89473684210526,2838,90,1,0.2,6.0,0,4.7,0,0.36,0.22,0.62,0
11,6,1.8333333333333333,1615,44,1,0.46,3.3,0,0.2,0,0.43,0.11,0.62,0
48,4796,0.010008340283569641,56,0,0,26.21,0.0,0,17.9,0,0.92,0.97,0.11,1
40,7105,0.005629838142153413,30,0,0,39.09,0.0,0,17.0,1,0.9,0.85,0.03,1
26742,51932,0.514942617268736,118,44,1,9.82,94.0,0,23.8,0,0.95,0.3,0.33,1
181,3690,0.04905149051490515,163,102,1,13.77,5.0,0,21.1,1,0.97,0.72,0.28,1
1193,131,9.106870229007633,277,74,1,0.15,1.0,0,4.2,0,0.32,0.09,0.8,0
109,222,0.49099099099099097,959,34,1,0.11,5.0,0,6.6,0,0.64,0.04,0.53,0
34,5306,0.006407840180927252,73,16,1,46.34,0.0,0,18.0,1,0.9,0.69,0.06,1
99,4841,0.020450320181780623,77,0,0,17.35,0.0,0,20.8,0,0.93,0.71,0.14,1
69,5944,0.011608344549125169,99,0,0,13.35,2.0,0,22.3,1,0.87,0.89,0.07,1
82,74,1.1081081081081081,2023,62,1,1.44,9.0,0,3.4,1,0.89,0.07,0.6,0
101,66,1.5303030303030303,3198,65,1,0.3,14.0,0,6.2,0,0.56,0.24,0.68,0
484,249,1.9437751004016064,615,111,1,0.83,23.0,1,4.2,1,0.72,0.02,0.7,0
137,3519,0.038931514634839445,172,131,1,29.48,5.0,0,20.3,0,0.85,0.68,0.12,1
14647,82511,0.17751572517603714,93,60,1,8.86,19.0,0,11.0,1,0.76,0.42,0.34,1
91,382,0.23821989528795812,1429,111,1,1.28,27.3,2,6.5,1,0.65,0.0,0.65,0
79513,67207,1.183105926465993,204,38,1,14.8,259.0,3,22.7,0,0.91,0.48,0.36,1
3164,310,10.206451612903226,22,155,1,4.02,41.0,1,8.5,0,0.38,0.49,0.44,1
185,868,0.21313364055299538,1595,21,1,0.64,23.0,0,5.3,0,0.8,0.02,0.63,0
35,38,0.9210526315789473,2690,36,1,1.94,10.5,1,4.0,1,0.8,0.03,0.84,0
91376,22992,3.974251913709116,274,74,1,6.98,699.0,12,20.6,1,0.75,0.34,0.1,1
48,155,0.3096774193548387,278,73,1,0.27,12.0,0,0.0,0,0.64,0.14,0.8,0
21,390,0.05384615384615385,367,69,0,0.5,1.0,0,4.4,1,0.36,0.21,0.63,0
8,4548,0.001759014951627089,59,11,1,47.91,1.0,0,21.7,0,0.93,0.88,0.08,1
82,351,0.2336182336182336,1687,141,1,0.02,5.0,0,3.5,1,0.8,0.03,0.91,0
19766,64248,0.307651600049807,446,36,1,14.53,56.0,0,24.0,1,0.9,0.61,0.16,1
441,9,49.0,2220,94,1,0.19,36.0,3,0.3,1,0.76,0.01,0.76,0
366,4349,0.08415727753506554,11,144,1,26.12,1.0,0,28.1,1,0.74,0.73,0.12,1
92,6165,0.01492295214922952,38,0,1,22.9,1.0,0,30.0,1,0.92,0.92,0.18,1
4571,228,20.04824561403509,7,93,1,1.81,17.0,0,9.1,0,0.58,0.41,0.48,1
574,87,6.597701149425287,3791,108,1,2.97,5.0,0,6.2,0,0.62,0.2,0.62,0
1951,140,13.935714285714285,2234,87,1,0.8,19.0,0,3.2,1,0.91,0.1,0.79,0
264,26,10.153846153846153,3823,96,0,1.87,11.0,1,7.2,0,0.75,0.01,0.56,0
2795,86,32.5,1997,126,1,0.42,16.0,2,1.3,0,0.38,0.0,0.9,0
201,1,201.0,3021,59,1,0.59,4.0,0,3.9,0,0.75,0.0,0.76,0
91222,6203,14.706109946799936,173,31,1,13.33,254.0,4,21.6,0,0.61,0.46,0.21,1
35,50,0.7,3398,122,1,0.18,1.0,0,0.5,0,0.66,0.11,0.84,0
325,177,1.8361581920903955,2122,97,1,3.16,6.0,0,1.8,1,0.82,0.05,0.53,0
60,5540,0.010830324909747292,75,0,0,34.49,0.0,0,27.1,1,0.95,0.64,0.06,1
42,1818,0.0231023102310231,92,0,0,15.94,2.0,0,25.4,1,0.85,0.73,0.02,1
455,57,7.982456140350878,623,77,1,0.74,17.0,2,7.9,1,0.92,0.1,0.67,0
9,1182,0.007614213197969543,80,0,0,12.95,2.0,0,19.6,1,0.97,0.93,0.2,1
259,1647,0.1572556162720097,159,155,1,20.35,8.0,0,29.6,0,0.98,0.87,0.25,1
20,23,0.8695652173913043,3821,64,1,1.31,6.0,0,1.0,1,0.79,0.07,0.94,0
18093,56223,0.3218078010778507,460,92,1,13.23,79.0,3,24.1,1,0.88,0.64,0.38,1
59,5508,0.010711692084241104,90,17,0,47.67,0.0,0,28.7,1,0.96,0.96,0.08,1
25,39,0.6410256410256411,858,51,1,0.53,7.5,0,3.3,0,0.64,0.15,0.71,0
244,310,0.7870967741935484,1796,39,1,0.53,73.2,10,4.1,0,0.95,0.04,0.83,0
13,49,0.2653061224489796,1269,25,1,1.07,3.9,0,4.3,0,0.47,0.15,0.8,0
383,97,3.948453608247423,3928,66,1,1.65,0.0,0,3.1,1,0.92,0.13,0.63,0
479,4165,0.11500600240096039,99,139,1,20.37,5.0,0,20.4,1,0.95,0.7,0.17,1
580,240,2.4166666666666665,2884,98,1,0.17,6.0,0,7.8,0,0.88,0.22,0.74,0
3057,866,3.5300230946882216,2951,60,1,0.81,23.0,1,0.9,1,0.81,0.04,0.58,0
7,89,0.07865168539325842,1484,45,1,0.42,2.1,0,0.8,1,0.93,0.24,0.69,0
168,11,15.272727272727273,2495,9,1,0.47,5.0,0,6.9,1,0.55,0.03,0.85,0
26081,55864,0.4668659601890305,320,92,1,13.52,217.0,6,17.7,0,0.62,0.43,0.29,1
775,566,1.3692579505300353,3340,90,1,1.09,224.0,18,2.4,0,0.75,0.23,0.57,0
999,310,3.2225806451612904,1016,142,1,0.09,2.0,0,7.1,1,0.83,0.13,0.71,0
3555,37,96.08108108108108,2730,62,1,2.5,5.0,0,7.7,0,0.9,0.17,0.91,0
6,312,0.019230769230769232,1368,31,1,0.02,1.7999999999999998,0,1.0,1,0.86,0.07,0.73,0
57,2823,0.020191285866099893,147,157,1,12.03,4.0,0,21.7,0,0.73,0.68,0.2,1
5734,150,38.22666666666667,1780,56,1,1.45,20.0,2,4.3,1,0.9,0.18,0.69,0
70862,75863,0.9340785363088726,92,71,1,12.04,431.0,14,10.2,0,0.67,0.69,0.31,1
317,256,1.23828125,2806,62,1,0.13,33.0,1,6.2,1,0.59,0.04,0.81,0
9,188,0.047872340425531915,2303,87,1,0.43,2.0,0,2.0,1,0.62,0.06,0.85,0
59535,54499,1.0924053652360595,428,43,1,13.32,494.0,12,12.9,1,0.82,0.39,0.38,1
43,236,0.18220338983050846,3634,61,1,0.26,12.9,0,4.5,1,0.89,0.02,0.63,0
1092,123,8.878048780487806,3494,70,1,0.75,11.0,1,5.2,1,0.72,0.05,0.84,0
53,6569,0.008068199117065002,52,0,0,13.52,0.0,0,27.0,0,0.85,1.0,0.03,1
32499,84586,0.3842125174378739,357,99,1,12.9,91.0,4,16.7,0,0.64,0.33,0.31,1
220,164,1.3414634146341464,1780,54,0,0.88,12.0,0,4.7,1,0.93,0.04,0.79,0
1661,55,30.2,2982,62,1,0.24,0.0,0,1.1,0,0.44,0.0,0.61,0
31317,74029,0.4230369179645814,81,53,1,8.58,37.0,1,12.7,0,0.66,0.49,0.14,1
139,369,0.37669376693766937,2344,124,1,0.39,1.0,0,0.9,1,0.33,0.08,0.68,0
2575,39,66.02564102564102,2023,75,1,1.24,19.0,1,4.4,1,0.56,0.07,0.95,0
508,141,3.602836879432624,2888,82,0,0.14,18.0,0,4.6,0,0.57,0.05,0.73,0
58,38,1.5263157894736843,1078,102,1,0.17,10.0,0,3.1,0,0.59,0.1,0.75,0
49,318,0.1540880503144654,1728,102,1,0.08,14.7,0,2.1,1,0.78,0.14,0.84,0
15,57,0.2631578947368421,2226,76,1,0.04,0.0,0,5.1,1,0.33,0.22,0.58,0
36,100,0.36,3545,92,1,0.41,3.0,0,4.0,0,0.63,0.15,0.84,0
2,25,0.08,2656,96,1,1.08,0.6,0,4.1,0,0.51,0.12,0.63,0
49,2371,0.02066638549135386,51,7,0,21.67,2.0,0,23.8,0,0.97,0.62,0.0,1
1087,199,5.4623115577889445,1114,115,1,0.22,8.0,0,1.5,1,0.89,0.21,0.84,0
429,10000,0.0429,458,102,1,0.6,4.0,0,0.5,0,0.48,0.01,0.8,0
59,449,0.13140311804008908,2472,83,1,1.09,1.0,0,3.3,1,0.95,0.02,0.52,0
48,3968,0.012096774193548387,45,11,1,43.78,1.0,0,15.5,1,1.0,0.75,0.2,1
26,624,0.041666666666666664,2050,114,1,0.36,7.8,0,0.4,0,0.36,0.14,0.89,0
943,503,1.874751491053678,697,92,1,0.38,5.0,0,0.1,1,0.31,0.06,0.69,0
30446,180,169.14444444444445,2549,41,1,0.28,101.0,3,7.3,1,0.39,0.16,0.73,0
15,7468,0.0020085698982324584,46,0,1,33.68,0.0,0,23.0,1,0.93,0.99,0.05,1
102,45,2.2666666666666666,1522,98,1,0.02,30.599999999999998,4,1.7,0,0.34,0.02,0.5,0
10,23,0.43478260869565216,1182,101,1,1.08,2.0,0,2.0,1,0.71,0.19,0.89,0
293,59,4.966101694915254,408,70,1,0.57,36.0,5,0.4,0,0.86,0.1,0.59,0
74,6229,0.011879916519505538,59,11,0,16.14,1.0,0,26.1,0,0.93,0.85,0.02,1
294,34,8.647058823529411,3430,140,1,0.73,13.0,0,2.7,0,0.64,0.11,0.72,0
7,1145,0.00611353711790393,3627,74,1,1.4,2.1,0,1.4,0,0.63,0.13,0.66,0
85,4676,0.01817792985457656,43,12,0,12.25,0.0,0,16.3,1,0.9,0.79,0.03,1
78,21,3.7142857142857144,2748,84,1,0.18,23.4,1,1.3,1,0.45,0.13,0.75,0
241,404,0.5965346534653465,2366,74,1,0.54,8.0,0,3.7,1,0.59,0.04,0.84,0
392,1005,0.3900497512437811,434,87,1,0.07,2.0,0,4.4,1,0.77,0.16,0.65,0
418,1622,0.25770653514180025,2846,117,1,0.45,31.0,1,3.4,0,0.75,0.18,0.64,0
13448,618,21.76051779935275,3235,150,1,1.7,30.0,1,2.1,1,0.83,0.1,0.66,0
789,183,4.311475409836065,1031,22,0,0.46,51.0,7,6.2,0,0.62,0.11,0.74,0
51,1302,0.03917050691244239,33,0,0,28.04,0.0,0,24.0,0,0.87,0.85,0.15,1
7,723,0.009681881051175657,31,0,0,40.56,0.0,0,16.0,1,0.93,0.93,0.18,1
2504,403,6.213399503722084,26,136,1,3.6,65.0,2,9.1,0,0.39,0.55,0.22,1
98,2432,0.04029605263157895,108,0,0,27.07,2.0,0,21.0,0,0.94,0.62,0.12,1
54,6855,0.00787746170678337,37,0,0,16.27,0.0,0,29.8,1,0.93,0.91,0.04,1
998,14,71.28571428571429,720,104,0,1.94,86.0,4,0.2,0,0.69,0.01,0.56,0
4,22,0.18181818181818182,2828,57,1,0.28,1.2,0,5.8,0,0.94,0.06,0.8,0
15,76,0.19736842105263158,860,42,1,0.9,4.5,0,2.3,0,0.8,0.12,0.54,0
2060,462,4.458874458874459,84,142,1,1.11,96.0,3,3.0,1,0.67,0.64,0.31,1
33,4485,0.007357859531772575,10,0,0,48.62,0.0,0,17.0,1,0.9,0.68,0.14,1
1562,37,42.21621621621622,3076,68,1,0.02,19.0,1,5.0,0,0.56,0.08,0.78,0
20,196,0.10204081632653061,2396,71,1,0.17,6.0,0,2.7,1,0.5,0.04,0.91,0
103,30,3.433333333333333,686,133,1,0.18,30.9,1,0.8,0,0.76,0.01,0.92,0
161,2109,0.07633949739212897,192,118,0,13.63,8.0,0,27.0,0,0.8,0.79,0.24,1
8513,60,141.88333333333333,3135,99,1,0.1,53.0,2,6.6,0,0.7,0.11,0.51,0
17,275,0.06181818181818182,2317,42,1,0.39,4.0,0,7.5,1,0.78,0.16,0.91,0
114,3827,0.02978834596289522,125,149,0,27.37,8.0,0,26.9,1,0.84,0.51,0.13,1
10,70,0.14285714285714285,1323,48,1,0.44,3.0,0,4.4,0,0.68,0.01,0.87,0
685,78,8.782051282051283,1322,31,1,0.7,1.0,0,6.3,0,0.3,0.15,0.86,0
45,16,2.8125,2246,48,1,0.13,2.0,0,7.6,0,0.77,0.11,0.51,0
5,3964,0.0012613521695257316,1207,76,1,0.64,1.5,0,4.3,1,0.91,0.22,0.59,0
1066,10,106.6,2980,56,1,2.59,13.0,0,1.8,1,0.45,0.17,0.91,0
424,70,6.057142857142857,2658,86,1,0.05,18.0,1,1.0,0,0.92,0.07,0.72,0
324,1765,0.18356940509915015,126,142,1,14.48,6.0,0,29.3,1,0.96,0.57,0.2,1
253,870,0.2908045977011494,433,93,1,1.11,75.89999999999999,9,4.1,1,0.74,0.16,0.83,0
439,1744,0.25172018348623854,60,108,1,29.67,1.0,0,28.3,0,0.89,0.51,0.29,1
223,1611,0.13842333954065797,153,112,1,21.78,0.0,0,27.7,1,0.96,0.52,0.2,1
1810,139,13.02158273381295,3154,66,1,1.69,1.0,0,6.9,1,0.54,0.01,0.65,0
12,35,0.34285714285714286,3675,136,1,0.43,3.0,0,3.1,0,0.44,0.1,0.92,0
141,3676,0.03835690968443961,187,127,1,8.08,6.0,0,25.8,1,0.86,0.87,0.29,1
315,68,4.632352941176471,1696,86,1,0.34,3.0,0,7.0,0,0.76,0.25,0.56,0
244,2635,0.09259962049335864,10,116,1,24.01,5.0,0,23.8,0,0.89,0.77,0.11,1
316,1030,0.3067961165048544,170,116,1,23.95,3.0,0,25.7,1,0.94,0.81,0.13,1
9761,51260,0.19042138119391339,88,90,1,8.72,90.0,3,11.2,0,0.72,0.57,0.19,1
191,1327,0.1439336850037679,52,152,0,15.5,6.0,0,25.2,1,0.78,0.64,0.18,1
35,5513,0.006348630509704335,40,0,0,48.75,1.0,0,16.1,1,0.89,0.92,0.11,1
91,5235,0.01738299904489016,80,0,0,23.82,2.0,0,15.8,0,0.92,0.98,0.05,1
181,1609,0.1124922311995028,181,102,1,23.27,3.0,0,24.5,0,0.86,0.9,0.24,1
32,74,0.43243243243243246,2202,40,1,0.89,9.6,1,3.4,0,0.48,0.14,0.64,0
247,3626,0.06811913954771098,99,129,1,6.21,9.0,0,20.1,1,0.78,0.68,0.13,1
1808,197,9.17766497461929,11,157,1,4.11,77.0,0,5.1,0,0.33,0.51,0.46,1
42,948,0.04430379746835443,2593,27,1,2.35,12.6,0,7.2,1,0.5,0.07,0.78,0
75633,11401,6.633891763880361,412,42,1,14.84,666.0,19,23.7,0,0.87,0.58,0.17,1
1088,180,6.044444444444444,64,158,1,4.3,57.0,0,2.7,1,0.45,0.43,0.29,1
86,3535,0.024328147100424326,43,145,1,10.7,9.0,0,21.1,0,0.84,0.53,0.07,1
157,3140,0.05,98,126,1,23.17,4.0,0,22.0,1,0.86,0.74,0.06,1
43413,17436,2.4898485891259465,327,55,1,11.9,166.0,5,13.9,0,0.9,0.55,0.13,1
62,182,0.34065934065934067,1045,55,1,0.32,18.599999999999998,2,0.4,1,0.76,0.22,0.86,0
77,259,0.2972972972972973,1730,91,1,2.09,23.099999999999998,2,4.1,1,0.35,0.0,0.91,0
0,540,0.0,1213,82,1,0.28,0.0,0,6.0,0,0.62,0.03,0.81,0
144,297,0.48484848484848486,1166,91,1,0.32,11.0,1,1.9,1,0.38,0.03,0.57,0
341,518,0.6583011583011583,3358,48,1,0.29,11.0,1,6.3,1,0.62,0.11,0.68,0
92,6902,0.013329469718922052,66,12,0,20.34,1.0,0,17.0,1,0.99,0.89,0.01,1
49,1552,0.03157216494845361,51,0,0,10.53,2.0,0,27.9,0,0.96,0.99,0.01,1
36,108,0.3333333333333333,542,102,1,4.84,10.799999999999999,0,0.3,0,0.38,0.01,0.66,0
2971,327,9.085626911314984,3346,89,1,0.61,44.0,2,7.0,0,0.89,0.01,0.68,0
36,233,0.15450643776824036,1632,83,1,0.57,10.799999999999999,1,4.2,1,0.59,0.23,0.8,0
3763,411,9.155717761557177,56,101,1,3.52,13.0,0,8.1,1,0.52,0.78,0.39,1
306,2688,0.11383928571428571,107,153,1,5.19,7.0,0,26.2,0,0.91,0.86,0.12,1
375,52,7.211538461538462,3594,64,1,1.18,1.0,0,4.1,0,0.51,0.04,0.82,0
1545,52,29.71153846153846,832,84,1,1.93,0.0,0,4.0,1,0.32,0.14,0.7,0
87,46,1.891304347826087,2212,124,1,0.06,15.0,0,7.3,1,0.37,0.23,0.55,0
6048,213,28.3943661971831,1091,95,1,2.95,39.0,4,3.6,1,0.65,0.04,0.69,0
96,16,6.0,3044,42,1,0.37,9.0,0,4.7,0,0.34,0.1,0.69,0
42560,45909,0.9270513406957241,311,38,1,13.43,78.0,1,12.8,0,0.93,0.41,0.17,1
433,7,61.857142857142854,3129,75,1,0.5,17.0,2,7.2,1,0.39,0.12,0.55,0
304,49,6.204081632653061,443,71,1,0.52,4.0,0,5.8,0,0.79,0.04,0.92,0
5,41,0.12195121951219512,2668,98,1,0.11,1.5,0,7.7,1,0.89,0.15,0.77,0
277,26,10.653846153846153,1885,61,1,0.08,2.0,0,5.3,1,0.83,0.08,0.77,0
31,28,1.1071428571428572,440,87,1,0.43,1.0,0,7.0,0,0.62,0.08,0.55,0
461,17,27.11764705882353,3420,112,1,0.05,0.0,0,5.8,0,0.33,0.06,0.81,0
261,142,1.8380281690140845,3587,77,1,0.4,34.0,2,3.5,0,0.63,0.2,0.84,0
21,6132,0.003424657534246575,5,0,0,43.69,2.0,0,23.2,0,0.89,0.75,0.2,1
73108,91579,0.798305288330294,339,49,1,4.0,357.0,7,20.6,1,0.7,0.35,0.4,1
1297,123,10.544715447154472,2002,31,1,0.29,4.0,0,0.0,0,0.84,0.14,0.95,0
1,44,0.022727272727272728,1504,103,1,0.68,0.3,0,2.1,0,0.73,0.11,0.58,0
40,5205,0.007684918347742555,119,9,0,24.67,2.0,0,17.5,1,0.92,0.95,0.06,1
4610,97,47.52577319587629,81,149,1,3.54,55.0,1,3.7,1,0.35,0.64,0.45,1
65784,33954,1.9374447782293691,340,97,1,10.78,632.0,22,14.6,1,0.9,0.59,0.35,1
74,1963,0.03769740193581253,19,0,0,14.96,0.0,0,16.0,0,0.91,0.84,0.08,1
25,4114,0.006076810889645114,95,13,1,24.03,0.0,0,27.1,1,0.89,0.96,0.07,1
39019,392,99.53826530612245,1448,101,1,0.53,5.0,0,0.8,0,0.68,0.19,0.61,0
849,391,2.1713554987212276,17,159,1,2.33,52.0,2,5.7,0,0.34,0.6,0.24,1
508,499,1.0180360721442885,626,48,1,0.69,2.0,0,6.3,0,0.88,0.2,0.65,0
3825,26,147.1153846153846,293,92,1,0.04,7.0,0,7.6,0,0.93,0.19,0.7,0
3077,234,13.149572649572649,38,62,1,1.01,80.0,3,5.9,1,0.31,0.51,0.31,1
136,4908,0.027709861450692746,111,118,0,16.6,0.0,0,23.2,0,0.83,0.65,0.19,1
93,5401,0.017219033512312534,106,0,0,42.15,1.0,0,29.7,1,0.89,0.61,0.04,1
403,4794,0.08406341259908219,50,135,0,26.11,5.0,0,29.5,1,0.91,0.71,0.06,1
1028,22,46.72727272727273,2390,56,1,0.43,3.0,0,6.5,0,0.73,0.05,0.74,0
4,5297,0.0007551444213705871,85,16,0,21.42,0.0,0,28.9,1,0.99,0.7,0.03,1
17839,45892,0.3887169877102763,472,52,1,4.85,41.0,1,15.9,1,0.68,0.47,0.32,1
442,2722,0.1623806024981631,92,122,1,24.76,4.0,0,25.3,0,0.77,0.81,0.25,1
24,683,0.03513909224011713,25,12,1,32.54,0.0,0,22.7,0,0.88,0.97,0.06,1
20,740,0.02702702702702703,3327,75,1,0.16,1.0,0,7.1,1,0.74,0.01,0.81,0
142,1983,0.07160867372667676,81,151,1,28.16,7.0,0,28.6,1,0.74,0.56,0.11,1
305,4494,0.06786826880284824,12,128,0,9.9,9.0,0,27.4,0,0.92,0.77,0.16,1
85,195,0.4358974358974359,3866,107,1,0.23,18.0,1,2.4,1,0.86,0.1,0.93,0
2458,108,22.75925925925926,40,130,1,2.95,36.0,0,2.9,0,0.48,0.44,0.31,1
304,1845,0.16476964769647698,1652,70,1,0.1,8.0,0,3.1,1,0.83,0.14,0.61,0
600,35,17.142857142857142,2331,79,1,0.1,10.0,1,5.6,0,0.77,0.0,0.93,0
14,338,0.04142011834319527,3182,71,1,0.1,3.0,0,3.1,0,0.67,0.16,0.71,0
1384,127,10.89763779527559,1104,86,1,0.46,14.0,0,7.4,0,0.32,0.17,0.72,0
888,148,6.0,853,49,1,0.25,5.0,0,7.2,0,0.91,0.23,0.71,0
12,84,0.14285714285714285,2826,96,1,1.69,3.5999999999999996,0,2.1,0,0.34,0.02,0.68,0
66,108,0.6111111111111112,1628,61,0,2.5,19.8,2,7.9,0,0.67,0.21,0.72,0
28012,89905,0.3115733274011456,120,78,1,8.1,95.0,3,13.9,0,0.78,0.67,0.32,1
74,1316,0.05623100303951368,64,0,1,22.95,0.0,0,27.7,1,0.95,0.78,0.11,1
283,3969,0.07130259511211892,19,103,1,8.66,0.0,0,26.2,0,0.93,0.88,0.16,1
65,726,0.08953168044077135,13,10,1,27.74,0.0,0,21.3,0,0.86,0.9,0.02,1
267,92,2.902173913043478,76,109,1,4.76,48.0,0,9.4,1,0.4,0.65,0.5,1
206,44,4.681818181818182,1620,83,1,0.33,10.0,0,5.9,0,0.77,0.16,0.6,0
46,131,0.3511450381679389,862,75,0,2.82,0.0,0,2.5,0,0.75,0.1,0.82,0
25,1890,0.013227513227513227,1134,59,0,0.13,7.5,0,3.4,1,0.56,0.06,0.56,0
23,101,0.22772277227722773,1900,57,1,1.27,6.8999999999999995,0,1.9,0,0.4,0.25,0.92,0
1958,2,979.0,3931,73,1,0.82,7.0,0,7.2,0,0.41,0.21,0.72,0
13,1107,0.011743450767841012,3333,107,1,0.11,1.0,0,2.7,0,0.64,0.06,0.88,0
7,93,0.07526881720430108,1198,126,1,0.76,2.1,0,0.6,0,0.78,0.01,0.85,0
2487,92,27.032608695652176,2280,105,1,1.06,4.0,0,1.4,0,0.43,0.25,0.5,0
119,16,7.4375,1681,47,1,1.26,8.0,0,2.9,0,0.89,0.05,0.86,0
79,4458,0.0177209510991476,69,139,0,22.99,8.0,0,20.7,0,0.84,0.73,0.22,1
123,4830,0.02546583850931677,107,131,1,25.9,2.0,0,20.1,0,0.84,0.87,0.12,1
1115,16,69.6875,1471,0,1,0.83,10.0,0,5.7,0,0.82,0.22,0.66,0
65,3836,0.01694473409801877,72,14,0,18.22,1.0,0,17.8,1,0.86,0.75,0.0,1
244,16,15.25,2497,127,0,2.08,5.0,0,0.9,0,0.85,0.03,0.91,0
405,2038,0.1987242394504416,49,128,1,23.7,5.0,0,25.1,1,0.95,0.79,0.09,1
300,3556,0.0843644544431946,81,111,0,14.61,9.0,0,24.8,1,0.84,0.77,0.22,1
73,3351,0.02178454192778275,118,0,1,16.87,0.0,0,25.7,1,0.92,0.6,0.02,1
959,35,27.4,2219,60,1,0.66,45.0,6,2.1,0,0.82,0.18,0.85,0
223,143,1.5594405594405594,2063,81,1,0.08,26.0,2,6.9,0,0.69,0.1,0.79,0
9023,93971,0.09601898458034926,486,57,1,8.98,22.0,0,12.9,1,0.81,0.55,0.2,1
869,89,9.764044943820224,663,94,1,0.78,2.0,0,7.9,0,0.63,0.23,0.54,0
156,336,0.4642857142857143,1167,21,1,0.49,17.0,1,7.1,0,0.77,0.09,0.72,0
22,4219,0.0052145058070632855,35,13,0,15.96,1.0,0,28.8,0,0.88,0.75,0.02,1
61773,48323,1.2783353682511434,259,55,1,7.1,284.0,6,23.0,0,0.76,0.57,0.34,1
67,1784,0.03755605381165919,77,10,0,39.06,0.0,0,26.9,1,0.87,0.64,0.1,1
266,40,6.65,2776,78,1,0.65,8.0,1,3.1,0,0.3,0.04,0.51,0
4948,445,11.119101123595506,8,154,1,1.41,47.0,0,4.4,1,0.36,0.47,0.3,1
106,258,0.4108527131782946,1398,75,1,0.41,31.799999999999997,1,5.0,0,0.62,0.01,0.8,0
2546,67,38.0,9,86,1,3.46,36.0,0,3.3,1,0.64,0.79,0.2,1
935,446,2.096412556053812,1477,93,1,1.19,10.0,0,0.3,0,0.52,0.18,0.82,0
924,97,9.525773195876289,68,134,1,4.68,98.0,1,5.1,1,0.45,0.76,0.46,1
350,122,2.8688524590163933,869,104,1,0.96,14.0,0,7.4,0,0.91,0.12,0.89,0
8202,170,48.247058823529414,2949,120,1,0.74,5.0,0,3.2,1,0.79,0.02,0.58,0
1764,63,28.0,20,132,1,3.36,95.0,3,7.6,1,0.38,0.45,0.36,1
1,33,0.030303030303030304,1530,83,1,0.86,0.3,0,3.4,1,0.95,0.13,0.51,0
57,30,1.9,2436,47,1,1.23,17.099999999999998,0,2.3,0,0.84,0.17,0.54,0
1790,85,21.058823529411764,25,143,1,1.82,42.0,1,4.2,1,0.32,0.62,0.39,1
12,164,0.07317073170731707,2250,51,1,0.05,2.0,0,0.3,0,0.54,0.16,0.66,0
28,24,1.1666666666666667,3072,67,1,0.81,8.4,1,7.7,0,0.58,0.07,0.56,0
43,105,0.4095238095238095,1155,108,1,0.56,12.9,1,6.7,0,0.64,0.23,0.86,0
36,7271,0.004951175904277266,43,16,0,27.53,1.0,0,22.4,0,0.97,0.72,0.07,1
23,330,0.0696969696969697,823,97,1,0.68,0.0,0,7.1,0,0.78,0.12,0.61,0
1,8,0.125,607,87,1,0.21,0.3,0,0.4,0,0.76,0.09,0.81,0
2,111,0.018018018018018018,1796,52,1,0.6,0.6,0,3.1,1,0.55,0.04,0.6,0
302,3459,0.08730847065625903,129,124,1,6.76,9.0,0,23.7,1,0.75,0.89,0.25,1
56628,95852,0.5907857947669324,335,70,1,13.11,249.0,8,14.7,0,0.78,0.53,0.17,1
85,635,0.13385826771653545,106,18,0,41.5,0.0,0,20.3,0,0.93,0.83,0.06,1
775,29,26.724137931034484,1194,89,1,0.35,7.0,0,4.7,1,0.73,0.0,0.53,0
351,3482,0.10080413555427915,112,110,0,13.19,9.0,0,23.8,1,0.78,0.86,0.19,1
1125,114,9.868421052631579,1807,51,1,0.49,54.0,6,2.0,0,0.56,0.01,0.69,0
26,28,0.9285714285714286,2695,72,1,0.27,3.0,0,0.7,1,0.84,0.16,0.53,0
44,4926,0.008932196508323184,115,0,0,47.44,0.0,0,16.7,1,0.94,0.66,0.18,1
18,149,0.12080536912751678,1774,43,1,0.14,1.0,0,3.0,0,0.43,0.1,0.64,0
175,2252,0.07770870337477798,17,102,0,7.82,4.0,0,28.4,0,0.81,0.64,0.27,1
482,3065,0.1572593800978793,56,140,1,10.1,1.0,0,23.6,0,0.98,0.56,0.17,1
5,5845,0.000855431993156544,35,15,0,38.65,0.0,0,19.2,0,0.92,0.74,0.18,1
37,384,0.09635416666666667,698,93,1,1.22,3.0,0,5.5,1,0.46,0.21,0.59,0
308,2997,0.10276943610276944,25,120,1,15.43,3.0,0,27.0,1,0.82,0.6,0.2,1
414,1608,0.2574626865671642,827,65,1,1.41,66.0,6,7.2,0,0.78,0.21,0.52,0
309,1752,0.17636986301369864,198,139,0,12.42,6.0,0,28.3,0,0.94,0.87,0.09,1
1,4805,0.0002081165452653486,102,19,0,42.77,0.0,0,18.3,1,0.99,0.61,0.03,1
83,19,4.368421052631579,3923,96,1,0.06,1.0,0,5.6,0,0.87,0.07,0.54,0
54,6,9.0,574,127,1,0.37,16.2,0,6.7,0,0.34,0.09,0.93,0
243,1786,0.1360582306830907,195,100,0,25.68,4.0,0,23.2,1,0.75,0.55,0.19,1
256,4869,0.05257753132059971,174,148,1,25.95,4.0,0,22.1,1,0.99,0.57,0.28,1
83726,54670,1.531479787817816,459,31,1,5.72,666.0,0,24.4,0,0.94,0.3,0.29,1
2226,407,5.469287469287469,78,144,1,4.49,25.0,1,5.5,0,0.37,0.47,0.35,1
62,12,5.166666666666667,3410,118,1,0.71,1.0,0,4.6,1,0.35,0.25,0.56,0
222,8,27.75,939,43,1,1.12,12.0,0,3.7,1,0.69,0.07,0.74,0
4092,433,9.450346420323326,3613,99,0,3.68,33.0,3,0.9,0,0.81,0.01,0.53,0
18,171,0.10526315789473684,1821,109,1,3.63,3.0,0,2.8,0,0.63,0.08,0.83,0
789,400,1.9725,958,65,1,0.54,37.0,4,3.1,1,0.85,0.01,0.94,0
438,4109,0.10659527865660745,56,102,1,26.04,2.0,0,27.7,1,0.82,0.63,0.09,1
57042,14139,4.034373010821133,254,34,1,13.22,112.0,3,17.1,1,0.78,0.51,0.28,1
92,4849,0.018972984120437204,46,15,0,28.23,2.0,0,25.8,0,0.86,0.94,0.11,1
2500,44,56.81818181818182,1722,60,1,0.12,19.0,0,4.3,0,0.7,0.14,0.81,0
60,6426,0.009337068160597572,100,0,0,34.09,0.0,0,20.9,0,0.89,0.81,0.16,1
5,2980,0.0016778523489932886,63,0,1,26.83,0.0,0,24.5,0,0.99,0.92,0.04,1
3633,129,28.162790697674417,1639,80,1,0.35,2.0,0,7.1,0,0.75,0.16,0.75,0
104,3407,0.030525388905195187,17,155,0,9.86,5.0,0,26.0,1,0.93,0.8,0.3,1
959,28,34.25,894,57,1,0.22,0.0,0,4.9,1,0.68,0.04,0.72,0
5,656,0.007621951219512195,77,9,0,22.03,2.0,0,16.5,0,0.97,0.97,0.13,1
11829,31502,0.37549996825598375,283,52,1,12.4,24.0,0,22.0,1,0.82,0.42,0.2,1
23,14,1.6428571428571428,2664,104,1,1.33,6.8999999999999995,0,1.0,0,0.92,0.2,0.76,0
105,16,6.5625,1536,112,1,0.07,11.0,1,3.8,0,0.39,0.17,0.61,0
39,79,0.4936708860759494,3917,120,1,0.55,11.7,0,4.9,0,0.57,0.19,0.6,0
14,1055,0.013270142180094787,51,0,1,48.2,2.0,0,22.8,0,0.96,0.84,0.04,1
161,128,1.2578125,309,99,1,5.78,9.0,0,4.5,0,0.47,0.24,0.78,0
54,7166,0.007535584705554005,114,17,0,12.38,0.0,0,17.1,0,0.95,0.92,0.01,1
263,657,0.4003044140030441,1084,72,0,0.16,13.0,1,1.2,0,0.35,0.19,0.76,0
29,1402,0.020684736091298145,3954,77,1,0.05,2.0,0,0.8,1,0.4,0.23,0.81,0
12,157,0.07643312101910828,3306,119,1,0.07,3.5999999999999996,0,3.9,0,0.49,0.05,0.9,0
2381,122,19.516393442622952,12,133,1,1.59,94.0,1,6.5,1,0.46,0.67,0.26,1
8,3797,0.0021069265209375824,49,8,0,37.27,1.0,0,29.5,1,0.99,0.64,0.12,1
94815,12371,7.66429552986824,383,34,1,12.53,590.0,8,21.7,0,0.73,0.66,0.19,1
51,6492,0.007855822550831794,25,0,0,10.53,2.0,0,17.0,0,0.97,0.74,0.06,1
419,2870,0.14599303135888503,111,159,1,23.16,4.0,0,28.3,0,0.82,0.62,0.1,1
75,5595,0.013404825737265416,17,19,0,17.66,1.0,0,16.8,1,0.9,0.69,0.1,1
361,2018,0.17888999008919723,139,152,0,9.8,2.0,0,26.7,1,0.94,0.68,0.28,1
91,5685,0.01600703605980651,53,0,0,20.69,0.0,0,27.5,0,0.97,1.0,0.0,1
606,396,1.5303030303030303,517,107,1,0.57,19.0,1,7.1,0,0.86,0.2,0.87,0
162,12,13.5,1095,62,1,0.22,48.6,6,7.3,0,0.73,0.04,0.7,0
33,4821,0.006845052893590542,100,0,0,41.75,0.0,0,25.3,1,0.87,0.65,0.13,1
1528,56,27.285714285714285,1634,76,1,0.18,5.0,0,5.5,1,0.69,0.17,0.71,0
178,356,0.5,2853,94,1,2.74,27.0,2,7.6,0,0.35,0.17,0.81,0
3,172,0.01744186046511628,3142,74,1,0.55,0.8999999999999999,0,7.5,0,0.6,0.17,0.62,0
64200,19240,3.3367983367983367,470,84,1,6.46,334.0,11,11.0,1,0.83,0.35,0.3,1
376,126,2.984126984126984,2381,72,1,0.09,8.0,0,0.6,1,0.59,0.12,0.75,0
1,1150,0.0008695652173913044,320,55,1,0.73,0.3,0,7.7,0,0.94,0.08,0.58,0
235,360,0.6527777777777778,39,109,1,1.89,8.0,0,8.7,0,0.39,0.75,0.22,1
118,389,0.3033419023136247,2548,54,1,0.35,4.0,0,0.6,0,0.94,0.17,0.74,0
54,4874,0.01107919573245794,9,14,0,31.02,0.0,0,27.8,0,1.0,0.77,0.08,1
1278,11,116.18181818181819,2500,103,1,0.26,383.4,33,6.3,0,0.43,0.02,0.8,0
22,1173,0.01875532821824382,58,13,0,13.56,1.0,0,17.0,0,0.86,0.72,0.17,1
35,43,0.813953488372093,2017,128,1,0.42,10.5,0,6.1,1,0.79,0.09,0.94,0
235,114,2.06140350877193,1370,74,1,0.44,40.0,3,4.4,0,0.82,0.16,0.81,0
323,2373,0.13611462284028655,75,138,1,22.96,9.0,0,27.8,0,0.79,0.8,0.16,1
203,49,4.142857142857143,1433,138,1,1.4,7.0,0,3.1,1,0.54,0.03,0.94,0
382,65,5.876923076923077,797,89,1,0.65,114.6,10,1.6,1,0.9,0.08,0.67,0
747,215,3.474418604651163,383,119,1,0.05,20.0,2,0.5,0,0.33,0.03,0.62,0
48,116,0.41379310344827586,466,26,1,0.73,14.399999999999999,1,2.3,0,0.81,0.12,0.87,0
96,4778,0.020092088740058602,1,17,0,48.99,1.0,0,23.5,0,0.99,0.88,0.19,1
61,811,0.0752157829839704,47,0,0,17.21,1.0,0,17.9,1,0.99,0.81,0.14,1
165,512,0.322265625,1065,125,1,3.54,11.0,0,3.4,1,0.61,0.22,0.52,0
53572,49112,1.09081283596677,214,77,1,10.2,234.0,1,21.4,1,0.73,0.53,0.22,1
1494,109,13.706422018348624,490,65,1,0.03,40.0,3,5.7,0,0.44,0.13,0.87,0
9,3035,0.0029654036243822075,6,0,0,49.0,2.0,0,27.3,1,0.88,0.63,0.12,1
22772,32,711.625,1806,113,1,2.76,1.0,0,7.3,1,0.45,0.06,0.95,0
247,3245,0.0761171032357473,195,137,1,14.5,6.0,0,20.1,0,0.86,0.53,0.11,1
6917,96,72.05208333333333,2254,110,1,1.51,27.0,1,2.2,1,0.54,0.09,0.86,0
2,19,0.10526315789473684,2015,37,0,0.33,0.6,0,2.8,0,0.89,0.2,0.88,0
1078,221,4.877828054298643,1625,95,1,0.03,19.0,2,6.2,0,0.79,0.24,0.69,0
3322,437,7.60183066361556,18,150,1,4.83,91.0,1,8.3,1,0.34,0.49,0.47,1
44,73,0.6027397260273972,2408,130,1,0.97,13.2,0,4.0,1,0.75,0.17,0.52,0
402,1331,0.3020285499624343,44,105,0,6.99,0.0,0,22.6,1,0.78,0.72,0.06,1
8,141,0.05673758865248227,1070,80,1,0.48,2.4,0,7.8,0,0.39,0.1,0.65,0
34,250,0.136,3346,86,1,1.81,10.2,1,6.0,1,0.82,0.03,0.6,0
4,94,0.0425531914893617,918,90,1,1.13,1.2,0,0.3,0,0.65,0.1,0.74,0
412,121,3.4049586776859506,1699,82,1,1.9,15.0,1,3.7,0,0.4,0.12,0.87,0
29,2,14.5,367,96,1,0.29,5.0,0,6.8,0,0.48,0.03,0.61,0
140,1284,0.10903426791277258,1848,107,1,0.75,39.0,1,6.0,0,0.92,0.02,0.53,0
118,45,2.6222222222222222,1732,91,1,3.55,3.0,0,4.8,0,0.41,0.18,0.84,0
7,103,0.06796116504854369,1262,117,1,0.84,2.1,0,6.4,0,0.31,0.04,0.9,0
40,96,0.4166666666666667,1465,61,1,1.14,12.0,1,3.8,0,0.53,0.23,0.87,0
322,15,21.466666666666665,2000,117,1,1.74,34.0,3,7.4,1,0.63,0.0,0.5,0
68,6300,0.010793650793650795,77,13,0,42.41,2.0,0,16.2,0,0.92,0.68,0.09,1
33,283,0.1166077738515901,3425,48,1,1.67,5.0,0,2.6,0,0.53,0.02,0.65,0
142,83,1.7108433734939759,289,51,1,0.42,2.0,0,1.1,1,0.71,0.14,0.57,0
402,1375,0.2923636363636364,126,117,0,28.74,0.0,0,27.2,1,0.73,0.84,0.08,1
77,3052,0.02522935779816514,100,0,1,29.66,0.0,0,25.6,1,0.97,0.76,0.08,1
2321,470,4.938297872340425,88,154,1,3.99,16.0,0,6.8,1,0.6,0.78,0.43,1
27,3772,0.0071580063626723225,22,0,1,27.2,2.0,0,23.9,1,0.97,0.65,0.08,1
4563,11,414.8181818181818,2692,103,1,0.9,71.0,5,1.1,0,0.32,0.25,0.87,0
590,134,4.402985074626866,824,78,0,0.9,25.0,1,1.5,1,0.36,0.04,0.55,0
677,282,2.400709219858156,77,107,1,1.66,40.0,0,9.9,1,0.7,0.68,0.47,1
339,97,3.4948453608247423,2811,89,1,0.27,31.0,1,6.3,1,0.67,0.06,0.87,0
404,1272,0.31761006289308175,10,146,1,27.18,1.0,0,25.9,0,0.73,0.66,0.27,1
166,14,11.857142857142858,3208,44,0,0.44,0.0,0,0.4,0,0.72,0.1,0.51,0
67,75,0.8933333333333333,3650,94,1,0.3,3.0,0,2.7,0,0.35,0.16,0.8,0
861,21,41.0,411,64,1,0.61,20.0,2,0.3,1,0.35,0.22,0.77,0
4006,118,33.94915254237288,56,125,1,4.45,65.0,2,3.1,1,0.4,0.66,0.47,1
143,145,0.9862068965517241,2215,82,1,0.18,1.0,0,0.0,0,0.55,0.22,0.52,0
28,6257,0.004474988013424964,51,12,0,10.53,1.0,0,26.6,1,0.96,0.75,0.11,1
308,21,14.666666666666666,874,102,1,0.88,7.0,0,1.5,1,0.41,0.07,0.58,0
241,263,0.9163498098859315,950,76,1,0.02,8.0,1,2.3,1,0.95,0.08,0.89,0
39,3257,0.01197420939514891,71,10,0,34.18,1.0,0,25.2,0,0.95,0.81,0.15,1
12,93,0.12903225806451613,2693,45,1,1.72,0.0,0,3.1,0,0.59,0.16,0.53,0
129,3807,0.0338849487785658,56,133,1,14.03,7.0,0,26.1,0,0.85,0.55,0.2,1
23,4785,0.004806687565308255,116,0,0,42.7,0.0,0,28.2,0,1.0,0.99,0.03,1
16959,730,23.231506849315068,3804,71,1,1.5,6.0,0,6.0,1,0.46,0.18,0.57,0
144,32,4.5,529,68,1,2.65,2.0,0,2.7,0,0.65,0.2,0.78,0
4672,296,15.783783783783784,1158,74,0,0.02,78.0,5,1.4,0,0.46,0.18,0.9,0
146,12,12.166666666666666,3687,31,1,0.33,21.0,1,0.3,0,0.64,0.2,0.51,0
358,229,1.5633187772925765,2155,160,1,1.08,24.0,3,4.1,0,0.86,0.06,0.7,0
3004,2,1502.0,3619,31,1,0.58,20.0,0,6.0,1,0.56,0.2,0.71,0
257,3013,0.08529704613342184,199,139,0,12.84,4.0,0,21.8,1,0.9,0.64,0.24,1
97,2955,0.03282571912013536,37,11,0,20.91,2.0,0,18.9,1,0.94,0.61,0.03,1
306,28,10.928571428571429,1110,41,1,1.55,29.0,3,1.2,0,0.71,0.02,0.71,0
2366,131,18.061068702290076,2512,96,1,1.06,1.0,0,7.8,1,0.92,0.13,0.8,0
16,282,0.05673758865248227,1851,73,1,0.47,4.8,0,3.0,0,0.36,0.09,0.82,0
97,191,0.5078534031413613,2880,80,1,0.1,29.099999999999998,2,6.8,1,0.9,0.17,0.69,0
0,1012,0.0,110,0,0,30.68,1.0,0,19.5,0,0.98,0.93,0.08,1
71,3,23.666666666666668,1292,105,1,0.22,21.3,2,1.6,0,0.36,0.16,0.73,0
140,28,5.0,1416,93,1,0.04,39.0,4,4.3,0,0.63,0.14,0.52,0
168,2919,0.05755395683453238,14,151,1,10.61,3.0,0,26.3,0,0.91,0.53,0.06,1
836,163,5.128834355828221,2670,85,1,0.34,2.0,0,7.4,0,0.39,0.12,0.64,0
54,3689,0.014638113309840065,88,0,0,26.55,1.0,0,18.3,1,0.95,0.81,0.07,1
330,109,3.0275229357798166,758,153,1,0.41,5.0,0,1.0,0,0.41,0.18,0.59,0
266,5559,0.047850332793667925,3386,82,0,0.05,64.0,2,4.8,0,0.6,0.08,0.68,0
31,292,0.10616438356164383,2880,87,0,1.63,9.299999999999999,1,3.1,0,0.92,0.01,0.74,0
11,12,0.9166666666666666,3757,81,1,1.24,3.3,0,2.8,0,0.74,0.24,0.9,0
704,24,29.333333333333332,1047,119,1,1.03,9.0,0,4.6,0,0.87,0.22,0.92,0
3098,107,28.953271028037385,1479,89,1,1.0,1.0,0,3.0,1,0.92,0.11,0.78,0
3549,125,28.392,61,147,1,4.2,77.0,3,3.3,1,0.38,0.62,0.37,1
3949,194,20.355670103092784,35,131,1,1.05,49.0,2,4.7,0,0.64,0.72,0.3,1
35,202,0.17326732673267325,1675,89,0,0.57,10.5,1,0.4,1,0.54,0.24,0.5,0
348,841,0.41379310344827586,3336,74,1,0.9,2.0,0,5.8,0,0.36,0.17,0.83,0
238,2992,0.07954545454545454,154,101,1,5.36,3.0,0,25.2,0,0.72,0.69,0.28,1
2529,31,81.58064516129032,2577,50,1,1.54,7.0,0,0.1,1,0.35,0.14,0.84,0
28,3808,0.007352941176470588,98,9,0,46.96,2.0,0,15.8,0,0.88,0.62,0.01,1
21,7,3.0,2877,102,1,0.99,6.3,0,1.4,0,0.63,0.03,0.59,0
37,1186,0.031197301854974706,97,16,0,31.26,2.0,0,27.1,0,0.86,0.77,0.03,1
13,47,0.2765957446808511,3206,54,1,0.08,3.9,0,1.9,0,0.9,0.21,0.65,0
40,120,0.3333333333333333,904,62,1,1.94,8.0,0,5.2,0,0.74,0.15,0.6,0
95,1167,0.08140531276778064,173,145,0,5.77,2.0,0,28.1,0,0.74,0.83,0.2,1
60,325,0.18461538461538463,827,101,1,0.68,13.0,0,4.9,0,0.39,0.13,0.89,0
394,9,43.77777777777778,2810,68,1,0.67,2.0,0,1.0,0,0.66,0.08,0.78,0
876,59,14.847457627118644,1143,142,1,0.59,4.0,0,6.9,1,0.35,0.11,0.85,0
121,43,2.813953488372093,2659,109,1,0.08,36.3,2,1.0,0,0.61,0.08,0.84,0
730,369,1.978319783197832,3633,78,1,0.08,5.0,0,7.5,0,0.94,0.01,0.82,0
47,3393,0.013852048334806955,5,0,0,21.11,1.0,0,20.4,1,0.97,0.88,0.02,1
72,2106,0.03418803418803419,83,0,1,10.72,0.0,0,26.4,0,0.91,0.92,0.1,1
39,7129,0.005470612989199046,49,0,1,23.65,1.0,0,17.2,1,0.94,0.9,0.15,1
934,221,4.226244343891403,80,61,1,4.79,90.0,0,5.3,0,0.56,0.8,0.37,1
187,126,1.4841269841269842,907,57,1,1.08,10.0,0,2.6,0,0.87,0.01,0.67,0
345,4019,0.08584224931575019,116,138,1,19.82,4.0,0,24.3,0,0.82,0.62,0.13,1
10452,5,2090.4,986,100,1,0.05,2.0,0,4.1,0,0.78,0.02,0.59,0
67325,46473,1.4486906375745057,346,71,1,12.38,204.0,3,23.3,0,0.81,0.62,0.2,1
34890,95684,0.3646377659796831,385,93,1,14.13,270.0,11,13.6,1,0.95,0.43,0.3,1
146,28,5.214285714285714,1985,102,1,0.35,6.0,0,0.2,0,0.83,0.23,0.89,0
13,181,0.0718232044198895,1002,95,1,0.26,1.0,0,7.1,1,0.57,0.15,0.76,0
721,196,3.6785714285714284,1689,35,1,0.01,20.0,1,5.2,0,0.55,0.19,0.77,0
583,242,2.409090909090909,2562,94,1,2.6,31.0,1,7.5,0,0.64,0.03,0.74,0
1973,772,2.555699481865285,601,105,1,0.49,10.0,0,6.5,0,0.79,0.09,0.53,0
623,8,77.875,1823,80,1,0.33,2.0,0,8.0,0,0.42,0.15,0.61,0
420,88,4.7727272727272725,3808,77,1,0.99,14.0,2,4.6,1,0.69,0.17,0.6,0
36760,68279,0.5383792967090907,212,85,1,13.66,313.0,15,17.3,0,0.63,0.45,0.23,1
83,84,0.9880952380952381,287,39,1,0.42,10.0,1,7.6,0,0.81,0.19,0.91,0
66416,25986,2.555837758793196,184,76,1,8.47,308.0,10,10.3,1,0.91,0.65,0.24,1
11,6,1.8333333333333333,332,75,1,0.16,3.3,0,7.6,1,0.8,0.03,0.94,0
97,3202,0.030293566520924423,147,124,1,27.18,0.0,0,29.0,0,0.72,0.79,0.28,1
4379,60,72.98333333333333,669,25,1,0.44,14.0,0,5.6,0,0.65,0.04,0.56,0
382,4474,0.08538220831470719,104,153,1,27.54,8.0,0,28.4,1,0.7,0.77,0.15,1
327,2380,0.1373949579831933,100,158,1,27.76,0.0,0,21.2,1,0.97,0.55,0.23,1
308,50,6.16,35,121,1,1.98,57.0,1,6.8,0,0.36,0.71,0.48,1
96,850,0.11294117647058824,62,0,0,43.61,2.0,0,16.0,0,0.92,0.87,0.17,1
40,7093,0.005639362752009023,19,0,0,31.97,2.0,0,27.3,1,0.93,0.94,0.16,1
99,4532,0.021844660194174758,70,0,0,18.87,1.0,0,26.3,0,0.98,0.71,0.05,1
3036,159,19.09433962264151,3073,148,1,1.47,24.0,2,2.8,0,0.58,0.01,0.66,0
6,158,0.0379746835443038,653,95,1,1.21,1.7999999999999998,0,5.8,1,0.82,0.01,0.61,0
443,267,1.6591760299625469,2599,110,1,0.32,29.0,1,7.2,1,0.75,0.24,0.82,0
114,4,28.5,3122,63,1,4.68,34.199999999999996,2,3.6,1,0.82,0.17,0.6,0
223,552,0.40398550724637683,918,92,1,0.24,15.0,0,5.9,0,0.34,0.22,0.75,0
176,19,9.263157894736842,1266,83,1,0.14,7.0,0,6.8,0,0.47,0.23,0.64,0
374,117,3.1965811965811968,507,61,1,1.19,0.0,0,0.2,0,0.88,0.13,0.76,0
97,16,6.0625,1469,122,1,2.77,4.0,0,4.3,0,0.9,0.0,0.95,0
30730,19199,1.6006041981353196,200,64,1,9.04,132.0,5,17.4,1,0.75,0.63,0.11,1
218,72,3.0277777777777777,3727,82,1,1.31,0.0,0,6.8,0,0.79,0.02,0.52,0
1087,28,38.82142857142857,2566,42,1,0.76,5.0,0,5.2,0,0.33,0.24,0.86,0
273,628,0.43471337579617836,906,115,0,0.62,53.0,2,5.5,0,0.42,0.08,0.74,0
4797,264,18.170454545454547,60,140,1,2.73,83.0,0,2.9,1,0.49,0.59,0.41,1
2233,157,14.222929936305732,83,101,1,1.32,56.0,1,7.0,1,0.68,0.72,0.23,1
103,94,1.0957446808510638,184,44,1,0.85,23.0,0,2.5,1,0.68,0.17,0.82,0
195,41,4.7560975609756095,1300,40,1,0.27,48.0,1,4.1,0,0.8,0.22,0.66,0
2419,289,8.370242214532873,8,150,1,2.05,97.0,2,3.6,1,0.4,0.59,0.4,1
152,3084,0.04928664072632944,1645,13,1,0.5,36.0,2,1.4,0,0.85,0.04,0.51,0
36,346,0.10404624277456648,3774,93,1,2.2,0.0,0,3.9,0,0.92,0.01,0.94,0
743,103,7.213592233009709,3681,31,1,0.25,10.0,1,6.7,0,0.48,0.1,0.69,0
1007,643,1.5660964230171073,3512,72,1,2.16,5.0,0,7.3,1,0.38,0.07,0.77,0
3102,273,11.362637362637363,35,112,1,3.94,83.0,3,7.2,1,0.62,0.44,0.2,1
2654,26,102.07692307692308,1690,58,1,0.32,2.0,0,7.6,1,0.89,0.06,0.59,0
4,2827,0.0014149274849663955,95,0,0,27.43,2.0,0,22.1,0,0.93,0.7,0.13,1
37372,1551,24.095422308188265,637,102,1,0.54,4.0,0,5.5,1,0.68,0.0,0.62,0
4345,241,18.029045643153527,3285,112,1,0.09,5.0,0,4.4,0,0.91,0.14,0.5,0
8982,639,14.056338028169014,1746,68,1,1.02,22.0,3,7.1,0,0.72,0.1,0.71,0
133,28,4.75,2274,73,1,0.61,3.0,0,5.6,1,0.83,0.17,0.9,0
15,574,0.02613240418118467,396,96,1,0.89,4.5,0,1.6,0,0.79,0.03,0.63,0
28,4929,0.005680665449381213,87,0,0,34.55,0.0,0,22.4,0,0.98,0.73,0.15,1
2847,156,18.25,57,159,1,2.1,31.0,1,7.6,1,0.32,0.73,0.4,1
576,122,4.721311475409836,862,73,1,0.02,11.0,1,2.2,0,0.95,0.15,0.51,0
6,1087,0.005519779208831647,1672,107,0,0.43,1.7999999999999998,0,1.6,1,0.85,0.23,0.6,0
265,9,29.444444444444443,704,49,1,1.39,28.0,1,0.9,0,0.8,0.17,0.91,0
96,34,2.823529411764706,2283,114,1,0.76,7.0,0,2.0,1,0.53,0.1,0.8,0
913,48,19.020833333333332,1840,64,1,0.25,5.0,0,1.6,1,0.6,0.24,0.92,0
292,18,16.22222222222222,1094,68,1,0.73,42.0,1,2.3,0,0.53,0.13,0.77,0
16710,95,175.89473684210526,1066,91,1,1.33,169.0,8,7.1,0,0.7,0.22,0.87,0
28393,19558,1.4517333060640147,455,90,1,13.02,238.0,10,20.9,0,0.91,0.38,0.36,1
887,148,5.993243243243243,1744,95,1,1.7,4.0,0,6.9,1,0.37,0.02,0.82,0
74,2576,0.02872670807453416,76,138,0,7.26,0.0,0,27.8,1,0.85,0.71,0.3,1
84,2788,0.03012912482065997,84,139,1,5.1,4.0,0,27.7,1,0.97,0.58,0.16,1
439,2794,0.15712240515390122,128,148,1,21.36,3.0,0,26.4,1,0.76,0.89,0.07,1
73,17,4.294117647058823,1316,29,1,0.57,21.9,3,0.7,0,0.74,0.24,0.67,0
264,2409,0.1095890410958904,32,133,1,27.88,8.0,0,24.8,1,0.72,0.72,0.2,1
1412,77,18.337662337662337,2105,104,1,0.27,158.0,14,1.0,0,0.78,0.01,0.8,0
13,135,0.0962962962962963,750,133,1,0.2,3.9,0,3.1,0,0.65,0.08,0.65,0
41,4125,0.009939393939393939,89,0,0,48.04,2.0,0,18.6,1,0.88,0.87,0.12,1
27,64,0.421875,243,111,1,0.21,8.1,0,6.7,0,0.39,0.06,0.89,0
447,4341,0.10297166551485833,35,137,1,23.01,7.0,0,23.4,1,0.93,0.76,0.18,1
18,824,0.021844660194174758,2981,131,1,0.64,1.0,0,0.7,0,0.65,0.12,0.91,0
10839,53042,0.20434749820896647,234,48,1,5.51,76.0,2,13.0,1,0.82,0.46,0.17,1
532,31,17.161290322580644,1308,56,1,2.02,3.0,0,3.7,0,0.66,0.06,0.52,0
63670,93014,0.6845206098006752,497,41,1,11.99,395.0,7,16.9,0,0.94,0.64,0.31,1
85,3943,0.02155718995688562,64,14,0,29.1,2.0,0,22.0,1,0.95,0.61,0.03,1
1802,457,3.9431072210065645,85,154,1,4.01,29.0,1,3.0,1,0.53,0.54,0.45,1
62740,98317,0.6381398944231415,133,88,1,3.41,104.0,3,19.7,1,0.74,0.39,0.1,1
58,78,0.7435897435897436,2082,139,1,0.16,17.4,0,6.5,0,0.39,0.12,0.6,0
48707,12717,3.830069985059369,338,62,1,6.98,400.0,18,12.3,0,0.92,0.43,0.24,1
2573,13,197.92307692307693,1347,77,1,0.53,1.0,0,6.7,0,0.82,0.09,0.87,0
29,558,0.05197132616487455,1522,63,1,0.37,2.0,0,0.7,0,0.61,0.24,0.88,0
371,2814,0.1318407960199005,187,114,1,6.73,4.0,0,29.7,1,0.73,0.7,0.2,1
136,10,13.6,1586,121,1,0.86,6.0,0,0.5,0,0.85,0.04,0.75,0
8,604,0.013245033112582781,3117,69,1,0.1,2.4,0,2.9,1,0.88,0.04,0.79,0
372,8,46.5,3403,79,1,0.0,42.0,2,2.2,1,0.48,0.08,0.94,0
18,64,0.28125,681,120,0,0.07,5.3999999999999995,0,0.4,0,0.7,0.1,0.86,0
386,51,7.568627450980392,2441,68,1,0.3,16.0,1,4.1,1,0.92,0.19,0.94,0
1916,271,7.070110701107011,1428,26,1,0.14,97.0,5,3.4,0,0.67,0.24,0.55,0
69,2433,0.02836004932182491,38,17,1,29.8,2.0,0,29.9,1,0.9,0.87,0.02,1
3,27,0.1111111111111111,992,95,1,1.72,0.8999999999999999,0,7.5,0,0.55,0.12,0.82,0
15,13,1.1538461538461537,3388,120,1,2.34,4.5,0,7.9,0,0.68,0.17,0.79,0
140,70,2.0,3615,67,1,0.76,1.0,0,4.7,1,0.61,0.25,0.54,0
120,4467,0.026863666890530557,83,101,1,24.62,8.0,0,25.7,1,0.79,0.71,0.26,1
144,53,2.7169811320754715,1453,144,1,0.43,1.0,0,5.5,0,0.46,0.15,0.76,0
59167,10167,5.8195141142913345,371,85,1,14.79,280.0,1,17.5,0,0.91,0.41,0.16,1
65,6730,0.009658246656760773,15,0,0,36.01,1.0,0,25.7,1,0.85,0.92,0.2,1
30,1212,0.024752475247524754,29,0,0,38.46,0.0,0,15.1,1,0.93,0.88,0.08,1
2067,68,30.397058823529413,245,109,1,0.16,16.0,1,2.0,1,0.55,0.1,0.89,0
4692,88,53.31818181818182,18,89,1,3.47,10.0,0,8.3,0,0.33,0.46,0.31,1
31,4188,0.007402101241642789,111,0,0,32.92,2.0,0,22.8,1,0.86,0.74,0.01,1
687,772,0.8898963730569949,3085,108,1,0.83,63.0,4,3.8,0,0.87,0.07,0.65,0
58,45,1.288888888888889,3514,104,1,0.24,17.4,2,6.4,1,0.85,0.19,0.63,0
59,1070,0.05514018691588785,7,15,1,26.66,0.0,0,24.4,0,0.89,0.98,0.05,1
284,267,1.0636704119850187,3342,57,1,0.65,13.0,0,1.8,0,0.73,0.1,0.86,0
101,48,2.1041666666666665,1403,43,1,0.87,8.0,0,5.3,1,0.87,0.23,0.78,0
37,1022,0.036203522504892366,2906,53,1,1.04,4.0,0,3.8,1,0.68,0.18,0.65,0
527,775,0.68,1092,83,1,0.47,3.0,0,5.3,0,0.47,0.2,0.91,0
85,263,0.3231939163498099,2980,96,1,0.67,16.0,1,7.2,0,0.51,0.0,0.87,0
18,59,0.3050847457627119,2115,77,1,0.24,2.0,0,7.9,0,0.85,0.1,0.85,0
51,4570,0.011159737417943107,5,0,0,12.1,2.0,0,18.2,0,0.97,0.72,0.1,1
7,80,0.0875,3249,137,1,0.24,2.1,0,5.7,0,0.63,0.21,0.57,0
3,42,0.07142857142857142,305,83,1,0.41,0.8999999999999999,0,1.3,1,0.85,0.08,0.69,0
1349,183,7.371584699453552,338,139,1,0.29,11.0,1,7.2,0,0.68,0.18,0.66,0
176,47,3.74468085106383,2239,79,1,0.64,25.0,3,8.0,0,0.51,0.23,0.59,0
11,25,0.44,2478,118,1,0.23,3.3,0,2.4,1,0.94,0.03,0.84,0
330,71,4.647887323943662,3408,36,1,3.16,3.0,0,7.1,1,0.56,0.23,0.84,0
1027,111,9.252252252252251,2449,73,1,0.84,32.0,3,5.2,1,0.39,0.24,0.52,0
99,1925,0.05142857142857143,175,133,1,28.59,7.0,0,23.6,1,0.92,0.74,0.22,1
78736,53125,1.4820894117647059,417,85,1,13.99,731.0,12,17.9,1,0.61,0.31,0.38,1
194,72,2.6944444444444446,2458,93,1,0.11,58.199999999999996,5,0.4,0,0.82,0.2,0.51,0
871,44,19.795454545454547,268,62,1,0.95,43.0,4,7.0,0,0.82,0.07,0.58,0
296,1799,0.16453585325180656,118,120,1,28.66,0.0,0,26.8,1,0.96,0.57,0.11,1
73,551,0.132486388384755,65,0,0,17.92,1.0,0,20.0,0,0.88,0.84,0.02,1
39,20,1.95,1995,133,1,0.83,6.0,0,2.3,1,0.58,0.08,0.94,0
89,769,0.11573472041612484,40,18,0,35.93,1.0,0,19.8,1,0.93,0.85,0.06,1
18,73,0.2465753424657534,1000,82,1,0.49,0.0,0,2.6,1,0.88,0.05,0.84,0
17465,20849,0.837690057077078,483,96,1,4.88,56.0,2,23.4,1,0.75,0.62,0.22,1
8401,127,66.14960629921259,3153,88,1,0.55,2.0,0,1.5,0,0.58,0.16,0.53,0
71,4655,0.015252416756176154,191,141,1,24.68,7.0,0,25.7,0,0.75,0.58,0.2,1
77,3236,0.02379480840543881,107,114,1,11.77,1.0,0,25.3,0,0.95,0.87,0.29,1
162,207,0.782608695652174,234,69,1,1.06,1.0,0,2.3,0,0.65,0.1,0.58,0
47,29,1.6206896551724137,1018,73,0,0.35,5.0,0,5.2,0,0.92,0.21,0.86,0
468,58,8.068965517241379,525,70,1,1.04,50.0,1,6.7,0,0.32,0.03,0.79,0
114,37,3.081081081081081,392,112,1,1.09,34.199999999999996,4,6.0,0,0.43,0.12,0.95,0
497,2843,0.1748153359127682,111,112,1,28.51,9.0,0,25.5,1,0.78,0.88,0.25,1
33,2010,0.016417910447761194,114,0,0,25.49,0.0,0,17.0,0,0.9,0.96,0.12,1
80,14,5.714285714285714,2378,144,1,0.13,3.0,0,6.0,1,0.85,0.19,0.52,0
19,77,0.24675324675324675,875,53,1,1.37,5.7,0,3.6,1,0.4,0.11,0.9,0
53,129,0.4108527131782946,3476,57,1,0.43,11.0,1,1.6,0,0.66,0.01,0.94,0
296,1148,0.2578397212543554,128,112,1,15.32,4.0,0,22.3,0,0.95,0.67,0.2,1
37,49,0.7551020408163265,2053,68,1,0.82,11.0,1,3.8,0,0.57,0.13,0.81,0
161,3826,0.04208050182958704,80,146,1,15.67,3.0,0,22.2,1,0.77,0.57,0.26,1
61,215,0.2837209302325581,3752,67,1,0.67,18.3,1,6.8,0,0.63,0.09,0.58,0
486,2846,0.17076598735066761,12,128,0,7.4,2.0,0,27.2,0,0.79,0.81,0.15,1
47535,11491,4.136715690540423,381,56,1,6.63,170.0,0,10.1,0,0.86,0.36,0.26,1
90,8,11.25,1651,126,1,0.77,2.0,0,2.5,0,0.82,0.15,0.94,0
450,142,3.1690140845070425,3133,75,1,0.78,43.0,5,0.3,0,0.85,0.04,0.8,0
43369,59309,0.7312380920265052,494,97,1,9.11,80.0,2,20.5,1,0.69,0.57,0.21,1
394,3624,0.108719646799117,162,130,1,16.89,3.0,0,26.9,1,0.74,0.63,0.05,1
40,7187,0.005565604563795742,53,17,1,19.46,2.0,0,29.3,1,0.93,0.86,0.16,1
61,30,2.033333333333333,3614,65,1,1.5,3.0,0,3.4,0,0.4,0.04,0.93,0
24,2,12.0,1584,70,1,0.88,4.0,0,3.7,1,0.44,0.01,0.9,0
4173,465,8.974193548387097,25,103,1,2.92,11.0,0,9.8,1,0.58,0.58,0.5,1
713,6,118.83333333333333,466,75,1,1.21,26.0,3,4.9,0,0.71,0.16,0.75,0
101,7,14.428571428571429,1532,110,1,3.88,6.0,0,3.7,1,0.95,0.14,0.82,0
290,21,13.80952380952381,387,55,1,0.57,65.0,1,2.2,0,0.34,0.21,0.5,0
50,4140,0.012077294685990338,87,7,1,36.64,1.0,0,25.0,1,0.91,0.9,0.14,1
675,264,2.5568181818181817,62,149,1,2.53,34.0,0,9.3,1,0.32,0.59,0.34,1
96293,7332,13.133251500272777,132,94,1,3.86,759.0,4,19.4,0,0.62,0.3,0.25,1
618,1600,0.38625,1940,74,1,0.14,17.0,1,7.0,0,0.77,0.21,0.56,0
123,163,0.754601226993865,2306,102,1,0.78,36.9,3,4.7,1,0.63,0.22,0.89,0
299,554,0.5397111913357401,3989,59,1,0.33,45.0,5,0.2,1,0.89,0.16,0.6,0
88,1626,0.05412054120541206,41,16,0,24.45,2.0,0,24.9,0,0.9,0.74,0.1,1
495,2060,0.24029126213592233,51,120,1,14.67,8.0,0,28.9,1,0.98,0.83,0.2,1
1138,1354,0.8404726735598228,880,62,1,0.65,15.0,1,7.2,0,0.94,0.24,0.85,0
64,3547,0.01804341697208909,103,17,1,11.85,2.0,0,20.4,0,0.88,0.8,0.06,1
46,71,0.647887323943662,1634,102,1,0.45,11.0,1,3.7,1,0.31,0.15,0.91,0
38,13,2.923076923076923,314,67,1,1.29,3.0,0,1.5,1,0.71,0.2,0.93,0
12,123,0.0975609756097561,1387,27,1,2.87,3.5999999999999996,0,5.9,1,0.69,0.23,0.63,0
178,2966,0.06001348617666891,81,154,1,25.85,6.0,0,22.1,1,0.95,0.53,0.16,1
712,94,7.574468085106383,1187,98,1,0.04,1.0,0,3.0,0,0.83,0.14,0.5,0
6,19,0.3157894736842105,3968,128,1,1.18,1.7999999999999998,0,5.3,0,0.6,0.18,0.86,0
13,766,0.016971279373368148,1977,54,1,1.72,1.0,0,6.7,1,0.44,0.01,0.56,0
21,9,2.3333333333333335,1385,104,1,2.1,6.3,0,5.7,0,0.78,0.07,0.81,0
88355,12454,7.094507788662277,230,84,1,13.16,298.0,3,18.8,0,0.66,0.64,0.32,1
57,2806,0.020313613684960798,62,0,0,11.28,0.0,0,28.8,0,1.0,0.62,0.07,1
349,2577,0.1354287931703531,118,159,1,29.71,7.0,0,21.2,0,0.93,0.56,0.18,1
205,1923,0.10660426417056683,17,154,1,27.35,9.0,0,25.8,1,0.81,0.81,0.06,1
610,391,1.5601023017902813,3367,66,1,0.3,37.0,5,0.3,0,0.41,0.18,0.58,0
111,208,0.5336538461538461,3765,53,1,0.07,4.0,0,7.8,0,0.85,0.21,0.8,0
40781,93946,0.43408979626594,226,83,1,4.86,353.0,9,19.3,1,0.88,0.47,0.2,1
306,407,0.7518427518427518,3265,57,1,0.16,54.0,1,1.9,0,0.89,0.22,0.82,0
992,1171,0.8471391972672929,3588,102,1,0.7,4.0,0,6.8,0,0.34,0.21,0.77,0
4310,91,47.362637362637365,2069,85,1,0.58,2.0,0,7.2,0,0.6,0.13,0.73,0
30,25,1.2,1534,80,1,2.99,9.0,1,1.4,0,0.79,0.06,0.65,0
400,4683,0.08541533205210335,10,137,1,24.68,1.0,0,28.9,0,0.74,0.81,0.12,1
1098,27,40.666666666666664,3027,104,1,0.41,3.0,0,4.2,0,0.72,0.04,0.81,0
2408,261,9.226053639846743,3255,70,1,0.41,62.0,6,3.6,0,0.53,0.16,0.58,0
2669,214,12.47196261682243,1835,58,1,1.41,13.0,0,1.4,0,0.3,0.07,0.76,0
46,6520,0.00705521472392638,57,0,0,16.65,0.0,0,23.5,0,0.94,0.69,0.08,1
304,321,0.9470404984423676,1365,75,1,1.12,10.0,0,0.2,0,0.61,0.04,0.52,0
4135,142,29.119718309859156,3071,45,1,1.02,21.0,0,3.7,1,0.52,0.0,0.68,0
1,1383,0.0007230657989877079,102,0,0,37.78,1.0,0,20.2,1,0.96,0.97,0.15,1
107,62,1.7258064516129032,357,103,1,2.11,24.0,2,5.0,0,0.49,0.09,0.91,0
49,106,0.46226415094339623,1715,94,1,0.13,5.0,0,2.4,0,0.54,0.04,0.68,0
210,126,1.6666666666666667,3346,127,1,0.38,6.0,0,8.0,0,0.8,0.19,0.79,0
85,2701,0.031469825990373936,98,0,0,26.72,0.0,0,15.3,0,0.97,0.91,0.04,1
51,7,7.285714285714286,3208,148,1,1.62,0.0,0,2.5,1,0.55,0.07,0.93,0
50,73,0.684931506849315,1699,0,1,1.46,15.0,0,4.0,1,0.35,0.14,0.75,0
163,266,0.6127819548872181,2528,52,1,1.1,11.0,0,2.4,0,0.35,0.22,0.62,0
79,6105,0.01294021294021294,70,0,0,26.82,0.0,0,24.8,0,0.94,0.61,0.04,1
57,2523,0.022592152199762187,13,11,0,15.63,2.0,0,16.9,1,0.96,1.0,0.02,1
105,618,0.16990291262135923,3291,101,1,0.39,0.0,0,1.7,0,0.48,0.01,0.55,0
128,80,1.6,1833,57,0,1.13,15.0,1,6.6,1,0.61,0.16,0.87,0
2,225,0.008888888888888889,2864,105,1,0.59,0.6,0,5.7,1,0.32,0.06,0.61,0
289,58,4.982758620689655,1164,76,1,0.19,1.0,0,1.4,0,0.8,0.12,0.82,0
862,275,3.1345454545454547,2990,110,1,0.73,2.0,0,2.1,0,0.49,0.11,0.58,0
600,102,5.882352941176471,3911,75,1,1.92,33.0,4,6.6,0,0.4,0.08,0.85,0
6,16,0.375,2922,58,1,0.12,1.7999999999999998,0,7.6,0,0.42,0.1,0.66,0
209,217,0.9631336405529954,1409,64,1,0.15,6.0,0,4.7,1,0.32,0.01,0.51,0
79,5223,0.015125406854298296,4,14,0,34.72,2.0,0,29.5,0,0.96,0.82,0.08,1
10944,19,576.0,1396,36,1,0.27,8.0,0,7.0,1,0.34,0.07,0.77,0
174,1131,0.15384615384615385,199,145,1,5.48,6.0,0,29.9,0,0.91,0.53,0.15,1
99,1380,0.07173913043478261,21,0,0,41.62,2.0,0,20.4,1,0.85,0.85,0.14,1
4785,464,10.3125,12,135,1,4.51,36.0,0,3.8,1,0.6,0.44,0.48,1
50333,79575,0.6325227772541627,404,95,1,4.65,286.0,6,21.8,1,0.75,0.55,0.35,1
54933,78339,0.7012216137556007,82,85,1,9.29,277.0,1,11.7,1,0.86,0.35,0.16,1
5884,99535,0.05911488421158387,448,31,1,7.59,42.0,2,13.6,1,0.65,0.55,0.37,1
4285,391,10.959079283887467,20,134,1,1.33,51.0,0,5.0,0,0.66,0.46,0.44,1
103,21,4.904761904761905,247,79,1,1.49,5.0,0,3.6,0,0.62,0.01,0.9,0
72,207,0.34782608695652173,2701,86,1,0.22,21.599999999999998,0,7.2,0,0.71,0.08,0.66,0
19,560,0.033928571428571426,1672,98,1,0.39,5.7,0,7.9,1,0.57,0.07,0.84,0
14,52,0.2692307692307692,1643,69,0,2.34,4.2,0,1.4,0,0.56,0.0,0.62,0
273,4241,0.06437161046922896,101,112,0,16.39,9.0,0,25.3,1,0.73,0.84,0.27,1
170,6,28.333333333333332,743,115,1,2.22,51.0,7,7.6,1,0.39,0.08,0.9,0
3411,416,8.19951923076923,13,132,1,1.82,11.0,0,6.4,1,0.6,0.62,0.48,1
16,296,0.05405405405405406,3230,86,1,0.39,4.8,0,3.4,0,0.5,0.19,0.92,0
333,1749,0.19039451114922812,197,147,0,8.83,0.0,0,25.9,1,0.74,0.81,0.15,1
59897,29629,2.0215667082925513,353,93,1,3.83,298.0,0,12.2,0,0.88,0.55,0.36,1
590,1,590.0,388,47,1,0.0,2.0,0,7.7,1,0.73,0.19,0.88,0
88,3973,0.022149509187012334,178,109,0,24.72,5.0,0,26.0,1,0.89,0.71,0.26,1
502,8,62.75,2935,126,1,0.64,13.0,0,1.0,0,0.47,0.01,0.83,0
45822,9330,4.911254019292604,227,45,1,5.57,201.0,7,24.7,1,0.94,0.62,0.17,1
129,13,9.923076923076923,2828,60,1,1.12,13.0,0,3.9,0,0.61,0.25,0.57,0
241,4152,0.05804431599229287,119,139,0,19.74,0.0,0,28.3,1,0.97,0.71,0.08,1
12,31,0.3870967741935484,3161,104,1,0.88,3.5999999999999996,0,5.0,0,0.68,0.04,0.83,0
1,7400,0.00013513513513513514,50,9,0,14.15,1.0,0,21.3,1,0.88,0.62,0.06,1
345,3379,0.10210121337673868,120,111,1,19.5,4.0,0,25.4,0,0.77,0.69,0.09,1
110,218,0.5045871559633027,2963,82,1,0.07,0.0,0,1.7,1,0.72,0.01,0.77,0
2079,266,7.815789473684211,1131,95,1,0.2,11.0,0,4.5,0,0.7,0.08,0.79,0
164,4507,0.03638784113601065,44,130,0,26.23,8.0,0,29.0,1,0.74,0.88,0.05,1
18,6197,0.0029046312731967083,40,7,1,29.97,0.0,0,25.1,0,1.0,0.77,0.02,1
45,127,0.3543307086614173,2486,95,1,0.5,4.0,0,1.4,0,0.5,0.17,0.57,0
410,675,0.6074074074074074,1107,32,1,0.39,15.0,1,3.1,0,0.52,0.11,0.78,0
177,26,6.8076923076923075,3133,83,1,0.07,17.0,1,1.7,0,0.93,0.2,0.88,0
62,3259,0.019024240564590365,80,7,0,33.47,2.0,0,29.6,0,0.89,0.64,0.12,1
4,80,0.05,231,0,1,0.69,1.2,0,5.6,1,0.68,0.04,0.55,0
99,7491,0.013215859030837005,72,0,0,39.47,1.0,0,28.6,0,0.92,0.7,0.19,1
37,91,0.4065934065934066,1099,67,1,2.31,11.1,1,6.3,0,0.79,0.03,0.73,0
10,641,0.015600624024960999,3683,91,1,2.07,3.0,0,0.8,1,0.54,0.05,0.76,0
3324,146,22.767123287671232,70,118,1,4.0,86.0,2,4.5,1,0.67,0.76,0.36,1
283,82,3.451219512195122,871,62,1,0.44,61.0,5,6.7,0,0.86,0.01,0.81,0
454,3907,0.11620168927565908,76,154,0,25.76,3.0,0,20.0,1,0.75,0.87,0.06,1
54034,35517,1.5213559703803812,173,67,1,8.47,309.0,9,13.9,0,0.81,0.56,0.34,1
1518,72,21.083333333333332,1006,95,0,0.92,12.0,1,1.4,0,0.7,0.02,0.55,0
194,75,2.5866666666666664,2522,56,1,0.23,12.0,1,6.5,0,0.63,0.11,0.84,0
86231,45640,1.8893733567046451,480,52,1,12.07,290.0,2,15.0,1,0.81,0.31,0.16,1
11,7,1.5714285714285714,2836,50,1,0.37,0.0,0,0.6,0,0.73,0.15,0.71,0
8,2105,0.003800475059382423,41,5,0,30.21,1.0,0,20.2,1,0.87,0.77,0.2,1
1,339,0.0029498525073746312,1506,87,1,2.21,0.3,0,3.4,1,0.78,0.25,0.62,0
1016,9,112.88888888888889,2535,67,1,0.04,0.0,0,2.8,0,0.92,0.04,0.5,0
413,2506,0.164804469273743,44,127,1,5.41,0.0,0,22.8,1,0.91,0.65,0.1,1
6,209,0.028708133971291867,3226,66,1,0.06,0.0,0,3.8,0,0.49,0.17,0.89,0
24,10,2.4,1512,59,0,4.24,7.199999999999999,0,4.1,0,0.68,0.09,0.57,0
29,6836,0.0042422469280280865,77,18,0,12.54,2.0,0,15.8,0,0.99,0.82,0.11,1
3286,37,88.8108108108108,681,111,1,0.69,25.0,1,1.3,1,0.65,0.05,0.93,0
439,3910,0.11227621483375959,136,147,1,10.1,0.0,0,21.4,0,0.96,0.59,0.22,1
75,774,0.09689922480620156,49,8,1,14.78,1.0,0,19.3,1,0.95,0.99,0.0,1
466,220,2.118181818181818,2929,72,1,0.76,19.0,2,4.7,0,0.82,0.18,0.53,0
42,19,2.210526315789474,1384,89,1,0.04,5.0,0,7.2,0,0.84,0.15,0.9,0
24,157,0.15286624203821655,2768,74,1,1.19,6.0,0,7.0,0,0.64,0.24,0.81,0
24,231,0.1038961038961039,675,114,1,0.21,4.0,0,7.7,0,0.77,0.16,0.56,0
63,3730,0.016890080428954422,12,134,1,19.61,1.0,0,20.8,0,0.96,0.72,0.13,1
2091,61,34.278688524590166,1383,70,1,0.85,0.0,0,6.9,0,0.79,0.12,0.84,0
46,40,1.15,880,87,1,0.28,0.0,0,1.1,1,0.54,0.11,0.85,0
5229,9657,0.5414725069897484,185,89,1,10.83,26.0,0,16.6,1,0.76,0.42,0.36,1
269,1302,0.206605222734255,139,131,1,11.24,8.0,0,24.0,0,0.89,0.6,0.25,1
66,303,0.21782178217821782,539,112,1,0.17,2.0,0,5.3,0,0.54,0.21,0.94,0
4994,208,24.009615384615383,953,49,1,0.42,27.0,2,8.0,0,0.3,0.22,0.53,0
48,1699,0.028251912889935255,42,14,0,10.39,2.0,0,26.8,1,1.0,0.91,0.15,1
725,70,10.357142857142858,2514,96,0,1.51,0.0,0,7.6,0,0.45,0.22,0.9,0
186,3984,0.046686746987951805,68,152,1,19.3,5.0,0,22.6,1,0.71,0.56,0.29,1
21,109,0.1926605504587156,1283,66,1,0.03,1.0,0,4.9,0,0.73,0.03,0.63,0
83672,52659,1.5889401621755066,421,62,1,5.38,440.0,19,13.2,1,0.77,0.36,0.16,1
889,6,148.16666666666666,3416,69,1,0.57,11.0,1,5.5,1,0.42,0.19,0.88,0
821,665,1.2345864661654136,860,59,1,0.44,52.0,1,2.1,0,0.85,0.2,0.7,0
82,1639,0.050030506406345335,81,9,0,13.48,2.0,0,19.1,1,0.89,0.79,0.05,1
158,0,158.0,2755,106,0,0.7,12.0,0,4.6,0,0.81,0.01,0.71,0
99,4834,0.020479933802234174,36,6,1,28.54,2.0,0,29.8,0,0.91,0.66,0.11,1
499,4477,0.11145856600402054,187,137,0,12.99,0.0,0,29.2,1,0.76,0.79,0.21,1
137,284,0.4823943661971831,1480,96,1,0.42,20.0,1,7.4,0,0.46,0.05,0.6,0
44,3552,0.012387387387387387,35,18,0,32.07,0.0,0,22.1,1,0.96,0.78,0.11,1
218,651,0.3348694316436252,3874,80,1,1.59,4.0,0,6.4,0,0.56,0.03,0.89,0
505,496,1.0181451612903225,2505,57,1,1.48,0.0,0,0.0,0,0.43,0.22,0.89,0
60,375,0.16,1013,43,1,1.06,1.0,0,4.7,0,0.47,0.23,0.93,0
58,1100,0.05272727272727273,25,0,1,19.93,2.0,0,25.5,1,0.9,0.95,0.05,1
15,53,0.2830188679245283,627,26,0,0.42,4.5,0,5.0,1,0.62,0.12,0.7,0
37,5,7.4,3205,102,1,0.37,11.1,0,3.7,0,0.5,0.12,0.6,0
60038,76326,0.7865995859864267,469,69,1,9.14,61.0,0,18.1,0,0.89,0.6,0.29,1
27,4828,0.005592377796188898,72,16,1,44.62,1.0,0,20.8,0,0.9,0.65,0.1,1
41,2335,0.017558886509635975,66,12,0,21.35,2.0,0,28.3,1,0.87,0.83,0.12,1
205,294,0.6972789115646258,982,92,1,0.71,8.0,0,3.0,1,0.75,0.18,0.62,0
198,35,5.6571428571428575,2802,71,1,0.37,3.0,0,3.4,0,0.35,0.02,0.66,0
34,2420,0.014049586776859505,1,14,1,47.03,1.0,0,25.7,0,0.92,0.79,0.11,1
43,1886,0.022799575821845174,104,17,0,43.43,2.0,0,23.7,1,0.99,0.62,0.06,1
166,3961,0.04190860893713708,73,148,0,12.71,1.0,0,28.2,1,0.81,0.63,0.05,1
4923,14,351.64285714285717,1448,95,1,1.06,40.0,5,0.7,1,0.6,0.12,0.74,0
128,139,0.920863309352518,426,53,1,1.7,6.0,0,1.5,1,0.68,0.13,0.81,0
48,12,4.0,3268,67,1,0.29,14.399999999999999,2,0.9,0,0.74,0.13,0.51,0
10,64,0.15625,2250,91,1,0.86,3.0,0,6.8,1,0.62,0.06,0.94,0
86477,55297,1.5638642240989566,434,94,1,9.4,494.0,11,17.6,1,0.78,0.61,0.12,1
9,218,0.04128440366972477,485,119,1,0.53,2.6999999999999997,0,5.2,0,0.93,0.23,0.88,0
203,117,1.735042735042735,2571,67,1,2.29,4.0,0,6.7,0,0.37,0.18,0.62,0
130,751,0.17310252996005326,1320,38,1,1.05,39.0,0,0.8,1,0.4,0.02,0.95,0
10,87,0.11494252873563218,2980,46,1,0.66,3.0,0,3.9,0,0.39,0.23,0.92,0
87,5009,0.01736873627470553,61,0,0,26.61,1.0,0,27.7,1,0.99,0.99,0.18,1
385,2837,0.13570673246387027,106,142,0,18.17,9.0,0,23.5,1,0.77,0.78,0.09,1
444,54,8.222222222222221,1620,77,1,0.24,70.0,6,0.6,0,0.48,0.08,0.6,0
57,33,1.7272727272727273,2046,105,1,0.62,0.0,0,0.1,1,0.36,0.03,0.82,0
18232,36152,0.5043151139632662,271,64,1,10.15,95.0,1,19.7,1,0.91,0.46,0.36,1
261,4652,0.0561049011177988,136,107,1,20.92,8.0,0,22.8,0,0.93,0.82,0.08,1
401,3409,0.11762980346142564,192,157,0,19.13,7.0,0,22.9,1,0.87,0.53,0.12,1
14,5100,0.0027450980392156863,1,18,1,27.91,0.0,0,18.3,1,0.98,0.83,0.06,1
401,2364,0.16962774957698815,164,106,0,16.92,6.0,0,25.3,1,0.74,0.69,0.29,1
234,846,0.2765957446808511,1169,103,1,0.72,7.0,0,3.1,0,0.85,0.15,0.62,0
805,530,1.5188679245283019,994,85,1,0.63,0.0,0,3.5,0,0.58,0.14,0.9,0
86,24,3.5833333333333335,3138,92,1,0.01,10.0,1,0.8,1,0.78,0.22,0.74,0
98,4755,0.020609884332281808,97,19,0,49.58,1.0,0,19.0,1,0.95,0.97,0.0,1
6,25,0.24,2639,78,1,1.72,1.7999999999999998,0,6.6,1,0.36,0.05,0.55,0
840,256,3.28125,526,24,1,0.18,74.0,8,1.3,1,0.49,0.01,0.71,0
395,2346,0.16837169650468883,12,155,1,18.17,4.0,0,25.8,0,0.96,0.85,0.3,1
158,134,1.1791044776119404,2806,60,0,0.27,8.0,0,5.2,1,0.83,0.13,0.63,0
27,6110,0.0044189852700491,77,0,0,43.58,1.0,0,17.6,0,0.93,0.78,0.02,1
3909,16,244.3125,1959,65,1,0.65,14.0,1,6.8,1,0.87,0.1,0.81,0
122,17,7.176470588235294,2494,67,1,0.01,11.0,1,7.1,0,0.65,0.12,0.68,0
227,52,4.365384615384615,3417,59,1,0.0,68.1,9,4.4,0,0.73,0.14,0.89,0
307,3316,0.09258142340168878,67,153,0,21.11,8.0,0,20.6,1,0.73,0.72,0.26,1
405,2,202.5,2983,85,1,0.38,15.0,1,2.4,1,0.47,0.1,0.52,0
475,3611,0.13154250900027692,151,121,1,21.45,9.0,0,29.8,0,0.83,0.72,0.13,1
71,71,1.0,2509,61,1,0.13,1.0,0,0.7,0,0.3,0.12,0.56,0
47,43,1.0930232558139534,3021,23,1,0.64,14.1,0,3.0,1,0.55,0.13,0.58,0
247,139,1.776978417266187,510,90,1,0.29,1.0,0,2.5,0,0.87,0.23,0.67,0
333,1359,0.24503311258278146,60,106,0,7.71,6.0,0,21.3,1,0.97,0.67,0.08,1
168,238,0.7058823529411765,422,68,1,1.11,15.0,1,5.9,1,0.77,0.03,0.65,0
385,22,17.5,2248,104,1,1.31,7.0,0,0.9,0,0.6,0.14,0.55,0
3302,338,9.76923076923077,1488,97,1,0.57,550.0,41,3.2,1,0.52,0.24,0.89,0
12,197,0.06091370558375635,2105,26,0,1.48,3.5999999999999996,0,0.6,1,0.62,0.04,0.94,0
80,1149,0.06962576153176675,10,10,1,43.71,1.0,0,24.5,0,0.99,0.95,0.02,1
67,3608,0.018569844789356985,69,18,1,24.4,2.0,0,17.4,1,0.92,0.72,0.19,1
765,137,5.583941605839416,3753,86,1,0.67,229.5,8,2.9,0,0.91,0.16,0.89,0
2015,46,43.80434782608695,3096,82,1,0.05,46.0,4,4.3,0,0.36,0.06,0.68,0
69,5115,0.013489736070381233,36,13,0,22.21,2.0,0,18.4,0,0.87,0.63,0.04,1
3561,327,10.889908256880734,56,142,1,3.21,36.0,1,9.8,0,0.32,0.67,0.38,1
116,1860,0.06236559139784946,105,113,0,19.75,0.0,0,21.4,0,0.76,0.75,0.08,1
2699,16,168.6875,1041,93,1,1.17,1.0,0,5.4,0,0.88,0.16,0.95,0
2978,46,64.73913043478261,3379,84,1,1.23,3.0,0,4.2,0,0.51,0.11,0.86,0
1455,18,80.83333333333333,3336,98,1,0.36,6.0,0,0.8,0,0.65,0.07,0.8,0
13,214,0.06074766355140187,296,135,1,2.11,0.0,0,6.0,0,0.78,0.05,0.67,0
47902,90332,0.5302882699375636,466,38,1,14.95,466.0,10,19.4,0,0.89,0.31,0.39,1
109,267,0.40823970037453183,3008,75,1,0.27,2.0,0,2.9,0,0.57,0.04,0.53,0
76916,17588,4.37320900614055,482,50,1,11.47,284.0,4,19.3,0,0.8,0.37,0.3,1
28,6,4.666666666666667,2035,11,0,1.58,8.4,0,8.0,0,0.41,0.14,0.6,0
84598,32249,2.6232751403144285,179,69,1,8.02,472.0,16,10.8,1,0.94,0.32,0.15,1
66,6238,0.01058031420327028,70,8,1,38.61,1.0,0,20.0,1,0.95,0.86,0.12,1
48,4602,0.010430247718383311,51,0,0,16.23,2.0,0,29.1,0,0.87,0.88,0.1,1
87,3784,0.02299154334038055,117,0,0,15.14,1.0,0,29.9,0,0.87,0.83,0.07,1
61,3735,0.016331994645247656,938,85,1,0.74,2.0,0,0.4,0,0.56,0.04,0.58,0
156,119,1.3109243697478992,3139,92,1,0.14,38.0,1,0.1,1,0.56,0.06,0.53,0
67,4491,0.014918726341572033,26,6,0,41.93,0.0,0,16.8,1,0.93,0.95,0.04,1
55423,11446,4.842128254412022,401,95,1,13.22,236.0,2,18.0,0,0.81,0.59,0.3,1
2952,124,23.806451612903224,588,87,0,0.33,129.0,13,7.5,1,0.91,0.17,0.53,0
0,172,0.0,2446,29,1,1.31,0.0,0,2.3,0,0.51,0.2,0.56,0
30,577,0.05199306759098787,3628,65,1,1.2,3.0,0,1.7,1,0.5,0.12,0.74,0
1000,239,4.184100418410042,3579,45,1,0.69,1.0,0,3.7,0,0.49,0.15,0.51,0
22,1758,0.012514220705346985,88,11,0,11.96,2.0,0,23.1,1,0.96,0.86,0.18,1
5,26,0.19230769230769232,1639,156,1,0.8,1.5,0,7.1,0,0.35,0.24,0.93,0
14122,81792,0.17265747261345854,422,80,1,11.2,43.0,0,23.8,0,0.69,0.37,0.29,1
366,64,5.71875,3675,43,1,0.87,0.0,0,3.3,1,0.45,0.11,0.81,0
53,2658,0.0199398043641836,90,0,1,17.7,2.0,0,21.2,1,0.92,0.67,0.2,1
81,5753,0.014079610637928038,67,0,0,29.6,1.0,0,29.9,0,0.98,0.78,0.08,1
513,10,51.3,2807,111,1,0.27,10.0,1,6.9,1,0.32,0.02,0.63,0
149,256,0.58203125,3875,78,1,0.8,3.0,0,1.4,1,0.79,0.04,0.88,0
82151,60077,1.3674284668009389,364,88,1,12.28,318.0,5,18.6,1,0.69,0.53,0.23,1
49629,33384,1.486610352264558,227,71,1,14.16,93.0,3,23.8,0,0.89,0.53,0.14,1
248,4386,0.056543547651618786,89,118,1,21.87,0.0,0,20.6,0,0.9,0.78,0.1,1
237,97,2.443298969072165,2454,67,1,1.28,71.1,1,5.6,1,0.86,0.04,0.73,0
65,5878,0.011058183055461041,76,7,0,48.61,0.0,0,17.6,1,0.89,0.99,0.01,1
165,14,11.785714285714286,1177,101,1,0.48,5.0,0,0.7,0,0.68,0.11,0.87,0
104,9,11.555555555555555,1802,54,1,3.69,5.0,0,2.4,1,0.44,0.03,0.75,0
30,7452,0.004025764895330112,70,0,0,44.06,0.0,0,25.2,1,0.89,0.61,0.06,1
90,1978,0.0455005055611729,54,118,0,15.95,9.0,0,20.2,0,0.76,0.73,0.27,1
17414,60333,0.2886314289029221,351,30,1,3.9,20.0,0,10.7,0,0.63,0.68,0.16,1
120,3624,0.033112582781456956,122,117,1,16.9,5.0,0,28.0,0,0.79,0.66,0.14,1
20,2710,0.007380073800738007,10,14,0,18.49,2.0,0,22.9,0,0.9,0.75,0.02,1
107,86,1.244186046511628,1869,81,1,0.51,4.0,0,7.0,0,0.58,0.2,0.91,0
96747,36036,2.6847319347319347,498,51,1,8.42,711.0,26,12.3,0,0.69,0.59,0.39,1
55,9,6.111111111111111,1069,112,1,0.69,11.0,0,5.6,1,0.81,0.06,0.69,0
28,2,14.0,3409,126,1,1.44,8.4,0,0.4,1,0.47,0.07,0.8,0
11050,38931,0.2838355038401274,490,44,1,9.37,85.0,3,15.9,0,0.74,0.33,0.16,1
12,1757,0.006829823562891292,101,0,0,40.49,0.0,0,15.1,0,0.9,0.7,0.06,1
223,184,1.2119565217391304,2553,90,1,0.31,66.89999999999999,6,0.1,0,0.79,0.04,0.53,0
182,71,2.563380281690141,2237,81,1,0.46,14.0,0,5.4,0,0.77,0.09,0.94,0
801,123,6.512195121951219,2389,116,1,1.4,32.0,2,1.4,0,0.46,0.06,0.63,0
1157,59,19.610169491525422,2277,51,1,0.57,24.0,3,0.3,0,0.33,0.11,0.78,0
37,7186,0.005148900640133593,20,7,0,40.85,2.0,0,15.9,1,1.0,0.89,0.19,1
38,17,2.235294117647059,2580,63,1,0.21,4.0,0,7.4,0,0.73,0.15,0.72,0
54,1582,0.03413400758533502,39,18,0,33.58,0.0,0,25.2,0,0.98,0.8,0.1,1
497,59,8.423728813559322,2415,89,0,0.07,8.0,1,3.1,0,0.89,0.24,0.62,0
320,469,0.6823027718550106,854,96,1,0.38,61.0,2,6.7,0,0.66,0.22,0.51,0
120,149,0.8053691275167785,2719,92,1,0.32,6.0,0,4.8,0,0.37,0.11,0.92,0
26,632,0.04113924050632911,534,35,1,1.44,7.8,0,5.1,0,0.9,0.23,0.73,0
91628,33525,2.733124533929903,70,92,1,14.75,448.0,22,16.8,1,0.65,0.49,0.19,1
60,4047,0.014825796886582653,168,146,1,17.56,5.0,0,29.3,1,0.97,0.52,0.3,1
70,62,1.1290322580645162,1174,59,1,1.79,21.0,2,5.4,1,0.94,0.22,0.9,0
14,7496,0.0018676627534685165,78,8,0,30.73,1.0,0,27.1,1,0.9,0.87,0.16,1
1601,244,6.561475409836065,3288,36,1,0.96,11.0,0,7.2,1,0.94,0.22,0.81,0
766,22,34.81818181818182,3278,111,1,0.42,2.0,0,2.9,0,0.63,0.16,0.94,0
77,6677,0.011532125205930808,2,19,0,12.03,1.0,0,24.7,1,0.99,0.85,0.17,1
102,167,0.6107784431137725,2290,46,1,0.31,3.0,0,7.8,0,0.65,0.01,0.88,0
26,8,3.25,3289,57,1,1.65,7.8,1,7.6,1,0.89,0.18,0.57,0
35,5653,0.006191402794976119,41,0,0,13.2,0.0,0,22.2,0,0.96,0.73,0.02,1
30,115,0.2608695652173913,1898,102,1,1.8,9.0,0,3.3,0,0.88,0.17,0.89,0
24,54,0.4444444444444444,2174,58,1,0.07,7.199999999999999,0,4.3,0,0.71,0.18,0.94,0
11,910,0.012087912087912088,1968,73,1,0.57,3.3,0,4.6,0,0.9,0.06,0.64,0
60,56,1.0714285714285714,203,83,1,0.29,12.0,1,6.3,1,0.83,0.08,0.57,0
698,26,26.846153846153847,2996,0,1,0.12,209.4,21,3.8,0,0.32,0.15,0.75,0
450,1770,0.2542372881355932,964,102,1,0.54,30.0,1,0.7,1,0.5,0.24,0.85,0
9,4286,0.002099860009332711,22,16,1,45.24,0.0,0,26.6,0,0.99,0.98,0.1,1
151,1390,0.10863309352517986,92,139,0,24.35,4.0,0,23.2,1,0.86,0.89,0.06,1
128,707,0.18104667609618105,737,30,1,2.53,8.0,0,0.4,0,0.82,0.06,0.68,0
43,5884,0.007307953772943576,99,0,0,40.0,2.0,0,19.7,1,0.88,0.85,0.14,1
169,2037,0.08296514482081492,116,110,1,5.26,6.0,0,29.9,1,0.96,0.78,0.25,1
3,1259,0.0023828435266084196,247,56,1,0.8,0.8999999999999999,0,2.2,0,0.6,0.1,0.83,0
335,153,2.189542483660131,2283,63,1,0.3,46.0,3,2.3,0,0.5,0.02,0.74,0
16,7424,0.0021551724137931034,92,10,1,26.64,2.0,0,28.4,0,0.91,1.0,0.03,1
18,217,0.08294930875576037,2014,100,1,0.58,5.3999999999999995,0,3.6,1,0.84,0.06,0.69,0
996,231,4.311688311688312,2934,131,1,0.89,74.0,8,1.9,0,0.4,0.13,0.71,0
300,61,4.918032786885246,3749,86,1,0.41,34.0,4,4.3,0,0.58,0.18,0.87,0
930,552,1.684782608695652,3231,100,1,1.22,1.0,0,5.1,0,0.56,0.02,0.73,0
690,4,172.5,1091,109,1,0.57,21.0,2,4.5,0,0.72,0.01,0.67,0
24,200,0.12,3437,71,1,0.63,2.0,0,7.5,0,0.65,0.23,0.72,0
9,103,0.08737864077669903,1391,75,1,0.1,2.6999999999999997,0,7.1,1,0.44,0.22,0.81,0
190,289,0.657439446366782,1569,55,1,0.03,44.0,5,3.6,0,0.44,0.17,0.85,0
3751,569,6.592267135325132,2721,115,1,0.09,5.0,0,7.6,1,0.55,0.12,0.57,0
164,123,1.3333333333333333,880,113,1,1.58,37.0,1,2.2,1,0.44,0.06,0.91,0
481,3255,0.1477726574500768,100,151,1,8.95,7.0,0,28.7,1,0.72,0.81,0.16,1
57,2641,0.02158273381294964,56,0,0,30.64,0.0,0,26.9,1,0.96,0.69,0.06,1
509,7,72.71428571428571,431,68,0,0.38,1.0,0,2.0,1,0.34,0.08,0.57,0
85,5481,0.015508118956394819,96,0,0,29.29,0.0,0,26.3,0,0.93,0.86,0.07,1
477,15,31.8,2151,38,1,0.04,16.0,2,0.2,1,0.51,0.21,0.62,0
71,13,5.461538461538462,830,37,1,0.23,21.3,2,5.6,0,0.87,0.16,0.82,0
207,49,4.224489795918367,2349,119,1,0.51,2.0,0,5.1,0,0.49,0.04,0.57,0
17,416,0.040865384615384616,1316,111,1,0.0,2.0,0,1.4,1,0.45,0.09,0.71,0
7782,78,99.76923076923077,3706,122,1,3.39,0.0,0,2.9,1,0.55,0.23,0.67,0
42,22,1.9090909090909092,842,93,1,0.85,12.6,0,2.4,0,0.5,0.05,0.89,0
23,245,0.09387755102040816,2352,74,0,0.48,6.8999999999999995,0,3.1,0,0.51,0.22,0.9,0
95143,11066,8.597776974516536,441,59,1,13.54,359.0,7,24.7,1,0.83,0.55,0.34,1
88,3780,0.02328042328042328,19,0,0,45.28,2.0,0,19.8,1,0.89,0.89,0.11,1
70,6202,0.011286681715575621,94,0,0,15.38,0.0,0,19.6,1,0.85,0.75,0.03,1
173,108,1.6018518518518519,2440,97,1,0.74,2.0,0,4.2,1,0.64,0.05,0.86,0
25,252,0.0992063492063492,1970,96,1,0.63,7.5,0,3.3,0,0.81,0.16,0.69,0
28684,41759,0.6868938432433727,394,31,1,3.77,250.0,10,10.6,0,0.84,0.43,0.35,1
44245,76798,0.5761217740045314,189,80,1,8.6,261.0,12,19.0,0,0.76,0.49,0.18,1
3575,33,108.33333333333333,914,64,1,1.18,53.0,5,2.5,0,0.5,0.15,0.65,0
91,3881,0.023447565060551404,21,13,0,25.57,0.0,0,23.6,1,0.98,0.65,0.01,1
152,56,2.7142857142857144,3938,39,1,0.35,14.0,1,8.0,0,0.77,0.14,0.77,0
270,3,90.0,3156,84,1,1.0,12.0,1,4.0,0,0.66,0.1,0.55,0
62,295,0.21016949152542372,3277,55,1,0.74,18.599999999999998,2,3.2,1,0.89,0.18,0.62,0
309,112,2.7589285714285716,1310,99,1,0.72,2.0,0,5.8,1,0.73,0.14,0.65,0
472,2,236.0,1537,89,0,1.19,13.0,0,4.0,0,0.94,0.18,0.7,0
69,80,0.8625,2834,127,1,1.11,20.7,1,5.4,0,0.46,0.15,0.83,0
1008,243,4.148148148148148,2583,94,1,0.02,3.0,0,2.7,0,0.44,0.15,0.91,0
391,3692,0.10590465872156013,110,147,0,29.17,7.0,0,24.9,1,0.75,0.52,0.11,1
28,234,0.11965811965811966,2535,107,1,0.44,1.0,0,3.3,0,0.77,0.14,0.89,0
118,110,1.0727272727272728,1704,88,1,1.4,35.4,4,0.9,1,0.35,0.23,0.71,0
25,6247,0.00400192092204258,19,0,0,18.04,2.0,0,27.4,1,0.89,0.91,0.0,1
450,273,1.6483516483516483,2871,89,1,1.42,14.0,1,2.4,0,0.76,0.17,0.93,0
325,10,32.5,2111,59,1,0.16,8.0,0,6.2,0,0.93,0.22,0.72,0
123,929,0.13240043057050593,3608,61,1,1.52,29.0,1,7.6,1,0.4,0.13,0.76,0
573,85,6.741176470588235,1438,109,1,0.23,169.0,23,1.5,0,0.93,0.03,0.68,0
25,37,0.6756756756756757,1732,27,1,0.89,7.5,1,2.0,0,0.63,0.06,0.77,0
44,3279,0.013418725221103996,92,14,0,37.92,1.0,0,23.2,0,0.92,0.9,0.13,1
38,6898,0.005508843142939983,113,6,1,10.19,2.0,0,16.1,0,0.87,0.69,0.18,1
7,132,0.05303030303030303,1818,118,1,2.21,2.1,0,1.9,1,0.32,0.03,0.94,0
176,3917,0.04493234618330355,161,119,0,9.46,7.0,0,22.8,0,0.75,0.88,0.16,1
99,3015,0.03283582089552239,62,16,0,48.45,2.0,0,18.7,1,0.92,0.77,0.02,1
78,4188,0.01862464183381089,89,16,1,25.0,1.0,0,24.4,0,1.0,0.84,0.06,1
94,7,13.428571428571429,2831,100,1,0.14,0.0,0,3.5,0,0.75,0.03,0.72,0
325,1283,0.2533125487139517,123,134,0,13.84,2.0,0,24.8,1,0.9,0.72,0.08,1
382,30,12.733333333333333,2472,106,0,0.68,38.0,2,5.2,1,0.88,0.03,0.65,0
314,1185,0.2649789029535865,1648,101,1,0.3,17.0,1,3.5,1,0.62,0.12,0.76,0
7,188,0.03723404255319149,815,123,1,0.69,2.1,0,7.5,1,0.95,0.24,0.85,0
33,3854,0.008562532433834976,86,0,1,26.98,0.0,0,25.5,1,0.99,0.86,0.06,1
48,17,2.823529411764706,2995,114,1,0.69,14.399999999999999,2,0.9,1,0.77,0.08,0.8,0
87,2719,0.031997057741816846,42,9,0,43.05,1.0,0,26.6,0,0.97,0.86,0.03,1
3,301,0.009966777408637873,222,67,1,0.69,0.8999999999999999,0,6.8,0,0.75,0.15,0.94,0
51,16,3.1875,1186,32,1,0.19,15.299999999999999,1,1.6,0,0.4,0.23,0.69,0
15,208,0.07211538461538461,518,111,1,0.11,4.0,0,5.4,0,0.75,0.08,0.91,0
242,41,5.902439024390244,2037,91,1,0.07,1.0,0,6.1,1,0.75,0.05,0.84,0
1307,46,28.41304347826087,1371,67,1,0.04,1.0,0,2.8,1,0.73,0.07,0.77,0
172,108,1.5925925925925926,1857,47,1,0.73,12.0,1,1.6,0,0.75,0.07,0.8,0
88736,70780,1.253687482339644,77,70,1,11.97,840.0,6,18.6,0,0.88,0.58,0.18,1
97,23,4.217391304347826,2755,137,1,1.28,29.099999999999998,1,5.7,0,0.55,0.2,0.61,0
178,1836,0.09694989106753812,115,156,1,15.9,2.0,0,21.8,1,0.95,0.6,0.11,1
2725,265,10.283018867924529,70,134,1,3.82,70.0,2,6.1,0,0.67,0.76,0.3,1
32,237,0.1350210970464135,2729,102,1,2.23,9.6,1,6.9,1,0.85,0.15,0.67,0
203,3132,0.06481481481481481,57,130,0,15.15,2.0,0,23.5,1,0.95,0.88,0.27,1
3914,459,8.527233115468409,32,91,1,2.45,46.0,1,9.7,1,0.33,0.6,0.25,1
245,3474,0.07052389176741508,181,133,0,13.45,5.0,0,26.3,1,0.92,0.73,0.1,1
1192,1097,1.0865998176845943,2653,112,1,0.78,40.0,3,7.5,1,0.34,0.16,0.83,0
1410,29,48.62068965517241,1923,59,1,0.08,25.0,3,2.4,0,0.83,0.23,0.55,0
386,2059,0.18746964545896067,56,140,0,16.15,8.0,0,25.2,0,0.98,0.82,0.26,1
164,35,4.685714285714286,1077,48,1,0.65,3.0,0,4.2,0,0.35,0.22,0.76,0
33,80,0.4125,2787,118,1,0.02,3.0,0,3.3,0,0.62,0.18,0.6,0
194,4276,0.045369504209541625,46,117,1,23.5,7.0,0,23.4,0,0.85,0.59,0.24,1
223,201,1.109452736318408,209,95,1,0.27,1.0,0,6.1,0,0.33,0.03,0.79,0
8,530,0.01509433962264151,3124,83,1,0.55,2.4,0,0.7,0,0.4,0.22,0.87,0
155,1229,0.12611879576891782,23,109,1,22.64,4.0,0,20.3,1,0.74,0.65,0.15,1
286,399,0.7167919799498746,3021,99,1,0.1,1.0,0,2.8,0,0.66,0.14,0.56,0
223,4156,0.053657362848893164,29,106,0,5.42,6.0,0,21.3,0,0.93,0.8,0.1,1
4434,403,11.002481389578163,29,68,1,2.95,10.0,0,10.0,1,0.44,0.78,0.43,1
119,509,0.2337917485265226,3369,68,1,1.63,7.0,0,5.1,0,0.52,0.25,0.64,0
10,2692,0.003714710252600297,62,15,1,20.3,1.0,0,23.1,1,0.93,0.99,0.15,1
860,680,1.2647058823529411,2165,64,1,0.0,211.0,19,4.7,0,0.53,0.1,0.59,0
299,71,4.211267605633803,866,117,1,0.31,72.0,9,6.1,1,0.65,0.02,0.59,0
71,2442,0.029074529074529076,75,0,0,23.48,1.0,0,26.0,1,0.98,0.8,0.12,1
252,82,3.073170731707317,601,87,1,1.01,6.0,0,3.7,1,0.59,0.19,0.84,0
4596,246,18.682926829268293,25,124,1,4.82,64.0,1,9.6,1,0.44,0.77,0.23,1
993,37,26.83783783783784,2795,102,1,2.16,111.0,14,0.4,1,0.54,0.2,0.94,0
1,7,0.14285714285714285,2403,49,1,1.42,0.3,0,2.7,0,0.89,0.05,0.52,0
501,31,16.161290322580644,269,54,1,0.15,8.0,0,3.3,1,0.73,0.23,0.68,0
404,4947,0.08166565595310289,126,143,0,23.78,9.0,0,22.3,0,0.96,0.58,0.19,1
61,6,10.166666666666666,1372,65,1,0.8,1.0,0,2.4,1,0.73,0.17,0.91,0
103,62,1.6612903225806452,1594,61,1,0.05,30.9,4,4.5,0,0.54,0.2,0.57,0
14,242,0.05785123966942149,369,71,1,4.0,4.0,0,4.2,0,0.42,0.23,0.74,0
267,17,15.705882352941176,1635,76,1,0.26,78.0,2,6.9,0,0.95,0.25,0.75,0
165,174,0.9482758620689655,1605,76,1,2.27,49.5,6,6.7,0,0.81,0.04,0.76,0
75,3772,0.019883351007423118,51,142,1,24.25,9.0,0,28.6,1,0.84,0.59,0.3,1
792,115,6.886956521739131,3268,79,1,0.11,26.0,1,2.2,1,0.38,0.2,0.5,0
128,1959,0.06533945890760592,107,121,1,8.74,1.0,0,23.8,0,0.81,0.85,0.06,1
254,1762,0.1441543700340522,39,159,0,18.09,7.0,0,26.7,1,0.72,0.71,0.1,1
352,144,2.4444444444444446,1762,160,1,0.94,20.0,2,1.3,1,0.78,0.07,0.78,0
83,6228,0.013326910725754657,19,18,0,21.05,0.0,0,18.8,0,0.96,0.73,0.06,1
726,124,5.854838709677419,2404,114,0,0.06,59.0,4,1.9,0,0.82,0.24,0.7,0
208,507,0.41025641025641024,2322,72,1,0.02,52.0,6,5.0,0,0.44,0.03,0.51,0
86,131,0.6564885496183206,2272,101,0,1.23,23.0,2,3.5,1,0.76,0.25,0.83,0
26225,44642,0.5874512790645581,379,68,1,12.85,257.0,0,10.1,0,0.92,0.47,0.22,1
3,31,0.0967741935483871,2403,119,1,0.93,0.8999999999999999,0,1.3,0,0.39,0.22,0.66,0
5,7,0.7142857142857143,1393,85,1,0.06,1.5,0,7.3,0,0.85,0.22,0.7,0
1594,55,28.98181818181818,939,81,1,2.89,185.0,15,4.7,0,0.51,0.06,0.93,0
26,2024,0.012845849802371542,85,0,1,24.97,0.0,0,21.0,0,0.96,0.6,0.01,1
3760,182,20.65934065934066,18,122,1,4.46,60.0,2,2.1,0,0.61,0.79,0.21,1
3536,218,16.220183486238533,38,69,1,2.83,68.0,1,9.6,1,0.56,0.66,0.44,1
58,327,0.17737003058103976,2178,77,1,0.02,1.0,0,3.4,0,0.44,0.24,0.5,0
79888,83920,0.9519542421353671,70,98,1,10.37,655.0,17,18.5,1,0.72,0.42,0.12,1
16858,60519,0.27855714734215703,382,35,1,13.72,146.0,5,24.0,1,0.78,0.43,0.25,1
945,79,11.962025316455696,1036,78,1,0.48,6.0,0,5.4,1,0.79,0.04,0.68,0
194,1,194.0,1581,96,1,0.21,20.0,2,2.7,1,0.77,0.08,0.52,0
1,460,0.002173913043478261,1265,95,1,1.67,0.3,0,4.0,0,0.31,0.11,0.67,0
447,73,6.123287671232877,949,24,1,0.11,87.0,6,5.6,0,0.34,0.18,0.73,0
38,40,0.95,2203,106,1,0.85,1.0,0,0.0,1,0.91,0.22,0.61,0
52,3849,0.013510002598077423,116,14,1,30.37,2.0,0,22.9,0,0.9,0.75,0.07,1
97916,23471,4.171786459886668,281,82,1,8.2,146.0,2,11.7,1,0.81,0.41,0.14,1
80,522,0.1532567049808429,2534,71,1,0.78,3.0,0,1.4,0,0.48,0.21,0.78,0
71,65,1.0923076923076922,480,98,1,0.24,10.0,0,4.8,0,0.72,0.22,0.72,0
3684,115,32.03478260869565,28,73,1,1.46,58.0,1,9.3,0,0.57,0.72,0.35,1
75,380,0.19736842105263158,977,69,1,1.88,22.5,1,0.2,1,0.7,0.17,0.64,0
252,235,1.0723404255319149,3347,85,1,0.45,54.0,3,3.5,0,0.69,0.22,0.7,0
169,10,16.9,2443,83,1,0.05,5.0,0,7.7,0,0.5,0.02,0.81,0
123,2296,0.05357142857142857,3219,111,1,0.3,11.0,0,5.3,0,0.42,0.13,0.55,0
52,4334,0.011998154130133826,111,18,0,39.62,1.0,0,17.3,0,0.88,0.66,0.04,1
39,703,0.05547652916073969,2625,90,1,1.38,4.0,0,2.1,0,0.93,0.23,0.66,0
291,153,1.9019607843137254,1062,101,1,0.02,6.0,0,1.9,0,0.67,0.02,0.57,0
34,824,0.0412621359223301,2921,98,1,0.04,10.2,1,3.8,0,0.69,0.15,0.95,0
157,836,0.18779904306220097,2044,39,1,0.01,1.0,0,4.0,1,0.81,0.07,0.54,0
8,1462,0.005471956224350205,58,11,1,37.09,2.0,0,19.2,1,0.95,0.87,0.14,1
20,210,0.09523809523809523,2778,118,1,0.88,6.0,0,7.5,0,0.82,0.23,0.8,0
39,90,0.43333333333333335,1025,57,1,1.88,2.0,0,5.4,1,0.34,0.15,0.9,0
711,1820,0.39065934065934066,3180,50,1,1.14,14.0,1,1.5,1,0.49,0.13,0.56,0
668,291,2.29553264604811,2540,60,1,0.76,64.0,8,4.4,1,0.65,0.09,0.81,0
3106,267,11.632958801498127,78,84,1,2.59,53.0,1,2.4,0,0.58,0.48,0.3,1
132,5,26.4,1897,160,1,0.15,39.6,4,3.2,0,0.72,0.23,0.82,0
742,349,2.1260744985673354,3385,74,1,0.88,23.0,3,2.2,1,0.76,0.23,0.87,0
10,3573,0.00279876854184159,52,0,1,29.35,0.0,0,25.5,1,0.91,0.86,0.07,1
4,3711,0.0010778765831312314,53,0,0,38.13,0.0,0,20.4,0,0.94,0.75,0.04,1
91,309,0.29449838187702265,2256,87,1,2.25,27.3,2,2.7,1,0.82,0.16,0.74,0
1121,275,4.076363636363636,1250,65,1,1.21,10.0,0,1.6,1,0.83,0.05,0.65,0
769,3141,0.24482648837949697,1175,106,1,0.8,10.0,0,0.6,1,0.81,0.09,0.6,0
55,295,0.1864406779661017,2613,132,1,0.26,16.5,0,4.8,0,0.92,0.06,0.64,0
106,1282,0.08268330733229329,3049,69,1,0.79,11.0,1,0.3,0,0.36,0.04,0.77,0
133,608,0.21875,1105,115,1,0.21,39.9,3,2.0,0,0.71,0.07,0.6,0
55,1953,0.02816180235535074,111,0,0,23.88,0.0,0,20.4,1,0.97,0.74,0.06,1
369,1549,0.23821820529373788,10,105,1,13.22,8.0,0,20.8,1,0.83,0.88,0.18,1
241,135,1.7851851851851852,647,71,1,1.63,65.0,4,6.5,1,0.3,0.12,0.55,0
84,4096,0.0205078125,69,17,1,48.09,2.0,0,26.6,1,0.92,0.73,0.03,1
55830,90851,0.6145226799925152,128,64,1,4.96,495.0,21,24.0,0,0.74,0.42,0.18,1
2788,458,6.0873362445414845,23,158,1,4.26,95.0,1,3.7,0,0.47,0.44,0.24,1
364,14,26.0,1784,89,1,0.01,24.0,3,3.6,0,0.62,0.17,0.53,0
82,5124,0.01600312256049961,2,14,0,46.6,2.0,0,24.2,0,0.86,0.97,0.03,1
296,3034,0.0975609756097561,162,108,1,17.83,3.0,0,21.7,0,0.9,0.7,0.1,1
14932,19,785.8947368421053,1201,32,0,0.53,22.0,1,1.5,1,0.84,0.15,0.91,0
11713,58547,0.2000614890600714,103,42,1,3.75,106.0,2,10.7,1,0.78,0.39,0.22,1
1663,17,97.82352941176471,413,88,0,2.21,19.0,1,3.2,0,0.39,0.08,0.55,0
43,7,6.142857142857143,1648,92,1,0.26,12.9,1,5.2,0,0.68,0.21,0.87,0
88,42,2.0952380952380953,1602,94,1,1.13,26.4,0,6.7,0,0.68,0.22,0.82,0
258,8,32.25,525,40,1,0.37,9.0,1,6.0,0,0.38,0.07,0.73,0
19,6012,0.003160345974717232,111,13,0,42.38,0.0,0,23.8,0,1.0,0.94,0.07,1
4613,71,64.97183098591549,3542,76,1,0.09,52.0,1,4.4,0,0.4,0.12,0.54,0
8754,601,14.565723793677204,2374,87,1,0.46,5.0,0,0.2,1,0.38,0.01,0.62,0
6,4353,0.0013783597518952446,3826,68,1,0.24,1.7999999999999998,0,2.2,1,0.64,0.05,0.84,0
3,86,0.03488372093023256,1268,83,1,0.04,0.8999999999999999,0,7.3,1,0.39,0.12,0.94,0
65,2807,0.023156394727467045,99,18,0,39.72,1.0,0,23.0,1,0.86,0.89,0.14,1
50,145,0.3448275862068966,990,72,1,1.0,15.0,0,4.4,0,0.61,0.21,0.87,0
89519,68051,1.3154692803926467,440,34,1,10.69,653.0,7,12.9,1,0.87,0.68,0.37,1
13,10,1.3,1380,55,1,0.73,3.9,0,4.9,0,0.74,0.12,0.82,0
155,20,7.75,1955,94,1,0.35,46.5,6,4.8,0,0.45,0.01,0.93,0
74239,71814,1.0337677890104993,406,82,1,9.55,388.0,6,20.8,1,0.86,0.43,0.1,1
82,6070,0.013509060955518945,89,0,0,14.96,0.0,0,21.5,1,0.86,0.64,0.17,1
316,4546,0.06951165860096789,196,158,1,5.89,2.0,0,24.3,1,0.96,0.51,0.18,1
28,17,1.6470588235294117,406,77,0,0.39,0.0,0,3.4,1,0.63,0.02,0.9,0
68,3847,0.017676111255523784,65,0,0,49.98,0.0,0,25.8,1,0.88,0.9,0.09,1
32,2768,0.011560693641618497,52,13,0,15.23,2.0,0,23.6,1,0.92,0.86,0.19,1
6,88,0.06818181818181818,3255,90,1,0.15,1.7999999999999998,0,0.4,1,0.62,0.05,0.5,0
239,4000,0.05975,129,149,0,18.11,9.0,0,27.0,0,0.76,0.75,0.1,1
5,3440,0.0014534883720930232,3724,53,1,0.22,1.5,0,6.9,0,0.86,0.21,0.63,0
32,5139,0.006226892391515859,112,10,0,45.79,2.0,0,20.8,0,0.86,0.89,0.07,1
74128,76499,0.9690061307990954,144,93,1,7.97,81.0,2,20.0,1,0.81,0.35,0.39,1
1827,371,4.9245283018867925,1204,57,1,0.03,6.0,0,7.0,0,0.59,0.11,0.53,0
46,12,3.8333333333333335,2935,100,1,0.25,7.0,0,0.8,1,0.95,0.02,0.6,0
417,1276,0.3268025078369906,49,135,0,16.67,7.0,0,23.5,1,0.7,0.64,0.29,1
4,193,0.02072538860103627,2804,93,1,0.09,1.2,0,1.9,1,0.72,0.04,0.95,0
183,34,5.382352941176471,3476,55,1,0.32,11.0,0,6.8,0,0.91,0.2,0.81,0
0,26,0.0,2052,88,1,0.32,0.0,0,4.6,1,0.82,0.12,0.65,0
17,1583,0.010739102969046115,2273,63,1,2.69,3.0,0,7.1,0,0.67,0.13,0.53,0
81,2415,0.03354037267080745,10,111,1,14.69,0.0,0,29.8,0,0.93,0.67,0.25,1
60,1835,0.0326975476839237,1752,98,1,0.57,18.0,2,3.7,1,0.81,0.05,0.62,0
58,5642,0.010280042538107055,62,18,1,48.06,0.0,0,19.5,0,0.95,0.77,0.08,1
345,854,0.40398126463700235,301,121,1,1.82,16.0,0,0.6,1,0.84,0.1,0.86,0
3253,245,13.277551020408163,31,87,1,3.99,45.0,1,4.0,1,0.63,0.51,0.22,1
538,3432,0.15675990675990675,2152,71,1,0.89,20.0,1,0.1,1,0.5,0.15,0.58,0
107,4343,0.0246373474556758,90,143,1,5.03,4.0,0,21.5,0,0.82,0.63,0.1,1
407,44,9.25,2764,105,1,0.21,11.0,1,4.6,1,0.52,0.1,0.63,0
6731,5,1346.2,3678,88,1,1.22,41.0,1,7.7,1,0.67,0.02,0.68,0
42012,70840,0.5930547713156409,188,78,1,11.43,200.0,8,24.5,0,0.6,0.57,0.37,1
243,7,34.714285714285715,3969,50,1,0.41,72.89999999999999,3,6.6,1,0.84,0.0,0.64,0
53808,40046,1.343654796983469,218,54,1,8.67,107.0,4,19.9,0,0.72,0.52,0.26,1
1010,65,15.538461538461538,37,101,1,3.58,13.0,0,8.6,1,0.53,0.62,0.29,1
19,8,2.375,3087,59,1,0.06,5.7,0,3.4,0,0.67,0.01,0.86,0
21,20,1.05,3860,106,0,0.3,6.3,0,0.6,0,0.47,0.09,0.88,0
76,160,0.475,3768,97,1,0.53,22.8,2,6.3,0,0.35,0.23,0.92,0
75,81,0.9259259259259259,2733,67,1,3.46,22.5,1,1.0,0,0.78,0.07,0.76,0
3,187,0.016042780748663103,2103,33,1,1.13,0.8999999999999999,0,3.1,1,0.83,0.18,0.89,0
76716,60778,1.2622330448517556,279,95,1,9.83,410.0,16,23.0,0,0.63,0.56,0.13,1
4,215,0.018604651162790697,3764,22,1,0.04,1.2,0,3.7,1,0.7,0.06,0.76,0
1168,10,116.8,215,46,1,1.26,46.0,2,0.3,0,0.52,0.03,0.72,0
109,84,1.2976190476190477,2181,160,0,1.94,32.699999999999996,1,3.0,0,0.53,0.2,0.74,0
289,770,0.37532467532467534,1374,43,1,1.16,34.0,3,6.1,1,0.84,0.15,0.75,0
89,18,4.944444444444445,2275,95,0,0.12,0.0,0,3.2,1,0.4,0.24,0.9,0
13,256,0.05078125,3482,113,1,0.37,2.0,0,4.3,1,0.81,0.05,0.8,0
10,83,0.12048192771084337,476,102,1,0.85,3.0,0,0.8,1,0.86,0.24,0.61,0
107,149,0.7181208053691275,2168,93,1,1.21,10.0,1,3.5,0,0.79,0.23,0.84,0
65204,8147,8.00343684791948,486,42,1,6.31,540.0,8,12.8,0,0.74,0.65,0.29,1
220,5074,0.043358297201419,1702,73,1,0.08,2.0,0,2.4,0,0.54,0.19,0.74,0
65966,91933,0.7175442985652595,416,93,1,9.31,608.0,6,12.3,0,0.63,0.51,0.35,1
14,47,0.2978723404255319,1191,103,1,0.67,4.2,0,0.7,0,0.78,0.2,0.71,0
9,5216,0.0017254601226993865,8,19,0,11.65,0.0,0,23.2,1,0.92,0.99,0.19,1
200,2383,0.0839278220730172,57,108,1,29.69,6.0,0,27.8,1,0.72,0.51,0.2,1
3146,211,14.909952606635072,1399,89,1,0.15,5.0,0,2.5,0,0.53,0.01,0.54,0
37,950,0.03894736842105263,63,0,1,22.9,0.0,0,20.4,1,0.9,0.85,0.14,1
422,80,5.275,1575,126,1,2.42,2.0,0,4.1,0,0.34,0.17,0.82,0
102,66,1.5454545454545454,1546,104,1,2.62,1.0,0,6.7,0,0.44,0.13,0.75,0
15,229,0.06550218340611354,3476,75,1,0.27,4.5,0,8.0,1,0.88,0.16,0.94,0
414,124,3.338709677419355,2446,43,1,0.46,63.0,8,3.1,0,0.58,0.2,0.93,0
136,48,2.8333333333333335,1450,30,1,0.93,6.0,0,1.6,1,0.68,0.02,0.57,0
5,4125,0.0012121212121212121,6,11,1,19.0,1.0,0,16.7,0,0.87,0.93,0.01,1
946,50,18.92,663,46,1,1.88,16.0,1,3.9,0,0.64,0.12,0.76,0
467,13,35.92307692307692,2363,122,1,0.21,27.0,2,0.6,0,0.41,0.05,0.59,0
452,1612,0.2803970223325062,18,131,0,22.74,3.0,0,26.7,1,0.71,0.69,0.11,1
4430,116,38.189655172413794,1104,93,1,1.01,38.0,4,8.0,0,0.86,0.11,0.9,0
1550,90,17.22222222222222,2426,58,1,1.77,1.0,0,0.6,1,0.45,0.07,0.6,0
249,605,0.4115702479338843,1328,51,1,0.21,1.0,0,4.6,0,0.33,0.09,0.51,0
23,6062,0.003794127350709337,114,0,0,23.94,2.0,0,29.2,1,0.89,0.75,0.0,1
210,14,15.0,2823,44,1,0.22,32.0,1,6.0,0,0.85,0.16,0.76,0
42,1176,0.03571428571428571,14,12,0,42.91,1.0,0,16.0,0,0.86,0.66,0.18,1
421,102,4.127450980392157,3034,31,1,1.07,11.0,1,4.2,1,0.91,0.21,0.56,0
48,4351,0.011031946678924385,74,0,0,39.48,2.0,0,28.1,0,0.85,0.85,0.16,1
151,32,4.71875,3506,69,0,0.45,1.0,0,3.5,0,0.71,0.2,0.7,0
58,6568,0.008830694275274055,39,0,0,41.57,1.0,0,16.9,1,0.91,0.68,0.18,1
307,1100,0.2790909090909091,1375,115,1,0.2,20.0,1,3.1,0,0.3,0.25,0.94,0
431,3007,0.14333222480877952,102,133,1,19.13,5.0,0,27.5,0,0.88,0.88,0.07,1
1,283,0.0035335689045936395,1736,22,1,0.11,0.3,0,6.2,1,0.33,0.18,0.83,0
218,2299,0.09482383645063071,15,155,0,14.82,1.0,0,20.7,1,0.74,0.74,0.23,1
60,229,0.26200873362445415,1901,38,1,0.77,18.0,1,0.9,0,0.64,0.19,0.73,0
1564,65,24.06153846153846,1182,64,1,0.69,10.0,0,2.7,1,0.37,0.09,0.54,0
6,3785,0.001585204755614267,72,9,0,33.66,0.0,0,17.3,1,0.94,0.69,0.14,1
554,367,1.5095367847411445,371,75,1,0.21,4.0,0,6.4,0,0.56,0.23,0.64,0
95,7450,0.012751677852348993,93,0,0,26.24,2.0,0,19.3,0,0.91,0.64,0.07,1
21832,130,167.93846153846152,2343,56,0,0.22,3.0,0,5.2,1,0.52,0.12,0.87,0
1973,8,246.625,3534,83,1,2.79,27.0,3,2.7,1,0.39,0.04,0.52,0
586,29,20.20689655172414,365,91,0,2.58,74.0,1,1.3,0,0.87,0.2,0.93,0
2573,113,22.76991150442478,12,104,1,1.02,96.0,2,3.4,1,0.47,0.64,0.4,1
134,39,3.4358974358974357,3334,51,1,1.45,1.0,0,2.1,1,0.31,0.03,0.63,0
97,5,19.4,1686,86,1,0.9,2.0,0,1.1,0,0.88,0.12,0.59,0
199,97,2.051546391752577,2519,82,1,0.37,4.0,0,6.2,0,0.61,0.08,0.74,0
152,4694,0.03238176395398381,67,113,1,9.76,6.0,0,25.2,1,0.74,0.53,0.08,1
2528,288,8.777777777777779,9,98,1,4.69,38.0,0,8.1,1,0.69,0.45,0.3,1
31547,36,876.3055555555555,2058,94,1,0.13,141.0,13,3.9,1,0.56,0.13,0.87,0
322,1995,0.16140350877192983,149,158,1,20.93,5.0,0,28.5,0,0.7,0.55,0.06,1
166,3031,0.054767403497195645,198,154,1,9.92,4.0,0,21.7,1,0.92,0.51,0.11,1
764,67,11.402985074626866,3007,131,1,0.59,229.2,24,3.3,0,0.86,0.04,0.7,0
1695,285,5.947368421052632,49,124,1,2.23,66.0,2,3.1,1,0.66,0.46,0.45,1
374,432,0.8657407407407407,1571,107,1,0.41,12.0,0,2.3,0,0.58,0.12,0.72,0
179,36,4.972222222222222,3310,45,1,0.26,1.0,0,5.9,0,0.68,0.19,0.8,0
21,4522,0.0046439628482972135,60,14,1,24.24,0.0,0,29.4,1,0.86,0.99,0.13,1
113,24,4.708333333333333,2402,18,1,2.55,18.0,0,5.2,1,0.34,0.14,0.55,0
49,23,2.130434782608696,1106,59,1,1.69,14.7,1,7.0,1,0.56,0.07,0.5,0
85,1310,0.0648854961832061,170,149,1,21.9,8.0,0,21.4,0,0.99,0.85,0.22,1
440,1092,0.40293040293040294,55,135,0,12.44,3.0,0,23.7,0,0.79,0.78,0.21,1
1325,10,132.5,2895,83,1,0.36,56.0,7,5.8,0,0.93,0.08,0.74,0
3793,358,10.594972067039107,22,118,1,4.28,27.0,0,2.7,0,0.56,0.67,0.44,1
5,101,0.04950495049504951,884,137,1,0.91,1.5,0,3.1,0,0.72,0.12,0.88,0
277,212,1.3066037735849056,2623,52,1,1.23,83.1,8,3.8,0,0.52,0.07,0.89,0
150,68,2.2058823529411766,1009,89,1,0.13,19.0,1,0.1,0,0.77,0.13,0.83,0
459,1225,0.3746938775510204,56,139,0,22.03,0.0,0,21.8,1,0.8,0.56,0.1,1
186,37,5.027027027027027,1934,57,1,0.16,32.0,3,6.8,0,0.91,0.24,0.85,0
9163,551,16.629764065335753,2764,61,1,0.55,42.0,1,0.5,1,0.81,0.18,0.85,0
69801,36151,1.9308179580094602,372,54,1,5.66,522.0,21,20.9,1,0.9,0.5,0.17,1
1258,13,96.76923076923077,2343,65,1,0.07,0.0,0,7.2,1,0.39,0.18,0.7,0
8,12,0.6666666666666666,1494,0,1,0.56,2.4,0,1.1,0,0.46,0.02,0.8,0
671,121,5.545454545454546,777,92,1,0.51,125.0,7,4.6,0,0.67,0.16,0.73,0
91816,35441,2.5906718207725516,293,62,1,4.31,720.0,11,17.8,1,0.92,0.63,0.18,1
36560,37268,0.9810024686057743,258,41,1,14.13,268.0,10,16.5,1,0.64,0.64,0.25,1
32065,58186,0.5510775787990239,324,54,1,11.05,260.0,2,15.5,1,0.61,0.44,0.14,1
202,33,6.121212121212121,3992,90,1,1.86,3.0,0,2.5,1,0.56,0.23,0.85,0
3,28,0.10714285714285714,2267,86,1,0.17,0.8999999999999999,0,1.5,1,0.68,0.21,0.51,0
20,24,0.8333333333333334,1443,82,1,0.57,0.0,0,3.1,1,0.41,0.09,0.83,0
299,14,21.357142857142858,522,86,1,1.44,85.0,12,7.9,0,0.94,0.04,0.61,0
269,1036,0.25965250965250963,31,152,1,13.29,8.0,0,21.5,0,0.76,0.83,0.12,1
4,4449,0.0008990784445942908,5,10,0,20.27,1.0,0,26.1,0,0.99,0.95,0.01,1
4334,337,12.86053412462908,3194,53,1,0.71,12.0,1,3.5,1,0.48,0.09,0.79,0
16,292,0.0547945205479452,2502,104,1,0.23,4.8,0,1.1,1,0.57,0.15,0.77,0
51249,53377,0.9601326413998539,432,84,1,9.42,215.0,7,16.7,0,0.72,0.36,0.29,1
291,4374,0.06652949245541838,70,133,0,10.25,9.0,0,27.4,1,0.72,0.85,0.28,1
47,2359,0.019923696481559984,41,19,0,17.27,2.0,0,15.7,0,0.9,0.69,0.18,1
66,6843,0.009644892590968873,4,13,0,28.63,2.0,0,29.2,0,1.0,0.76,0.07,1
2,48,0.041666666666666664,2505,74,1,3.04,0.6,0,3.3,1,0.67,0.02,0.88,0
2280,8,285.0,3946,65,1,1.83,9.0,0,6.3,1,0.39,0.03,0.89,0
432,405,1.0666666666666667,45,88,1,3.99,65.0,1,9.2,1,0.4,0.78,0.39,1
29,62,0.46774193548387094,2181,0,1,1.43,8.7,1,1.2,0,0.35,0.17,0.67,0
307,3354,0.0915324985092427,127,103,1,18.76,8.0,0,27.6,0,0.71,0.72,0.22,1
464,3513,0.13208084258468544,125,106,1,8.24,0.0,0,25.8,0,0.83,0.5,0.14,1
430,1202,0.3577371048252912,3761,53,1,1.23,6.0,0,6.1,0,0.37,0.13,0.92,0
1256,380,3.305263157894737,839,77,1,0.98,6.0,0,4.9,1,0.74,0.25,0.91,0
552,62,8.903225806451612,769,79,1,2.22,4.0,0,3.3,0,0.55,0.02,0.64,0
45707,58762,0.7778326129131071,300,41,1,13.16,402.0,0,13.1,0,0.75,0.49,0.26,1
284,3901,0.07280184568059472,133,151,1,21.53,1.0,0,24.8,1,0.85,0.51,0.07,1
113,98,1.153061224489796,487,76,1,1.1,4.0,0,7.5,0,0.59,0.2,0.82,0
1818,45,40.4,1483,137,1,1.58,4.0,0,0.1,0,0.6,0.25,0.72,0
170,34,5.0,1278,49,1,0.33,1.0,0,3.2,1,0.81,0.07,0.69,0
145,1536,0.09440104166666667,189,114,1,24.04,5.0,0,26.3,1,0.75,0.66,0.22,1
50,176,0.2840909090909091,3908,59,1,0.69,0.0,0,1.2,0,0.42,0.06,0.86,0
688,16,43.0,3089,103,1,0.8,3.0,0,4.3,1,0.84,0.08,0.58,0
8686,308,28.2012987012987,987,103,0,0.15,83.0,9,0.7,0,0.66,0.1,0.88,0
52720,97931,0.5383382177247246,471,49,1,7.63,257.0,11,11.6,1,0.74,0.61,0.35,1
93359,80286,1.162830381386543,276,88,1,5.26,188.0,3,16.6,0,0.66,0.4,0.28,1
31,1453,0.021335168616655197,116,0,1,47.98,1.0,0,15.5,1,0.98,0.66,0.16,1
57670,82268,0.7010016045120825,333,75,1,3.34,103.0,3,20.9,1,0.87,0.52,0.28,1
779,1,779.0,3804,81,1,0.3,33.0,3,4.8,0,0.87,0.11,0.62,0
12,4143,0.002896451846488052,12,0,0,16.71,1.0,0,20.1,0,0.98,0.92,0.2,1
78,5080,0.015354330708661417,9,0,0,32.57,0.0,0,21.2,1,1.0,0.64,0.13,1
13,495,0.026262626262626262,1056,120,1,0.83,0.0,0,1.8,0,0.37,0.14,0.76,0
68,377,0.18037135278514588,878,82,1,0.03,1.0,0,6.6,0,0.41,0.24,0.62,0
70,581,0.12048192771084337,2051,82,1,1.89,0.0,0,3.4,0,0.49,0.0,0.85,0
2,7380,0.00027100271002710027,2727,113,1,0.9,0.6,0,0.8,0,0.59,0.22,0.58,0
164,1185,0.13839662447257384,66,101,0,10.11,9.0,0,28.9,1,0.89,0.85,0.27,1
73,80,0.9125,2483,63,1,0.05,0.0,0,3.4,0,0.72,0.05,0.59,0
135,16,8.4375,285,96,1,0.03,12.0,0,3.1,1,0.32,0.19,0.71,0
89,162,0.5493827160493827,3721,57,1,0.24,7.0,0,2.5,0,0.65,0.08,0.77,0
437,1898,0.23024236037934667,182,113,1,27.0,5.0,0,28.0,1,0.93,0.76,0.1,1
101,4678,0.021590423257802478,186,136,1,20.19,6.0,0,26.2,1,0.91,0.53,0.08,1
79,6495,0.012163202463433411,71,0,0,11.09,1.0,0,21.0,1,0.88,0.81,0.09,1
63740,44725,1.4251537171604247,77,51,1,14.03,191.0,1,19.2,0,0.92,0.5,0.23,1
27,1912,0.014121338912133892,9,11,0,32.2,0.0,0,25.7,1,0.92,0.69,0.19,1
66,6894,0.009573542210617928,43,0,0,23.14,1.0,0,19.1,1,0.9,0.87,0.18,1
86,6441,0.013351963980748331,44,16,0,20.89,0.0,0,29.3,0,0.92,0.79,0.03,1
278,1052,0.26425855513307983,58,153,0,7.43,9.0,0,26.7,0,0.97,0.66,0.08,1
86,17,5.0588235294117645,506,80,1,0.06,15.0,1,1.7,0,0.43,0.05,0.52,0
137,25,5.48,1731,44,0,0.61,41.1,4,7.2,1,0.45,0.03,0.56,0
61,7348,0.008301578660860098,58,18,0,45.5,0.0,0,28.1,0,0.91,0.83,0.06,1
91,46,1.9782608695652173,3113,92,1,0.58,26.0,2,3.1,0,0.74,0.17,0.74,0
10,2528,0.003955696202531646,57,0,0,47.96,0.0,0,25.8,1,0.85,0.6,0.03,1
127,18,7.055555555555555,2232,140,1,0.24,35.0,4,5.3,0,0.48,0.16,0.82,0
2249,17,132.2941176470588,884,35,1,1.67,1.0,0,2.2,1,0.31,0.09,0.74,0
1,60,0.016666666666666666,1423,89,1,0.3,0.0,0,3.8,1,0.76,0.13,0.72,0
198,3801,0.05209155485398579,128,136,1,13.18,8.0,0,25.4,1,0.78,0.72,0.12,1
683,593,1.15177065767285,2551,109,1,3.09,6.0,0,1.0,0,0.51,0.17,0.53,0
9218,243,37.934156378600825,3691,47,1,0.41,6.0,0,0.0,0,0.35,0.23,0.93,0
19,20,0.95,790,64,1,1.89,3.0,0,1.9,0,0.51,0.03,0.89,0
95853,89255,1.0739230295221556,368,96,1,13.51,724.0,0,23.8,1,0.89,0.5,0.25,1
88,3917,0.022466173091651775,34,19,0,28.59,0.0,0,17.1,1,0.88,0.96,0.19,1
8,4839,0.0016532341392849763,31,11,1,18.08,0.0,0,24.9,1,0.99,0.91,0.1,1
70474,41554,1.695961880926024,337,74,1,6.99,628.0,14,24.8,1,0.71,0.62,0.25,1
182,152,1.1973684210526316,64,110,1,3.14,44.0,1,3.3,1,0.37,0.52,0.34,1
5,5180,0.0009652509652509653,23,0,0,23.96,1.0,0,19.9,0,0.86,0.61,0.09,1
17,48,0.3541666666666667,1140,100,1,0.99,3.0,0,7.1,0,0.74,0.22,0.73,0
39279,71827,0.5468556392442954,274,72,1,7.44,67.0,1,24.2,1,0.89,0.42,0.39,1
33,5040,0.006547619047619048,55,9,1,41.35,2.0,0,18.1,1,0.86,0.65,0.08,1
26,494,0.05263157894736842,3221,34,1,1.0,0.0,0,1.0,0,0.51,0.11,0.79,0
1688,167,10.107784431137725,89,85,1,2.78,63.0,2,4.6,0,0.45,0.69,0.42,1
32,147,0.21768707482993196,728,98,1,1.68,9.6,0,4.9,0,0.86,0.0,0.59,0
182,1123,0.1620658949243099,94,145,0,28.05,8.0,0,29.8,1,0.87,0.52,0.27,1
123,4576,0.026879370629370628,170,101,1,11.11,5.0,0,22.8,1,0.79,0.74,0.18,1
86,1904,0.045168067226890755,116,16,0,30.08,2.0,0,28.1,1,0.96,0.64,0.0,1
2789,202,13.806930693069306,1362,14,0,0.28,2.0,0,2.8,0,0.46,0.23,0.62,0
482,15,32.13333333333333,3507,97,1,1.12,21.0,0,2.8,0,0.63,0.23,0.89,0
75,978,0.07668711656441718,1729,74,1,1.41,9.0,0,2.4,0,0.71,0.2,0.5,0
78,27,2.888888888888889,1493,64,1,0.74,23.4,2,2.4,0,0.8,0.09,0.74,0
268,3614,0.07415605976757056,138,111,1,24.85,9.0,0,29.4,1,0.85,0.71,0.28,1
108,443,0.24379232505643342,2146,114,1,0.4,0.0,0,2.1,0,0.51,0.19,0.56,0
1615,13,124.23076923076923,3981,95,1,0.65,4.0,0,1.1,0,0.44,0.06,0.62,0
395,2048,0.19287109375,188,108,0,23.52,6.0,0,20.8,1,0.97,0.62,0.24,1
83,1201,0.06910907577019151,308,21,0,1.62,5.0,0,4.0,0,0.47,0.14,0.68,0
4,61,0.06557377049180328,3398,55,1,0.06,1.2,0,0.8,0,0.75,0.21,0.58,0
772,24,32.166666666666664,1388,71,1,1.48,3.0,0,6.3,0,0.58,0.23,0.67,0
75,2492,0.03009630818619583,32,16,0,23.73,1.0,0,25.4,1,0.96,0.91,0.08,1
287,1321,0.21725965177895534,2248,77,1,0.36,67.0,2,3.6,0,0.61,0.2,0.75,0
0,2517,0.0,11,0,0,15.12,2.0,0,18.8,1,0.95,0.84,0.18,1
3718,305,12.190163934426229,1952,94,1,1.77,114.0,6,1.1,1,0.77,0.18,0.82,0
147,206,0.7135922330097088,2532,117,1,0.46,2.0,0,0.4,0,0.85,0.13,0.72,0
933,33,28.272727272727273,2386,115,1,1.97,27.0,2,1.3,0,0.82,0.08,0.89,0
661,224,2.950892857142857,3963,26,1,0.33,1.0,0,6.9,0,0.79,0.19,0.55,0
4388,366,11.989071038251366,6,104,1,3.04,85.0,2,9.4,1,0.48,0.52,0.3,1
313,1828,0.1712253829321663,172,142,1,26.85,9.0,0,22.9,1,0.75,0.83,0.2,1
146,2784,0.05244252873563218,112,127,1,9.63,9.0,0,23.0,0,0.9,0.64,0.29,1
3,1932,0.0015527950310559005,1270,53,1,2.73,0.8999999999999999,0,3.1,0,0.58,0.14,0.6,0
39,95,0.4105263157894737,3969,102,1,0.27,10.0,0,8.0,0,0.46,0.02,0.81,0
158,3261,0.048451395277522236,27,123,1,8.1,9.0,0,27.0,1,0.75,0.88,0.1,1
10,916,0.010917030567685589,1546,91,1,5.81,3.0,0,5.4,0,0.85,0.0,0.6,0
119,220,0.5409090909090909,3299,50,1,4.96,2.0,0,7.5,0,0.82,0.11,0.67,0
56,2861,0.019573575672841664,54,0,0,18.2,1.0,0,26.8,1,0.88,0.63,0.0,1
2727,1337,2.039640987284966,3037,96,1,0.33,60.0,8,1.8,0,0.58,0.11,0.78,0
39,252,0.15476190476190477,3130,51,1,0.41,10.0,1,0.6,0,0.77,0.16,0.84,0
61,4378,0.013933302878026497,10,128,1,13.81,6.0,0,23.7,1,0.97,0.76,0.21,1
55,4433,0.01240694789081886,85,12,0,34.04,0.0,0,23.2,0,0.96,1.0,0.12,1
51,258,0.19767441860465115,3149,81,1,0.49,14.0,0,2.8,0,0.79,0.17,0.59,0
90541,89545,1.0111228991010106,335,66,1,12.61,340.0,11,21.4,1,0.78,0.35,0.33,1
32,4331,0.0073885938582313555,108,11,0,30.78,1.0,0,29.8,1,0.85,0.79,0.2,1
652,623,1.0465489566613162,3419,107,1,0.56,5.0,0,5.2,0,0.51,0.15,0.65,0
43002,48429,0.8879390447872143,468,44,1,12.63,49.0,0,23.1,1,0.81,0.49,0.31,1
150,103,1.4563106796116505,1613,43,1,0.46,6.0,0,1.3,1,0.63,0.01,0.57,0
377,126,2.992063492063492,3282,128,1,0.51,64.0,3,3.5,0,0.4,0.0,0.68,0
640,201,3.18407960199005,3877,86,1,0.02,47.0,2,3.7,0,0.66,0.19,0.63,0
3049,106,28.764150943396228,2294,80,1,0.25,9.0,0,2.2,0,0.39,0.18,0.69,0
228,10,22.8,861,94,1,1.35,29.0,1,5.8,0,0.73,0.03,0.82,0
386,94,4.1063829787234045,1544,77,1,0.88,0.0,0,4.9,0,0.36,0.16,0.7,0
25,70,0.35714285714285715,2850,51,1,2.87,3.0,0,6.9,0,0.54,0.0,0.5,0
1690,2,845.0,265,123,1,0.81,7.0,0,0.1,0,0.81,0.14,0.65,0
166,29,5.724137931034483,722,79,1,0.53,8.0,0,0.3,1,0.66,0.09,0.83,0
987,247,3.9959514170040484,920,82,1,1.58,0.0,0,6.4,0,0.8,0.08,0.87,0
521,121,4.305785123966942,40,154,1,2.17,59.0,1,6.2,1,0.43,0.68,0.35,1
39139,67885,0.5765485747956102,199,60,1,9.43,307.0,5,22.5,0,0.76,0.39,0.15,1
644,1077,0.5979572887650882,1252,57,1,0.31,8.0,0,2.9,0,0.66,0.2,0.6,0
60,3106,0.019317450096587252,24,119,0,12.01,8.0,0,25.1,1,0.76,0.79,0.19,1
10442,17168,0.608224603914259,193,68,1,12.15,97.0,3,16.2,0,0.64,0.39,0.19,1
36,138,0.2608695652173913,3892,89,1,1.75,10.799999999999999,0,6.8,1,0.57,0.14,0.82,0
84,278,0.302158273381295,2286,53,1,0.6,7.0,0,3.6,0,0.68,0.02,0.75,0
218,10,21.8,1241,0,1,0.96,7.0,0,0.4,0,0.73,0.12,0.71,0
65,2183,0.02977553825011452,19,0,0,42.21,0.0,0,19.9,1,0.87,0.86,0.14,1
46,4256,0.010808270676691729,75,0,0,12.44,0.0,0,22.5,1,0.99,0.99,0.04,1
27,26,1.0384615384615385,561,78,1,0.03,8.1,0,4.6,0,0.48,0.07,0.86,0
4192,447,9.37807606263982,81,99,1,4.44,59.0,2,2.3,1,0.55,0.59,0.28,1
74,3721,0.019887127116366567,161,158,0,12.81,5.0,0,25.9,1,0.72,0.53,0.13,1
21,40,0.525,679,95,1,2.96,3.0,0,3.3,0,0.83,0.05,0.87,0
1232,6,205.33333333333334,1678,106,1,0.58,9.0,1,3.2,0,0.86,0.24,0.57,0
40019,89,449.65168539325845,2903,58,1,0.28,46.0,3,2.7,0,0.33,0.13,0.67,0
24,152,0.15789473684210525,3467,117,0,2.28,7.199999999999999,0,4.0,1,0.77,0.13,0.92,0
3903,75,52.04,2736,96,1,0.21,29.0,1,6.5,0,0.62,0.15,0.87,0
82,2337,0.03508771929824561,73,5,1,21.49,0.0,0,24.4,0,0.97,1.0,0.02,1
40,22,1.8181818181818181,2450,59,1,0.63,1.0,0,2.5,0,0.53,0.09,0.62,0
2681,120,22.341666666666665,1397,106,1,0.21,18.0,0,7.0,1,0.87,0.13,0.92,0
2222,76,29.236842105263158,81,77,1,2.61,31.0,0,9.7,1,0.45,0.68,0.38,1
62,2108,0.029411764705882353,22,0,0,45.44,2.0,0,17.2,0,0.93,0.66,0.09,1
475,123,3.861788617886179,2470,85,1,0.53,64.0,8,6.8,0,0.69,0.12,0.64,0
39852,34417,1.1579161460905947,404,99,1,12.35,343.0,11,24.1,0,0.88,0.69,0.32,1
21,159,0.1320754716981132,2599,53,1,0.32,0.0,0,7.0,1,0.49,0.18,0.81,0
221,47,4.702127659574468,1717,86,1,2.36,31.0,1,2.7,0,0.33,0.12,0.56,0
494,4076,0.1211972522080471,163,146,1,15.86,2.0,0,24.7,0,0.71,0.54,0.12,1
987,648,1.5231481481481481,1863,30,1,0.07,1.0,0,2.6,0,0.8,0.1,0.93,0
9,117,0.07692307692307693,3460,45,1,1.17,2.0,0,3.1,1,0.84,0.09,0.61,0
74,5397,0.013711321104317213,12,15,0,34.64,1.0,0,17.7,0,0.99,0.6,0.14,1
1496,79,18.936708860759495,2288,74,0,0.48,15.0,1,3.7,0,0.73,0.01,0.93,0
461,39,11.820512820512821,1589,118,0,2.99,1.0,0,6.0,0,0.79,0.21,0.72,0
32790,61628,0.532063347828909,311,58,1,9.47,67.0,2,23.1,1,0.67,0.65,0.26,1
341,4048,0.08423913043478261,188,148,0,25.52,0.0,0,21.2,1,0.96,0.51,0.25,1
275,32,8.59375,3156,11,1,0.39,12.0,1,6.1,1,0.55,0.14,0.78,0
42,68,0.6176470588235294,1591,132,1,0.99,7.0,0,1.7,0,0.61,0.0,0.86,0
183,2,91.5,3103,125,1,0.05,12.0,0,6.2,0,0.39,0.01,0.81,0
135,14,9.642857142857142,1570,52,1,0.26,20.0,2,0.3,0,0.84,0.07,0.86,0
25,185,0.13513513513513514,2350,4,1,0.38,7.5,1,5.8,1,0.69,0.06,0.77,0
3536,302,11.708609271523178,39,119,1,3.4,25.0,0,7.4,0,0.38,0.6,0.28,1
13,3792,0.003428270042194093,110,0,0,26.46,1.0,0,23.6,1,0.93,0.74,0.17,1
18,8,2.25,1851,64,1,0.82,5.3999999999999995,0,2.2,1,0.91,0.22,0.54,0
103,1876,0.05490405117270789,3916,69,1,1.49,30.9,4,6.6,1,0.95,0.06,0.83,0
62,7420,0.008355795148247979,100,15,0,43.57,1.0,0,23.5,1,0.98,0.88,0.03,1
306,3153,0.09705042816365367,38,131,1,13.89,6.0,0,24.1,0,0.92,0.52,0.05,1
305,7,43.57142857142857,1555,10,1,0.06,54.0,5,4.6,0,0.57,0.2,0.63,0
413,532,0.7763157894736842,2843,116,1,0.09,83.0,11,4.4,0,0.32,0.24,0.75,0
75025,78912,0.950742599351176,199,52,1,9.47,263.0,9,11.7,0,0.76,0.3,0.33,1
1613,46,35.06521739130435,189,130,1,0.8,101.0,4,5.5,1,0.59,0.08,0.71,0
3232,591,5.468697123519458,288,94,1,0.99,27.0,1,0.3,1,0.42,0.08,0.69,0
121,497,0.24346076458752516,995,54,1,0.94,25.0,3,1.9,1,0.5,0.15,0.58,0
632,141,4.4822695035460995,2797,26,1,1.08,2.0,0,2.3,0,0.66,0.2,0.6,0
86,6237,0.013788680455347122,73,0,0,19.13,1.0,0,15.4,0,0.91,0.75,0.19,1
64,4372,0.01463860933211345,110,0,0,32.47,2.0,0,18.4,0,0.92,0.69,0.08,1
449,2616,0.17163608562691132,100,155,1,24.99,9.0,0,25.7,1,0.73,0.83,0.25,1
119,111,1.072072072072072,2994,78,1,2.01,1.0,0,7.5,0,0.93,0.18,0.87,0
2866,43,66.65116279069767,1980,57,1,0.09,3.0,0,4.0,0,0.68,0.1,0.61,0
433,3214,0.13472308649657747,184,148,0,12.83,8.0,0,26.6,0,0.86,0.7,0.1,1
84,1443,0.058212058212058215,51,132,1,20.16,5.0,0,25.0,1,0.93,0.87,0.12,1
770,371,2.0754716981132075,718,75,1,0.49,15.0,0,1.3,1,0.73,0.14,0.55,0
27,4418,0.0061113626075147125,119,14,0,40.36,0.0,0,18.8,1,0.98,0.98,0.08,1
371,30,12.366666666666667,893,75,1,1.53,111.3,12,0.3,1,0.87,0.0,0.75,0
8,68,0.11764705882352941,1331,98,1,0.81,2.4,0,7.3,0,0.41,0.06,0.74,0
38,6046,0.00628514720476348,51,0,1,19.48,1.0,0,27.5,1,0.93,0.9,0.13,1
421,169,2.4911242603550297,3114,80,1,0.09,11.0,0,3.8,0,0.74,0.04,0.6,0
240,39,6.153846153846154,3199,154,0,0.79,72.0,2,3.5,0,0.76,0.22,0.58,0
70,6905,0.010137581462708182,115,9,0,13.63,0.0,0,29.8,1,0.89,0.63,0.11,1
7859,38217,0.2056414684564461,207,45,1,12.58,44.0,1,22.5,0,0.81,0.54,0.22,1
699,408,1.713235294117647,50,88,1,4.68,6.0,0,4.2,1,0.65,0.59,0.38,1
470,68,6.911764705882353,389,101,1,0.16,19.0,1,5.7,1,0.83,0.18,0.83,0
82489,52724,1.5645436613307033,364,65,1,7.89,107.0,0,12.6,1,0.77,0.46,0.35,1
2478,253,9.794466403162055,46,77,1,3.51,81.0,3,8.7,1,0.31,0.69,0.23,1
234,32,7.3125,1982,72,1,0.56,36.0,2,2.8,0,0.79,0.21,0.94,0
138,1204,0.11461794019933555,27,125,0,25.53,2.0,0,26.6,1,0.81,0.89,0.15,1
1021,130,7.8538461538461535,484,118,0,1.03,16.0,0,5.6,0,0.75,0.21,0.54,0
48,1920,0.025,31,0,0,20.03,1.0,0,24.4,0,0.96,0.61,0.1,1
97,22,4.409090909090909,2449,82,1,1.75,6.0,0,4.7,0,0.8,0.11,0.71,0
157,1969,0.07973590655154901,55,100,1,27.27,0.0,0,29.6,1,0.75,0.79,0.25,1
110,193,0.5699481865284974,697,49,0,0.16,13.0,0,3.3,0,0.82,0.11,0.58,0
334,263,1.2699619771863118,3377,112,1,1.12,70.0,2,7.0,0,0.32,0.21,0.56,0
74,974,0.07597535934291581,119,6,0,17.93,0.0,0,28.2,0,0.97,0.66,0.12,1
161,206,0.7815533980582524,1625,84,1,1.07,48.3,5,1.3,0,0.45,0.11,0.55,0
155,2917,0.053136784367500856,45,114,0,10.71,6.0,0,22.5,1,0.76,0.6,0.17,1
43,26,1.6538461538461537,3442,37,1,0.48,12.9,0,7.5,0,0.35,0.13,0.6,0
92,3617,0.02543544373790434,100,10,0,15.38,1.0,0,20.8,1,0.96,0.66,0.06,1
81,521,0.15547024952015356,6,13,0,23.35,0.0,0,16.7,1,0.99,0.96,0.15,1
141,1267,0.11128650355169692,135,134,0,12.56,1.0,0,23.6,0,0.93,0.6,0.11,1
34450,76565,0.4499444916084373,395,45,1,10.36,113.0,0,21.8,1,0.65,0.57,0.2,1
159,97,1.6391752577319587,980,65,1,0.13,18.0,1,4.9,0,0.66,0.01,0.82,0
1734,386,4.492227979274611,86,69,1,3.12,6.0,0,8.6,1,0.41,0.53,0.41,1
949,123,7.715447154471545,3762,80,1,0.79,4.0,0,2.2,0,0.76,0.03,0.87,0
47,169,0.2781065088757396,2817,84,1,0.56,14.1,1,4.1,1,0.5,0.2,0.89,0
834,12,69.5,960,13,1,0.58,62.0,6,7.7,0,0.77,0.12,0.68,0
118,1270,0.09291338582677165,685,89,1,0.12,5.0,0,6.4,1,0.48,0.21,0.57,0
1223,370,3.3054054054054056,2755,50,1,0.53,5.0,0,3.5,1,0.49,0.05,0.62,0
5980,202,29.603960396039604,3890,71,1,1.89,2.0,0,4.8,0,0.84,0.03,0.86,0
2882,299,9.638795986622073,86,99,1,3.48,84.0,3,6.0,0,0.39,0.73,0.28,1
14,165,0.08484848484848485,1616,6,1,2.07,2.0,0,3.9,0,0.88,0.03,0.61,0
767,90,8.522222222222222,1860,79,1,0.13,79.0,2,1.6,0,0.72,0.18,0.78,0
5,7,0.7142857142857143,432,56,1,2.36,1.5,0,7.6,0,0.49,0.02,0.73,0
35,9,3.888888888888889,1791,104,1,0.75,9.0,0,6.6,0,0.83,0.0,0.79,0
2661,123,21.634146341463413,948,153,1,1.21,7.0,0,1.7,0,0.57,0.23,0.9,0
105,11,9.545454545454545,1273,101,1,1.39,1.0,0,0.6,1,0.94,0.15,0.82,0
222,692,0.3208092485549133,1485,123,1,0.5,32.0,0,4.8,0,0.58,0.11,0.78,0
129,1463,0.08817498291182502,146,150,0,27.82,8.0,0,27.8,1,0.96,0.57,0.23,1
337,1443,0.23354123354123354,137,154,0,19.99,3.0,0,25.6,0,0.7,0.87,0.25,1
3085,7,440.7142857142857,1609,51,0,1.11,7.0,0,6.1,0,0.31,0.09,0.77,0
488,4298,0.11354118194509075,154,110,1,14.49,4.0,0,20.3,1,0.87,0.64,0.19,1
24,360,0.06666666666666667,1527,68,1,0.97,7.199999999999999,1,3.5,0,0.85,0.2,0.83,0
2623,496,5.288306451612903,17,123,1,3.71,34.0,1,4.8,0,0.68,0.64,0.43,1
192,1328,0.14457831325301204,92,150,1,26.51,1.0,0,21.3,0,0.88,0.82,0.25,1
63170,66052,0.9563677102888634,417,50,1,11.12,485.0,18,12.5,1,0.93,0.44,0.31,1
18,122,0.14754098360655737,1527,130,1,2.41,5.3999999999999995,0,0.1,1,0.68,0.03,0.52,0
16503,48891,0.33754678775234703,161,53,1,8.65,149.0,1,20.2,1,0.66,0.65,0.25,1
20651,80381,0.2569139473258606,100,71,1,12.58,47.0,0,18.6,1,0.75,0.54,0.23,1
94,6979,0.013468978363662416,41,9,0,43.4,0.0,0,22.4,0,0.99,0.87,0.11,1
2364,198,11.93939393939394,9,99,1,1.32,39.0,0,4.7,0,0.56,0.55,0.32,1
484,4274,0.11324286382779597,79,135,1,16.32,6.0,0,27.1,1,0.96,0.61,0.28,1
38,3856,0.009854771784232365,28,0,0,27.28,2.0,0,28.2,1,0.87,0.67,0.1,1
77167,37388,2.0639510003209587,308,48,1,13.01,493.0,0,13.7,0,0.91,0.53,0.25,1
77,1646,0.04678007290400972,27,7,0,39.27,1.0,0,18.4,1,0.89,0.64,0.08,1
82,897,0.09141583054626533,104,0,0,46.98,2.0,0,29.0,0,0.92,0.78,0.11,1
37,6,6.166666666666667,2644,54,1,0.25,11.1,0,6.3,0,0.54,0.19,0.9,0
2,56,0.03571428571428571,2758,40,1,0.23,0.6,0,0.6,1,0.72,0.19,0.64,0
7221,2,3610.5,3876,86,1,0.76,41.0,1,5.7,0,0.84,0.24,0.69,0
5196,548,9.481751824817518,786,52,1,0.49,4.0,0,6.3,1,0.93,0.03,0.85,0
984,53,18.566037735849058,463,35,0,3.39,2.0,0,5.0,0,0.4,0.04,0.95,0
60,43,1.3953488372093024,3091,160,1,0.94,18.0,1,2.6,1,0.9,0.07,0.7,0
45,1587,0.02835538752362949,16,14,0,39.57,1.0,0,29.9,0,0.9,0.7,0.2,1
203,417,0.486810551558753,3846,143,1,2.33,29.0,3,2.4,1,0.41,0.03,0.56,0
43,546,0.07875457875457875,2373,95,1,0.33,12.9,0,1.9,0,0.32,0.05,0.64,0
219,4316,0.05074142724745134,169,107,0,19.1,5.0,0,20.9,1,0.91,0.52,0.12,1
22,4038,0.005448241703813769,2,15,0,46.91,2.0,0,23.2,1,0.97,1.0,0.05,1
11,6545,0.0016806722689075631,87,0,0,43.79,2.0,0,24.0,1,0.91,0.62,0.03,1
6,162,0.037037037037037035,1058,94,1,1.42,1.7999999999999998,0,5.3,1,0.54,0.23,0.89,0
3260,260,12.538461538461538,50,93,1,4.9,21.0,0,8.9,0,0.57,0.68,0.45,1
97,2650,0.03660377358490566,50,122,1,25.22,0.0,0,23.4,1,0.98,0.77,0.24,1
3011,119,25.30252100840336,33,83,1,2.88,81.0,1,8.6,0,0.37,0.62,0.4,1
15,452,0.033185840707964605,1843,55,1,0.02,4.5,0,5.3,1,0.92,0.11,0.69,0
296,2867,0.10324380885943495,108,159,0,12.71,5.0,0,20.0,0,0.82,0.57,0.23,1
15,55,0.2727272727272727,2367,39,1,2.89,4.5,0,3.8,0,0.67,0.03,0.75,0
110,24,4.583333333333333,2249,42,1,0.38,4.0,0,6.2,0,0.54,0.14,0.7,0
17395,126,138.05555555555554,1335,82,0,0.97,57.0,2,3.2,1,0.52,0.19,0.76,0
78,110,0.7090909090909091,1266,66,1,0.13,23.4,0,1.7,1,0.5,0.13,0.76,0
1030,600,1.7166666666666666,347,65,1,0.88,33.0,2,3.5,1,0.56,0.19,0.91,0
54227,9354,5.797199059225999,473,50,1,13.97,451.0,5,16.2,1,0.62,0.68,0.3,1
76,6344,0.01197982345523329,100,0,0,30.88,0.0,0,20.1,1,0.9,0.71,0.14,1
213,130,1.6384615384615384,759,47,1,0.03,3.0,0,6.1,0,0.52,0.21,0.55,0
141,525,0.26857142857142857,874,83,1,1.22,13.0,0,7.5,0,0.67,0.19,0.87,0
291,3138,0.09273422562141491,48,140,1,5.53,4.0,0,25.4,0,0.78,0.72,0.18,1
231,195,1.1846153846153846,885,75,1,2.09,0.0,0,5.6,0,0.4,0.22,0.69,0
151,1374,0.1098981077147016,60,102,1,8.91,1.0,0,22.5,1,0.97,0.73,0.16,1
866,105,8.247619047619047,13,67,1,1.06,20.0,0,3.5,0,0.41,0.45,0.23,1
10,225,0.044444444444444446,2309,31,1,0.61,3.0,0,4.4,1,0.51,0.05,0.94,0
136,109,1.2477064220183487,329,123,1,1.9,18.0,2,6.3,0,0.5,0.13,0.73,0
478,4275,0.11181286549707602,88,137,1,18.78,2.0,0,22.8,1,0.74,0.64,0.17,1
54,206,0.2621359223300971,3710,101,1,0.94,16.2,1,6.6,0,0.68,0.16,0.91,0
5,192,0.026041666666666668,2730,100,1,0.38,0.0,0,7.1,1,0.91,0.13,0.82,0
243,95,2.557894736842105,547,100,1,1.67,6.0,0,3.3,1,0.49,0.08,0.9,0
1884,157,12.0,336,73,1,0.09,27.0,3,4.6,0,0.35,0.15,0.51,0
1055,29,36.37931034482759,2158,42,1,0.29,1.0,0,7.8,0,0.32,0.22,0.85,0
4136,248,16.677419354838708,48,87,1,2.95,15.0,0,9.3,1,0.59,0.72,0.36,1
48749,31069,1.5690559721909298,185,81,1,10.51,305.0,5,19.8,1,0.87,0.6,0.13,1
6,288,0.020833333333333332,3224,98,1,0.27,1.7999999999999998,0,1.5,1,0.42,0.17,0.81,0
274,89,3.0786516853932584,575,95,1,1.04,66.0,8,6.9,1,0.43,0.0,0.56,0
1869,20,93.45,362,128,1,1.27,4.0,0,4.7,0,0.61,0.15,0.71,0
1043,199,5.241206030150754,86,70,1,3.33,51.0,0,3.2,1,0.65,0.45,0.38,1
48,7012,0.0068454078722190535,58,7,0,47.48,0.0,0,17.3,1,0.87,0.63,0.06,1
92602,42225,2.193060982830077,61,74,1,13.42,906.0,28,15.5,1,0.89,0.64,0.14,1
29,3889,0.007456929802005657,102,12,0,33.17,1.0,0,28.1,1,0.87,1.0,0.17,1
570,2,285.0,796,119,1,0.13,19.0,0,2.1,0,0.57,0.17,0.53,0
74,7134,0.010372862349313148,19,0,1,41.93,1.0,0,22.8,1,0.97,0.94,0.19,1
195,17,11.470588235294118,2266,75,1,1.55,3.0,0,0.7,1,0.87,0.03,0.82,0
259,2912,0.0889423076923077,66,154,0,5.47,6.0,0,20.7,0,0.87,0.85,0.21,1
316,110,2.8727272727272726,2406,123,1,0.38,9.0,0,2.4,0,0.35,0.05,0.65,0
15071,51,295.5098039215686,1555,86,1,0.84,67.0,4,0.6,0,0.49,0.21,0.77,0
56,143,0.3916083916083916,3202,78,1,2.52,6.0,0,1.3,0,0.56,0.12,0.59,0
361,1638,0.22039072039072038,50,154,1,29.64,0.0,0,25.0,1,0.79,0.9,0.3,1
238,25,9.52,539,93,1,0.06,7.0,0,3.9,0,0.69,0.17,0.95,0
969,90,10.766666666666667,1176,90,1,1.03,47.0,1,8.0,0,0.49,0.06,0.67,0
27,4468,0.006042972247090421,105,0,0,39.35,2.0,0,24.7,0,0.94,1.0,0.17,1
72008,68260,1.0549077058306475,120,99,1,10.89,653.0,0,17.6,0,0.7,0.47,0.22,1
1013,40,25.325,1523,107,1,1.22,36.0,2,4.1,0,0.41,0.07,0.79,0
2037,15,135.8,3812,0,1,0.09,1.0,0,7.4,0,0.31,0.05,0.81,0
66828,79414,0.8415140907144836,267,68,1,13.56,363.0,6,15.3,0,0.88,0.32,0.39,1
177,182,0.9725274725274725,1341,45,1,0.98,6.0,0,1.3,1,0.89,0.06,0.65,0
391,3894,0.10041088854648177,41,125,1,17.71,4.0,0,25.0,0,0.94,0.66,0.19,1
103,162,0.6358024691358025,3166,102,0,0.4,30.9,1,5.4,0,0.67,0.05,0.73,0
688,20,34.4,3132,30,1,0.08,25.0,3,6.9,1,0.41,0.15,0.6,0
101,75,1.3466666666666667,273,69,1,1.19,8.0,0,4.9,0,0.48,0.22,0.68,0
3,258,0.011627906976744186,1822,103,1,3.52,0.8999999999999999,0,1.3,1,0.77,0.01,0.72,0
531,123,4.317073170731708,3171,94,1,0.88,5.0,0,4.6,0,0.71,0.07,0.58,0
20,12,1.6666666666666667,2051,80,1,0.18,6.0,0,3.4,0,0.57,0.03,0.58,0
17,18,0.9444444444444444,1403,93,1,0.81,5.0,0,0.6,0,0.42,0.21,0.75,0
83,6514,0.012741786920478969,106,0,1,14.16,1.0,0,21.4,1,0.98,0.71,0.13,1
131,29,4.517241379310345,3653,74,1,0.86,39.3,4,3.0,0,0.93,0.05,0.74,0
391,25,15.64,583,42,1,2.2,51.0,1,3.5,1,0.61,0.13,0.64,0
27,5425,0.004976958525345622,104,0,1,10.35,0.0,0,16.1,1,0.9,0.78,0.1,1
103,40,2.575,3254,34,1,0.19,15.0,0,1.9,0,0.51,0.04,0.7,0
30,1236,0.024271844660194174,2860,103,1,0.45,9.0,0,7.4,0,0.43,0.23,0.91,0
481,31,15.516129032258064,527,57,1,0.74,12.0,1,3.2,0,0.45,0.11,0.93,0
76,6816,0.011150234741784037,31,5,0,27.32,2.0,0,21.5,1,0.86,0.66,0.07,1
326,40,8.15,3667,139,1,0.96,27.0,0,6.1,1,0.6,0.04,0.87,0
98,6039,0.016227852293426066,69,0,1,48.49,2.0,0,24.7,1,0.95,0.88,0.13,1
28,687,0.040756914119359534,3177,103,1,2.77,2.0,0,0.7,1,0.38,0.04,0.65,0
1575,350,4.5,212,86,1,1.92,3.0,0,2.1,0,0.85,0.23,0.55,0
10,258,0.03875968992248062,1341,58,1,0.15,3.0,0,1.0,0,0.63,0.17,0.78,0
44,226,0.19469026548672566,2264,64,0,0.13,2.0,0,4.7,1,0.51,0.14,0.58,0
8,28,0.2857142857142857,2640,69,1,1.01,2.4,0,0.2,1,0.45,0.17,0.51,0
36,30,1.2,3302,20,1,0.07,4.0,0,6.0,1,0.62,0.11,0.65,0
906,44,20.59090909090909,3514,56,1,0.98,37.0,4,1.7,0,0.57,0.05,0.74,0
44,2532,0.017377567140600316,42,16,0,44.91,2.0,0,28.8,0,0.89,0.79,0.11,1
92,67,1.373134328358209,3793,39,0,0.09,7.0,0,5.0,1,0.52,0.04,0.77,0
279,4749,0.058749210360075806,34,100,1,24.12,6.0,0,29.6,1,0.75,0.78,0.25,1
274,4712,0.058149405772495756,198,101,1,23.8,0.0,0,29.4,1,0.97,0.58,0.25,1
0,31,0.0,1446,50,1,1.04,0.0,0,7.4,1,0.47,0.02,0.86,0
26,339,0.07669616519174041,2678,49,1,0.41,7.8,1,2.6,1,0.54,0.17,0.81,0
360,287,1.254355400696864,1991,79,1,0.15,3.0,0,3.2,0,0.71,0.01,0.67,0
81,1899,0.04265402843601896,70,0,0,27.04,2.0,0,16.5,1,0.91,0.99,0.16,1
83948,37797,2.221022832499934,150,97,1,12.13,693.0,7,13.3,1,0.75,0.33,0.13,1
804,405,1.9851851851851852,40,140,1,4.5,99.0,3,2.5,1,0.62,0.43,0.29,1
506,85,5.952941176470588,1124,66,1,0.49,147.0,4,6.4,1,0.77,0.02,0.93,0
457,72,6.347222222222222,2431,116,1,0.26,1.0,0,7.7,1,0.77,0.15,0.81,0
370,4859,0.07614735542292653,73,144,0,18.57,8.0,0,25.4,0,0.88,0.83,0.17,1
1311,52,25.21153846153846,1017,106,1,0.28,41.0,3,0.7,1,0.37,0.05,0.73,0
107,1516,0.07058047493403694,691,40,1,0.69,3.0,0,4.8,0,0.86,0.22,0.89,0
88,1679,0.052412150089338895,74,17,0,43.33,0.0,0,16.1,0,0.86,0.72,0.09,1
208,18,11.555555555555555,3609,79,1,1.85,2.0,0,0.2,1,0.68,0.03,0.57,0
3,3303,0.0009082652134423251,47,0,0,25.86,0.0,0,18.2,1,0.91,0.64,0.17,1
116,2135,0.054332552693208434,186,136,0,5.57,9.0,0,26.3,0,0.75,0.7,0.26,1
38,3953,0.009612952188211486,12,0,0,26.17,0.0,0,18.5,0,0.96,0.62,0.1,1
0,3584,0.0,53,19,1,21.0,0.0,0,21.0,1,0.89,0.71,0.05,1
6,14,0.42857142857142855,1385,19,1,0.3,1.7999999999999998,0,3.3,0,0.67,0.25,0.61,0
3711,115,32.2695652173913,7,61,1,1.26,64.0,1,5.9,1,0.7,0.51,0.42,1
231,2278,0.10140474100087796,164,124,0,25.81,8.0,0,28.6,1,0.84,0.76,0.13,1
35100,78438,0.4474871873326704,66,56,1,13.75,118.0,5,20.0,1,0.73,0.46,0.32,1
21,27,0.7777777777777778,3186,75,1,0.66,5.0,0,2.8,0,0.68,0.14,0.79,0
440,11,40.0,2099,33,1,0.25,15.0,1,3.0,0,0.36,0.05,0.59,0
384,1909,0.20115243583027764,100,148,0,18.93,4.0,0,26.3,0,0.84,0.57,0.16,1
0,2956,0.0,95,19,0,13.93,0.0,0,22.5,0,0.92,0.68,0.06,1
31,64,0.484375,608,82,1,1.01,9.299999999999999,1,2.1,1,0.3,0.09,0.61,0
15035,38030,0.3953457796476466,195,55,1,6.95,119.0,0,12.6,0,0.9,0.64,0.25,1
10,1918,0.005213764337851929,119,0,0,16.61,2.0,0,19.0,0,1.0,0.93,0.19,1
440,106,4.150943396226415,2651,82,1,0.01,3.0,0,6.5,0,0.76,0.25,0.54,0
731,55,13.290909090909091,37,146,1,1.92,70.0,0,5.8,1,0.6,0.47,0.27,1
511,65,7.861538461538461,1053,42,1,1.51,30.0,3,0.8,0,0.32,0.12,0.8,0
73,1479,0.04935767410412441,99,0,0,42.86,2.0,0,26.4,1,0.89,0.85,0.03,1
154,9,17.11111111111111,3417,89,0,0.55,46.199999999999996,6,3.6,1,0.9,0.1,0.73,0
305,1241,0.24576954069298954,21,118,0,5.51,6.0,0,21.8,1,0.97,0.67,0.06,1
25830,72147,0.3580190444509127,292,78,1,8.65,189.0,7,10.5,1,0.61,0.66,0.32,1
281,349,0.8051575931232091,3841,88,1,1.09,10.0,1,4.4,0,0.65,0.15,0.7,0
377,2131,0.17691224777099954,51,151,1,27.94,3.0,0,20.1,1,0.87,0.64,0.29,1
9,41,0.21951219512195122,1427,79,1,0.63,2.6999999999999997,0,0.0,1,0.69,0.18,0.87,0
82,962,0.08523908523908524,76,6,1,18.81,2.0,0,16.5,0,0.97,0.6,0.18,1
44,4614,0.00953619419159081,3127,124,1,0.09,3.0,0,1.0,1,0.65,0.17,0.56,0
35,1401,0.024982155603140613,37,16,0,31.77,0.0,0,20.2,1,0.86,0.82,0.07,1
303,75,4.04,497,86,0,0.51,13.0,0,1.6,0,0.89,0.15,0.84,0
2,61,0.03278688524590164,856,74,1,1.01,0.6,0,7.5,0,0.88,0.04,0.78,0
31,1181,0.026248941574936496,107,7,0,12.48,2.0,0,15.9,1,0.87,0.73,0.09,1
52113,79634,0.6544064093226512,396,70,1,5.64,215.0,0,12.5,1,0.6,0.33,0.33,1
57,307,0.18566775244299674,793,83,1,0.91,4.0,0,4.9,0,0.55,0.23,0.52,0
99,20,4.95,3784,148,1,0.11,12.0,0,5.7,0,0.41,0.1,0.54,0
1686,112,15.053571428571429,28,156,1,2.66,93.0,2,2.8,1,0.61,0.44,0.26,1
264,1238,0.21324717285945072,121,108,1,24.38,0.0,0,24.3,0,0.92,0.71,0.11,1
50,2313,0.021616947686986597,74,13,0,33.01,1.0,0,16.8,1,0.87,0.86,0.18,1
3916,214,18.299065420560748,56,102,1,1.39,81.0,0,3.5,1,0.48,0.68,0.48,1
2050,404,5.074257425742574,22,84,1,3.27,5.0,0,2.1,1,0.36,0.49,0.36,1
515,1360,0.3786764705882353,3460,87,1,0.1,7.0,0,3.5,0,0.39,0.16,0.67,0
60,1672,0.03588516746411483,31,18,0,44.23,2.0,0,16.8,1,0.99,0.95,0.01,1
16231,32692,0.4964823198335984,489,50,1,7.95,57.0,2,17.0,1,0.66,0.5,0.19,1
654,141,4.638297872340425,2612,60,1,0.13,15.0,1,4.1,0,0.33,0.02,0.82,0
766,170,4.5058823529411764,80,107,1,3.36,88.0,4,5.2,1,0.49,0.44,0.5,1
16,425,0.03764705882352941,796,75,1,0.67,4.8,0,0.5,0,0.54,0.17,0.78,0
71151,76504,0.9300298023632751,462,79,1,7.22,577.0,14,20.4,0,0.8,0.44,0.38,1
551,135,4.0814814814814815,1743,97,1,0.25,26.0,2,3.5,1,0.61,0.16,0.51,0
171,780,0.21923076923076923,679,98,1,1.45,2.0,0,6.4,0,0.81,0.09,0.58,0
3459,805,4.296894409937888,3194,75,1,0.07,26.0,1,3.3,0,0.63,0.18,0.51,0
23,40,0.575,2430,54,1,0.85,3.0,0,1.4,1,0.93,0.1,0.77,0
1,1414,0.0007072135785007072,21,18,0,27.87,1.0,0,24.7,1,0.96,0.6,0.17,1
112,2501,0.044782087165133946,99,113,1,10.53,1.0,0,29.8,1,0.9,0.74,0.13,1
9,36,0.25,1044,41,1,0.37,2.6999999999999997,0,3.7,0,0.39,0.18,0.9,0
16,7372,0.002170374389582203,14,0,0,13.57,0.0,0,19.9,1,0.89,0.99,0.12,1
2717,230,11.81304347826087,3576,21,1,0.33,4.0,0,6.4,0,0.57,0.06,0.55,0
55,232,0.23706896551724138,924,127,1,0.69,12.0,0,0.3,1,0.84,0.03,0.52,0
23,448,0.05133928571428571,1530,68,1,0.06,6.8999999999999995,0,5.8,0,0.66,0.18,0.64,0
2058,38,54.1578947368421,1488,44,1,2.23,25.0,3,7.1,0,0.83,0.02,0.65,0
18,337,0.05341246290801187,3778,118,1,0.08,5.3999999999999995,0,0.1,0,0.43,0.16,0.94,0
2713,250,10.852,46,138,1,1.07,92.0,2,7.7,1,0.65,0.78,0.27,1
325,1195,0.2719665271966527,18,129,0,16.12,4.0,0,20.1,1,0.91,0.57,0.22,1
1267,355,3.5690140845070424,6,97,1,1.32,39.0,0,5.0,1,0.45,0.57,0.39,1
94,7111,0.013218956546196035,26,0,1,19.25,1.0,0,18.6,1,0.97,0.9,0.02,1
53603,90218,0.5941497262187146,310,65,1,9.11,493.0,23,13.7,1,0.84,0.4,0.13,1
129,255,0.5058823529411764,2757,102,1,0.66,21.0,2,6.0,1,0.37,0.02,0.67,0
541,2224,0.24325539568345322,1021,55,1,0.51,59.0,6,7.4,1,0.56,0.02,0.84,0
700,194,3.6082474226804124,1704,114,1,0.27,9.0,0,5.4,0,0.41,0.08,0.9,0
2752,452,6.088495575221239,26,93,1,4.52,51.0,1,6.7,1,0.53,0.66,0.38,1
69,255,0.27058823529411763,2120,82,1,0.07,1.0,0,4.7,0,0.32,0.21,0.86,0
4698,173,27.15606936416185,1052,46,1,0.06,28.0,0,2.1,0,0.86,0.18,0.83,0
7,4816,0.0014534883720930232,1,0,0,21.97,1.0,0,26.5,0,0.89,0.71,0.11,1
276,282,0.9787234042553191,3701,117,1,0.07,17.0,2,1.3,1,0.41,0.08,0.63,0
3111,1102,2.823049001814882,227,85,1,2.16,11.0,1,0.2,1,0.77,0.14,0.56,0
229,3032,0.07552770448548812,118,103,0,24.65,4.0,0,25.5,0,0.71,0.7,0.16,1
4958,435,11.397701149425288,23,101,1,1.36,20.0,0,2.4,0,0.56,0.61,0.48,1
62,3550,0.017464788732394366,31,0,0,19.9,1.0,0,18.9,0,1.0,0.89,0.12,1
8,251,0.03187250996015936,275,100,0,0.31,2.0,0,3.2,1,0.63,0.11,0.91,0
9,73,0.1232876712328767,2230,117,1,0.01,2.6999999999999997,0,1.0,1,0.53,0.09,0.53,0
14,243,0.05761316872427984,1536,18,1,1.62,4.2,0,5.3,0,0.48,0.07,0.74,0
705,27,26.11111111111111,3513,64,1,0.09,8.0,0,4.3,0,0.56,0.06,0.58,0
767,16,47.9375,2501,73,1,0.68,62.0,8,0.1,1,0.51,0.19,0.65,0
14,953,0.014690451206715634,2207,66,1,0.49,4.2,0,0.4,1,0.82,0.23,0.57,0
359,70,5.128571428571429,3254,35,1,1.7,7.0,0,4.0,1,0.57,0.1,0.66,0
62,305,0.20327868852459016,1680,111,1,0.3,6.0,0,4.5,0,0.65,0.05,0.69,0
173,4673,0.037021185533918255,80,108,1,21.14,1.0,0,20.9,1,0.83,0.53,0.15,1
829,25,33.16,1477,22,1,2.0,1.0,0,3.8,0,0.72,0.02,0.54,0
287,12,23.916666666666668,433,59,1,0.91,5.0,0,7.5,1,0.54,0.08,0.61,0
822,68,12.088235294117647,927,103,1,0.57,33.0,4,3.0,1,0.8,0.14,0.87,0
37713,36,1047.5833333333333,3682,73,1,0.71,97.0,8,1.5,0,0.46,0.23,0.65,0
24,17,1.411764705882353,2196,90,1,0.47,7.199999999999999,0,4.9,1,0.57,0.18,0.94,0
142,1123,0.12644701691896706,1944,59,1,0.01,42.6,1,3.9,0,0.48,0.13,0.66,0
258,689,0.37445573294629897,3010,43,1,0.28,77.39999999999999,7,6.0,0,0.5,0.11,0.87,0
402,247,1.6275303643724697,1640,108,1,0.37,19.0,2,3.4,0,0.64,0.19,0.54,0
31,43,0.7209302325581395,1895,121,0,0.36,2.0,0,7.2,1,0.92,0.17,0.92,0
1962,15,130.8,2261,85,1,1.03,32.0,1,2.2,0,0.31,0.24,0.74,0
29661,67009,0.44264203315972483,153,31,1,12.78,258.0,4,23.2,1,0.61,0.6,0.35,1
68,156,0.4358974358974359,3160,44,1,0.47,20.4,0,7.3,0,0.87,0.21,0.54,0
8,690,0.011594202898550725,14,10,0,21.97,0.0,0,24.8,0,1.0,0.96,0.05,1
3,5629,0.0005329543435779002,46,14,1,40.22,2.0,0,20.8,0,0.98,0.77,0.19,1
266,33,8.06060606060606,2330,89,1,0.46,55.0,4,7.6,1,0.59,0.16,0.69,0
58,2716,0.021354933726067747,127,122,1,9.8,3.0,0,27.2,0,0.98,0.69,0.22,1
4,149,0.026845637583892617,1028,23,1,0.61,1.2,0,5.9,1,0.7,0.11,0.68,0
29,5501,0.00527176876931467,7,18,0,32.05,0.0,0,17.0,1,0.89,0.77,0.11,1
4220,393,10.73791348600509,40,147,1,1.99,7.0,0,5.5,0,0.67,0.63,0.27,1
2889,32,90.28125,3699,57,1,0.94,1.0,0,5.1,0,0.66,0.02,0.83,0
437,18,24.27777777777778,2061,33,0,0.57,3.0,0,7.6,0,0.92,0.03,0.88,0
1253,72,17.40277777777778,1472,106,1,1.19,81.0,2,5.8,0,0.92,0.2,0.74,0
122,289,0.42214532871972316,841,85,1,0.03,2.0,0,6.7,0,0.53,0.22,0.53,0
419,143,2.93006993006993,802,67,1,1.0,125.69999999999999,2,1.4,0,0.91,0.09,0.78,0
429,2030,0.21133004926108373,63,104,1,14.15,3.0,0,24.6,1,0.95,0.54,0.18,1
3891,118,32.97457627118644,66,143,1,1.58,48.0,0,8.9,1,0.38,0.58,0.38,1
8865,126,70.35714285714286,349,72,1,1.0,1.0,0,1.3,0,0.49,0.18,0.85,0
1415,680,2.0808823529411766,405,88,1,2.94,83.0,11,6.8,1,0.88,0.02,0.88,0
511,275,1.8581818181818182,2544,102,1,0.45,48.0,7,6.2,0,0.91,0.23,0.87,0
382,353,1.0821529745042493,3542,73,1,0.8,49.0,6,0.6,0,0.37,0.01,0.81,0
27,80,0.3375,2136,44,1,0.14,1.0,0,4.7,0,0.54,0.25,0.76,0
517,6,86.16666666666667,752,60,1,1.01,64.0,8,6.7,0,0.55,0.13,0.85,0
35,6846,0.005112474437627812,22,8,0,17.14,2.0,0,24.8,0,0.9,0.72,0.08,1
317,48,6.604166666666667,931,80,1,0.04,6.0,0,5.3,0,0.95,0.1,0.61,0
15054,33,456.1818181818182,818,84,1,0.58,25.0,1,1.4,1,0.42,0.19,0.66,0
2144,53,40.45283018867924,3250,76,1,0.44,4.0,0,4.8,1,0.57,0.01,0.57,0
10,33,0.30303030303030304,2156,73,1,1.89,3.0,0,4.5,1,0.7,0.14,0.68,0
448,3657,0.12250478534317746,64,102,0,11.39,2.0,0,24.5,0,0.92,0.87,0.1,1
133,137,0.9708029197080292,3096,85,1,0.03,8.0,0,4.9,1,0.9,0.02,0.92,0
32,4987,0.006416683376779627,89,11,0,42.53,2.0,0,21.8,0,0.99,0.8,0.16,1
418,1861,0.2246104245029554,113,131,1,5.13,7.0,0,24.0,1,0.79,0.58,0.26,1
606,25,24.24,1545,84,1,0.1,28.0,1,2.6,0,0.63,0.0,0.67,0
121,4815,0.025129802699896158,40,145,1,19.34,0.0,0,22.1,1,0.83,0.77,0.24,1
123,997,0.12337011033099297,2616,79,1,1.89,27.0,3,7.9,0,0.52,0.06,0.52,0
84,4276,0.019644527595884004,66,0,0,39.73,2.0,0,16.4,0,0.96,0.69,0.06,1
1383,82,16.865853658536587,1539,101,1,1.49,64.0,1,7.4,0,0.91,0.2,0.9,0
65,3959,0.016418287446324828,89,0,0,16.24,0.0,0,23.9,1,0.96,0.71,0.19,1
3,106,0.02830188679245283,1973,67,1,0.11,0.8999999999999999,0,6.2,0,0.45,0.04,0.65,0
62,65,0.9538461538461539,2016,59,1,0.19,0.0,0,6.3,0,0.51,0.17,0.84,0
289,1630,0.17730061349693252,114,102,1,9.28,6.0,0,25.7,0,0.93,0.69,0.17,1
628,294,2.1360544217687076,88,159,1,3.72,20.0,0,2.9,1,0.67,0.75,0.29,1
59,2897,0.02036589575422851,59,0,1,13.12,0.0,0,20.8,1,0.92,0.61,0.18,1
188,69,2.7246376811594204,2331,43,1,0.21,56.4,8,4.0,0,0.62,0.05,0.73,0
49,77,0.6363636363636364,2430,55,0,0.08,14.0,1,0.0,0,0.31,0.19,0.66,0
23348,90040,0.2593069746779209,304,94,1,10.82,198.0,5,12.5,0,0.85,0.4,0.15,1
27,2139,0.012622720897615708,62,0,0,21.53,0.0,0,20.4,0,0.94,0.91,0.01,1
5044,87277,0.05779300388418484,382,68,1,11.85,21.0,0,12.4,0,0.6,0.52,0.19,1
364,42,8.666666666666666,2865,21,1,0.81,13.0,1,4.4,1,0.33,0.04,0.79,0
1572,157,10.012738853503185,539,50,1,0.63,71.0,3,6.6,1,0.36,0.13,0.77,0
419,1342,0.312220566318927,53,130,0,7.19,2.0,0,25.4,0,0.79,0.9,0.16,1
121,3339,0.03623839472896077,159,154,1,11.14,1.0,0,28.0,0,0.86,0.77,0.09,1
250,73,3.4246575342465753,2569,159,1,0.13,5.0,0,7.7,0,0.74,0.21,0.67,0
113,24,4.708333333333333,268,119,1,1.75,2.0,0,0.8,0,0.49,0.02,0.5,0
296,3894,0.07601438109912687,1280,79,1,1.06,8.0,0,4.7,0,0.41,0.12,0.54,0
44,973,0.045220966084275435,1420,73,1,0.27,11.0,0,6.4,0,0.75,0.23,0.74,0
4,891,0.004489337822671156,32,0,0,40.31,2.0,0,25.4,0,0.92,0.71,0.09,1
200,31,6.451612903225806,2483,77,1,0.19,47.0,0,6.2,0,0.95,0.1,0.51,0
180,220,0.8181818181818182,3401,63,1,0.59,1.0,0,1.7,0,0.38,0.02,0.67,0
199,2250,0.08844444444444445,1062,29,0,1.54,1.0,0,7.3,1,0.73,0.24,0.68,0
22,33,0.6666666666666666,1089,77,1,1.14,6.6,0,3.9,0,0.69,0.25,0.85,0
214,1254,0.17065390749601275,155,134,0,15.8,4.0,0,29.7,1,0.74,0.6,0.17,1
54,23,2.347826086956522,991,70,1,0.06,3.0,0,7.9,0,0.84,0.07,0.51,0
36,1787,0.020145495243424735,1503,94,1,0.09,10.799999999999999,0,0.8,0,0.33,0.08,0.84,0
4745,414,11.46135265700483,61,97,1,2.74,48.0,1,9.6,0,0.6,0.52,0.39,1
1,77,0.012987012987012988,3811,47,1,0.22,0.3,0,2.3,0,0.74,0.19,0.82,0
96,135,0.7111111111111111,1525,58,1,0.96,28.799999999999997,3,5.7,0,0.93,0.09,0.9,0
26,17,1.5294117647058822,2671,90,1,0.1,2.0,0,0.6,1,0.7,0.14,0.54,0
372,18,20.666666666666668,3692,22,1,1.42,13.0,1,2.8,1,0.69,0.19,0.7,0
11,5270,0.0020872865275142313,90,0,0,17.77,2.0,0,17.8,0,0.89,0.99,0.14,1
91617,92699,0.9883278136765229,175,99,1,6.21,106.0,0,24.4,1,0.68,0.53,0.39,1
172,274,0.6277372262773723,945,122,1,0.59,33.0,0,3.0,0,0.68,0.13,0.62,0
503,12,41.916666666666664,1938,89,1,0.64,3.0,0,3.8,0,0.56,0.16,0.85,0
28,2835,0.009876543209876543,115,12,0,21.16,2.0,0,18.8,0,0.9,0.84,0.14,1
3108,42,74.0,2273,115,1,0.4,6.0,0,7.2,1,0.86,0.09,0.79,0
1289,161,8.006211180124224,2026,75,1,0.34,0.0,0,4.5,1,0.44,0.04,0.66,0
77,667,0.11544227886056972,2605,79,1,0.15,23.099999999999998,0,5.7,1,0.46,0.07,0.75,0
40,193,0.20725388601036268,353,99,1,0.2,4.0,0,1.1,0,0.82,0.24,0.57,0
48,111,0.43243243243243246,3579,103,1,0.62,2.0,0,7.8,1,0.92,0.04,0.68,0
36,62,0.5806451612903226,3759,24,1,0.47,10.799999999999999,1,4.1,0,0.62,0.25,0.88,0
3,22,0.13636363636363635,2893,111,1,1.02,0.8999999999999999,0,6.8,0,0.44,0.04,0.64,0
19,70,0.2714285714285714,2071,104,1,0.59,1.0,0,1.5,0,0.8,0.23,0.9,0
58466,21603,2.7063833726797206,113,78,1,7.08,584.0,26,23.4,1,0.8,0.56,0.15,1
25,739,0.03382949932341001,382,57,1,0.69,2.0,0,2.8,0,0.66,0.1,0.69,0
475,340,1.3970588235294117,2964,54,1,0.78,7.0,0,0.5,1,0.51,0.18,0.79,0
2723,1511,1.802117802779616,3286,88,1,2.74,16.0,2,0.9,0,0.62,0.1,0.78,0
7,336,0.020833333333333332,2905,109,0,0.29,0.0,0,2.6,0,0.6,0.2,0.53,0
1108,8966,0.12357796118670533,1194,77,1,0.45,36.0,1,4.0,0,0.52,0.02,0.92,0
28,79,0.35443037974683544,248,53,1,0.15,6.0,0,5.7,0,0.61,0.05,0.62,0
298,8,37.25,328,42,1,1.75,69.0,4,7.2,0,0.84,0.21,0.61,0
624,125,4.992,318,58,1,0.45,4.0,0,1.9,0,0.87,0.23,0.93,0
743,24,30.958333333333332,3381,67,1,0.21,32.0,3,7.1,1,0.94,0.21,0.84,0
296,2278,0.1299385425812116,167,144,0,8.47,3.0,0,25.4,0,0.74,0.65,0.07,1
31,216,0.14351851851851852,1335,158,1,0.21,9.299999999999999,0,3.9,1,0.75,0.14,0.83,0
452,2299,0.1966072205306655,193,110,0,25.03,3.0,0,22.1,0,0.81,0.59,0.19,1
496,4726,0.10495133305120609,76,119,1,8.89,4.0,0,23.4,0,0.92,0.59,0.23,1
17,130,0.13076923076923078,2265,80,1,2.16,5.1,0,5.5,0,0.51,0.07,0.92,0
468,303,1.5445544554455446,2509,107,1,2.98,4.0,0,8.0,0,0.43,0.13,0.82,0
259,3051,0.08489019993444773,157,113,1,17.63,1.0,0,27.0,1,0.72,0.73,0.1,1
105,47,2.234042553191489,1702,71,0,4.55,31.5,3,5.3,0,0.34,0.14,0.66,0
209,16,13.0625,3913,100,1,0.34,40.0,1,1.8,1,0.74,0.2,0.62,0
87333,20706,4.217762967255868,418,77,1,4.99,773.0,0,24.0,0,0.69,0.36,0.39,1
2935,61,48.114754098360656,1805,104,1,0.32,2.0,0,1.5,0,0.4,0.14,0.8,0
213,1646,0.12940461725394897,74,148,1,16.46,1.0,0,21.8,1,0.71,0.51,0.17,1
2912,285,10.217543859649123,65,158,1,1.69,17.0,0,4.4,1,0.66,0.56,0.44,1
75,6863,0.01092816552528049,78,13,0,35.63,2.0,0,15.9,0,0.85,0.99,0.09,1
1845,28,65.89285714285714,1854,55,1,0.62,116.0,7,2.8,1,0.69,0.15,0.86,0
1201,175,6.862857142857143,2856,84,1,0.22,8.0,0,2.5,1,0.41,0.07,0.51,0
72,7058,0.010201190138849533,85,0,0,22.39,2.0,0,27.4,1,0.92,0.9,0.11,1
1256,353,3.558073654390935,1939,92,1,0.73,234.0,24,1.6,1,0.59,0.11,0.85,0
39,107,0.3644859813084112,1329,33,1,1.92,11.7,0,2.7,0,0.51,0.02,0.58,0
47,7032,0.006683731513083049,104,14,0,42.94,2.0,0,28.5,1,0.9,0.81,0.13,1
10759,116,92.75,3129,71,1,0.24,51.0,5,0.8,1,0.36,0.08,0.51,0
80,5986,0.013364517206815904,80,0,0,37.31,2.0,0,27.1,1,0.9,0.68,0.07,1
58,5,11.6,1817,76,1,0.06,17.4,0,4.4,0,0.35,0.01,0.57,0
39773,28908,1.3758475162584751,361,51,1,14.12,81.0,0,10.4,0,0.68,0.54,0.35,1
3,103,0.02912621359223301,1537,157,1,0.2,0.8999999999999999,0,6.2,0,0.61,0.25,0.68,0
1890,433,4.364896073903003,2869,51,1,0.24,134.0,5,5.5,1,0.91,0.21,0.89,0
65,5475,0.011872146118721462,107,16,0,48.85,1.0,0,21.9,1,0.89,0.95,0.07,1
285,360,0.7916666666666666,2214,87,1,0.33,3.0,0,5.5,1,0.55,0.22,0.59,0
274,6,45.666666666666664,2599,61,1,3.33,6.0,0,1.4,1,0.31,0.23,0.55,0
7,52,0.1346153846153846,3939,140,1,0.31,2.1,0,5.6,0,0.64,0.15,0.85,0
471,3894,0.12095531587057011,37,126,1,29.67,4.0,0,20.7,1,0.82,0.63,0.2,1
73871,99422,0.7430045663937559,320,80,1,6.58,430.0,18,23.7,1,0.9,0.42,0.21,1
25,2,12.5,3178,59,1,0.46,7.5,0,6.7,1,0.89,0.12,0.79,0
268,37,7.243243243243243,1586,108,1,0.15,25.0,2,5.9,0,0.81,0.06,0.59,0
3376,71,47.54929577464789,3473,70,1,0.27,78.0,2,5.4,0,0.82,0.15,0.57,0
470,4107,0.11443876308741173,22,138,1,13.46,8.0,0,27.9,0,0.89,0.8,0.1,1
90,6811,0.013213918660989575,73,11,0,26.33,2.0,0,26.3,1,0.97,0.81,0.16,1
20,59,0.3389830508474576,469,43,1,1.82,6.0,0,1.1,1,0.38,0.12,0.8,0
54085,48772,1.10893545476913,84,97,1,13.05,440.0,20,14.6,1,0.7,0.53,0.35,1
256,2324,0.11015490533562823,59,137,1,10.05,7.0,0,27.2,1,0.96,0.72,0.12,1
40708,70310,0.5789788081354004,286,40,1,8.99,317.0,5,14.5,1,0.83,0.38,0.14,1
93,4153,0.02239345051769805,89,0,0,23.2,2.0,0,22.1,1,0.96,0.84,0.02,1
47,64,0.734375,3309,69,1,1.36,2.0,0,4.2,0,0.85,0.14,0.76,0
236,2154,0.1095636025998143,819,78,1,0.54,16.0,2,7.1,1,0.88,0.07,0.52,0
33,344,0.09593023255813954,3009,97,1,0.92,9.9,0,5.9,0,0.69,0.1,0.57,0
3630,299,12.14046822742475,1269,58,1,1.13,305.0,17,2.5,0,0.34,0.12,0.91,0
2966,498,5.955823293172691,13,107,1,4.1,18.0,0,9.8,0,0.44,0.54,0.26,1
26,40,0.65,1995,62,1,0.63,7.8,0,6.3,1,0.8,0.06,0.63,0
36,1752,0.02054794520547945,43,7,0,11.18,1.0,0,23.7,1,0.9,0.86,0.01,1
266,246,1.08130081300813,2599,86,1,0.07,3.0,0,3.2,0,0.36,0.11,0.58,0
1946,46,42.30434782608695,752,102,1,0.82,3.0,0,4.3,1,0.52,0.05,0.91,0
276,16,17.25,2447,78,1,0.15,17.0,1,4.9,0,0.36,0.22,0.68,0
21,1035,0.020289855072463767,3068,12,0,0.23,2.0,0,4.7,0,0.55,0.02,0.65,0
85,1051,0.08087535680304472,473,92,1,0.9,25.5,2,5.2,0,0.7,0.16,0.78,0
11,802,0.01371571072319202,2540,23,1,0.42,3.3,0,3.4,1,0.79,0.13,0.53,0
124,57,2.175438596491228,3420,57,1,0.26,0.0,0,4.9,0,0.69,0.14,0.86,0
119,4738,0.025116082735331363,131,156,1,6.6,0.0,0,29.0,1,0.71,0.75,0.12,1
76,5756,0.01320361362056984,93,0,0,30.65,1.0,0,15.3,1,0.98,0.66,0.12,1
120,229,0.5240174672489083,1517,119,1,0.35,8.0,0,7.2,1,0.81,0.11,0.67,0
57144,95656,0.5973906498285523,411,78,1,14.11,139.0,5,15.6,1,0.9,0.34,0.38,1
388,86,4.511627906976744,1752,82,1,0.49,1.0,0,3.3,0,0.92,0.12,0.61,0
80,245,0.32653061224489793,2389,111,1,0.17,3.0,0,1.5,0,0.93,0.13,0.58,0
512,359,1.426183844011142,1111,155,1,0.16,94.0,4,2.2,1,0.9,0.17,0.81,0
21,771,0.027237354085603113,3480,78,1,0.75,6.0,0,3.4,0,0.75,0.19,0.83,0
63,167,0.3772455089820359,2930,39,1,0.63,11.0,0,5.2,0,0.39,0.09,0.76,0
89,3352,0.026551312649164677,157,159,1,8.88,3.0,0,20.2,0,0.82,0.87,0.1,1
46,510,0.09019607843137255,66,11,0,38.81,0.0,0,20.3,1,0.99,0.89,0.12,1
14,785,0.017834394904458598,3787,112,1,1.9,1.0,0,2.9,0,0.51,0.16,0.92,0
576,97,5.938144329896907,1693,76,1,0.25,172.79999999999998,13,3.8,0,0.91,0.08,0.52,0
18,6228,0.002890173410404624,43,0,0,37.33,0.0,0,21.7,0,0.86,0.79,0.04,1
3,2542,0.0011801730920535012,5,0,0,39.8,1.0,0,24.0,1,0.87,0.73,0.14,1
7689,63843,0.12043606973356515,210,71,1,12.47,65.0,1,25.0,0,0.82,0.39,0.18,1
172,19,9.052631578947368,2548,32,1,0.06,4.0,0,0.3,1,0.53,0.05,0.62,0
31,774,0.040051679586563305,210,79,1,0.02,8.0,0,2.4,0,0.5,0.04,0.68,0
7781,52066,0.14944493527445935,357,46,1,9.95,26.0,0,13.2,1,0.89,0.43,0.34,1
13,1661,0.007826610475617099,876,61,1,0.95,2.0,0,3.5,0,0.55,0.05,0.78,0
414,4631,0.08939753832865471,106,114,0,19.09,7.0,0,25.1,0,0.94,0.86,0.24,1
68,82,0.8292682926829268,409,48,1,1.06,20.4,0,5.5,1,0.57,0.16,0.89,0
89,1291,0.06893880712625872,3,0,1,31.52,1.0,0,21.7,1,0.88,0.65,0.1,1
4019,448,8.970982142857142,2808,93,1,0.29,2.0,0,3.3,1,0.41,0.1,0.84,0
890,1580,0.5632911392405063,2882,54,0,0.45,9.0,0,4.3,1,0.92,0.2,0.57,0
159,366,0.4344262295081967,2336,73,1,0.6,4.0,0,5.7,0,0.6,0.06,0.65,0
72,606,0.1188118811881188,3031,130,1,3.86,3.0,0,3.3,1,0.43,0.17,0.91,0
309,4635,0.06666666666666667,169,129,1,12.52,1.0,0,26.5,0,0.9,0.76,0.12,1
236,516,0.4573643410852713,1640,76,1,0.47,35.0,3,3.8,1,0.87,0.11,0.77,0
43,126,0.3412698412698413,1139,51,1,1.97,12.9,0,6.5,1,0.38,0.03,0.95,0
1431,329,4.349544072948328,69,69,1,3.67,21.0,0,4.6,1,0.59,0.58,0.48,1
301,2630,0.11444866920152091,77,159,1,15.25,1.0,0,27.3,0,0.76,0.85,0.14,1
143,245,0.5836734693877551,6,112,1,2.65,64.0,1,8.1,0,0.61,0.69,0.23,1
769,80,9.6125,71,100,1,2.86,93.0,1,6.7,1,0.56,0.41,0.4,1
472,1699,0.27781047675103004,114,148,1,13.78,7.0,0,27.7,0,0.94,0.88,0.09,1
367,920,0.39891304347826084,2048,74,1,1.22,0.0,0,5.7,0,0.66,0.05,0.74,0
58,7257,0.007992283312663636,46,16,0,11.88,0.0,0,15.7,0,0.88,0.94,0.15,1
489,3570,0.1369747899159664,105,105,0,21.06,1.0,0,22.5,1,0.86,0.52,0.23,1
211,1904,0.11081932773109243,124,123,1,5.56,2.0,0,25.1,0,0.8,0.51,0.11,1
32,10,3.2,2785,103,1,1.55,3.0,0,1.6,0,0.51,0.1,0.86,0
83,4449,0.018655877725331536,45,0,1,21.47,2.0,0,18.1,1,0.94,0.78,0.04,1
0,299,0.0,743,58,1,0.2,0.0,0,5.9,0,0.91,0.16,0.69,0
10,49,0.20408163265306123,2846,95,1,0.12,3.0,0,2.0,1,0.5,0.14,0.51,0
34,205,0.16585365853658537,1229,76,0,0.4,10.2,1,7.4,0,0.31,0.1,0.91,0
191,4416,0.043251811594202896,145,149,1,5.86,8.0,0,23.9,0,0.75,0.54,0.18,1
8886,28364,0.31328444507121705,352,52,1,14.21,17.0,0,23.9,1,0.92,0.68,0.12,1
220,4729,0.046521463311482346,100,108,1,7.36,2.0,0,23.0,1,0.8,0.83,0.24,1
71,2646,0.026832955404383976,114,135,1,9.99,9.0,0,25.1,1,0.9,0.62,0.2,1
270,1352,0.1997041420118343,242,87,0,1.28,9.0,1,6.5,1,0.49,0.01,0.54,0
31,4,7.75,3843,40,1,0.18,9.299999999999999,0,1.8,1,0.3,0.22,0.63,0
226,288,0.7847222222222222,2764,79,1,0.98,8.0,0,7.8,0,0.73,0.23,0.95,0
6,197,0.030456852791878174,2706,53,1,2.06,1.7999999999999998,0,4.8,1,0.6,0.07,0.66,0
280,39,7.17948717948718,721,15,1,0.98,5.0,0,4.1,0,0.56,0.22,0.65,0
13,347,0.037463976945244955,255,106,0,2.3,3.9,0,7.2,1,0.4,0.16,0.72,0
59,1640,0.03597560975609756,2119,70,1,0.55,9.0,0,0.7,1,0.54,0.1,0.55,0
33493,86773,0.38598411948417133,475,78,1,4.75,174.0,5,17.0,0,0.89,0.48,0.2,1
134,64,2.09375,465,3,1,0.04,3.0,0,6.1,0,0.76,0.09,0.69,0
63626,94290,0.6747905398239474,429,96,1,14.59,316.0,10,17.3,1,0.7,0.5,0.15,1
4666,277,16.84476534296029,6,141,1,2.91,12.0,0,3.5,0,0.36,0.67,0.29,1
5686,117,48.598290598290596,2306,92,1,0.49,20.0,2,7.8,0,0.88,0.21,0.76,0
16,267,0.0599250936329588,2137,80,1,0.79,4.8,0,0.2,1,0.4,0.03,0.62,0
71,5852,0.012132604237867396,97,18,1,41.75,2.0,0,24.5,1,0.89,0.67,0.05,1
10,8,1.25,3910,45,1,1.2,3.0,0,6.8,0,0.75,0.08,0.53,0
85,369,0.23035230352303523,2249,61,1,1.3,16.0,1,8.0,0,0.51,0.06,0.66,0
411,390,1.0538461538461539,3596,84,1,0.03,4.0,0,4.9,1,0.48,0.16,0.71,0
519,20,25.95,3428,89,1,0.43,11.0,0,7.4,1,0.61,0.05,0.73,0
459,3719,0.12342027426727616,148,131,1,18.3,4.0,0,24.6,0,0.92,0.66,0.1,1
89,7346,0.012115436972502043,81,6,0,42.61,2.0,0,18.9,0,0.9,0.8,0.16,1
23,621,0.037037037037037035,3185,111,1,0.15,5.0,0,3.3,1,0.8,0.02,0.66,0
34,70,0.4857142857142857,2466,113,1,3.19,10.2,0,2.4,1,0.64,0.23,0.83,0
745,94,7.925531914893617,2277,26,0,1.2,116.0,6,6.8,0,0.84,0.21,0.58,0
5,201,0.024875621890547265,3699,132,1,0.04,1.5,0,3.4,1,0.69,0.22,0.9,0
2523,322,7.8354037267080745,3849,125,1,0.53,4.0,0,3.2,1,0.62,0.13,0.59,0
97657,93099,1.0489586354311002,328,48,1,12.08,711.0,14,18.8,1,0.84,0.55,0.26,1
22,267,0.08239700374531835,2859,61,1,1.24,6.6,0,3.4,1,0.67,0.03,0.84,0
25,202,0.12376237623762376,1998,58,1,0.03,0.0,0,3.9,0,0.83,0.06,0.52,0
12,622,0.01929260450160772,3593,95,1,2.04,0.0,0,1.8,0,0.8,0.15,0.6,0
44,6461,0.006810091317133571,51,0,0,42.23,0.0,0,23.9,0,0.94,0.76,0.14,1
393,247,1.591093117408907,1249,38,1,0.39,60.0,8,1.9,0,0.53,0.17,0.75,0
36,6138,0.005865102639296188,79,0,0,21.29,2.0,0,20.1,1,0.94,0.8,0.0,1
159,405,0.3925925925925926,1038,76,1,0.02,4.0,0,3.2,0,0.84,0.17,0.71,0
3498,191,18.31413612565445,78,155,1,3.03,34.0,1,5.3,1,0.33,0.63,0.31,1
101,114,0.8859649122807017,3911,30,1,0.44,11.0,0,3.4,0,0.35,0.08,0.51,0
173,47,3.6808510638297873,2450,74,1,0.46,21.0,1,5.9,0,0.79,0.21,0.92,0
366,164,2.231707317073171,2818,57,1,1.07,109.8,3,2.1,1,0.85,0.17,0.7,0
133,51,2.607843137254902,1810,96,1,1.98,4.0,0,0.2,0,0.5,0.11,0.63,0
138,8,17.25,3674,66,1,0.56,6.0,0,1.2,0,0.45,0.04,0.81,0
1091,58,18.810344827586206,1112,57,1,2.72,1.0,0,2.6,0,0.75,0.07,0.83,0
233,3065,0.07601957585644371,14,107,1,28.86,3.0,0,26.9,1,0.88,0.79,0.27,1
20,19,1.0526315789473684,1072,105,1,0.22,6.0,0,0.8,0,0.57,0.25,0.66,0
325,208,1.5625,1106,39,1,0.58,14.0,1,0.8,1,0.9,0.11,0.92,0
156,4464,0.03494623655913978,119,136,0,26.67,1.0,0,20.6,1,0.76,0.7,0.17,1
74,4277,0.01730184708908113,113,0,1,10.79,1.0,0,26.3,0,0.97,0.96,0.05,1
323,2337,0.13821138211382114,41,119,1,29.23,4.0,0,21.9,1,0.71,0.5,0.15,1
36,24,1.5,1125,77,1,0.75,4.0,0,0.6,0,0.85,0.2,0.87,0
1210,39,31.025641025641026,3448,61,1,0.08,1.0,0,0.9,0,0.48,0.14,0.55,0
10,7006,0.0014273479874393378,26,0,0,48.41,2.0,0,28.8,0,0.99,0.63,0.09,1
5,52,0.09615384615384616,778,50,1,0.85,1.0,0,0.4,0,0.86,0.12,0.93,0
62613,66358,0.943563699930679,150,87,1,14.43,149.0,5,23.3,1,0.74,0.58,0.25,1
5050,328,15.396341463414634,3962,87,1,0.82,4.0,0,1.2,1,0.7,0.03,0.62,0
1206,273,4.417582417582418,3979,59,1,0.33,75.0,10,7.2,0,0.81,0.23,0.61,0
0,151,0.0,1028,69,0,0.31,0.0,0,5.6,0,0.93,0.24,0.61,0
208,41,5.073170731707317,1645,86,0,0.77,62.4,7,2.3,0,0.39,0.1,0.51,0
37,548,0.06751824817518248,2206,126,1,0.87,11.1,0,3.7,0,0.49,0.08,0.56,0
64,301,0.21262458471760798,2235,71,1,0.54,19.2,2,3.9,0,0.84,0.09,0.89,0
92,4782,0.019238812212463405,45,17,0,29.66,1.0,0,18.1,1,0.97,0.77,0.02,1
188,44,4.2727272727272725,2828,64,1,1.15,56.4,7,4.7,1,0.31,0.18,0.75,0
8873,2148,4.1308193668528865,1021,83,1,0.34,2.0,0,5.7,0,0.68,0.1,0.95,0
48,400,0.12,3932,70,1,0.15,14.399999999999999,1,1.5,0,0.36,0.23,0.65,0
60,1785,0.03361344537815126,66,19,1,39.84,1.0,0,29.9,0,1.0,0.92,0.07,1
166,69,2.4057971014492754,2601,65,1,2.45,6.0,0,4.7,1,0.58,0.02,0.95,0
48735,45854,1.062829851267065,303,71,1,6.05,225.0,6,19.3,0,0.67,0.7,0.18,1
430,2975,0.14453781512605043,69,159,1,10.26,8.0,0,23.0,1,0.94,0.63,0.25,1
1020,21,48.57142857142857,1814,98,1,0.06,16.0,2,3.6,0,0.74,0.24,0.54,0
96787,344,281.3575581395349,3276,105,1,1.02,76.0,6,7.2,0,0.34,0.21,0.52,0
1354,314,4.312101910828026,1345,52,1,0.05,11.0,1,5.0,0,0.65,0.07,0.53,0
510,130,3.923076923076923,23,145,1,4.65,77.0,3,8.4,0,0.44,0.56,0.28,1
14,2917,0.0047994514912581415,119,10,0,25.65,1.0,0,19.6,0,0.95,0.77,0.02,1
146,165,0.8848484848484849,1672,115,1,0.04,10.0,0,0.1,0,0.51,0.12,0.86,0
7809,46,169.7608695652174,2248,93,1,5.16,30.0,3,6.9,0,0.86,0.03,0.66,0
8,2639,0.0030314513073133762,49,0,0,40.55,2.0,0,29.9,1,0.96,0.66,0.09,1
278,1418,0.19605077574047955,2606,62,1,0.31,4.0,0,6.9,0,0.58,0.24,0.82,0
8097,38,213.07894736842104,1100,28,0,0.05,12.0,0,7.1,0,0.69,0.16,0.53,0
1322,2507,0.5273234942161946,2502,80,1,2.06,396.59999999999997,35,4.9,1,0.87,0.01,0.75,0
218,344,0.6337209302325582,3749,119,1,0.77,2.0,0,0.0,0,0.66,0.23,0.65,0
200,286,0.6993006993006993,2217,28,1,0.59,60.0,2,1.0,0,0.91,0.08,0.89,0
2414,8,301.75,401,110,1,0.15,34.0,0,5.1,1,0.6,0.1,0.58,0
8,4165,0.0019207683073229293,16,12,0,36.88,2.0,0,16.3,0,1.0,0.86,0.01,1
2176,312,6.9743589743589745,22,111,1,1.89,26.0,0,4.2,1,0.32,0.47,0.33,1
6,6708,0.0008944543828264759,2813,88,1,0.28,1.7999999999999998,0,5.5,1,0.65,0.17,0.7,0
4128,136,30.352941176470587,14,145,1,1.71,87.0,3,9.7,1,0.39,0.74,0.33,1
79,7444,0.01061257388500806,84,0,0,11.22,1.0,0,24.0,1,0.99,0.76,0.19,1
335,3925,0.08535031847133757,28,113,0,13.38,2.0,0,24.2,1,0.78,0.54,0.1,1
0,41,0.0,3898,80,1,0.58,0.0,0,0.1,0,0.76,0.03,0.76,0
347,4090,0.08484107579462102,101,154,1,27.3,5.0,0,24.3,1,0.7,0.62,0.27,1
192,62,3.096774193548387,2094,55,1,0.31,8.0,0,5.2,0,0.54,0.16,0.62,0
78827,8125,9.701784615384616,238,44,1,13.46,561.0,11,11.6,1,0.73,0.33,0.32,1
56975,84353,0.67543537277868,223,54,1,7.17,159.0,6,19.3,0,0.83,0.64,0.31,1
28,2938,0.009530292716133424,100,19,1,41.23,2.0,0,22.4,0,0.89,0.91,0.0,1
199,112,1.7767857142857142,2386,90,0,0.05,24.0,0,1.4,0,0.69,0.11,0.73,0
24822,65667,0.3779980812280141,261,73,1,14.5,205.0,1,14.4,0,0.62,0.69,0.28,1
864,134,6.447761194029851,2564,91,1,1.08,11.0,0,5.6,0,0.55,0.01,0.51,0
8154,54519,0.14956253783084797,474,45,1,3.93,64.0,1,21.1,0,0.74,0.63,0.26,1
47,15,3.1333333333333333,464,133,1,1.11,1.0,0,4.1,0,0.76,0.09,0.65,0
89,87,1.0229885057471264,1122,73,1,0.18,3.0,0,5.9,0,0.42,0.09,0.85,0
25,69,0.36231884057971014,341,92,1,0.81,7.5,0,3.4,0,0.92,0.21,0.69,0
0,18,0.0,1799,100,1,2.45,0.0,0,5.8,0,0.74,0.15,0.75,0
195,1357,0.14369933677229182,83,136,1,9.12,0.0,0,20.0,0,0.97,0.84,0.11,1
193,463,0.4168466522678186,329,119,1,0.54,9.0,1,1.0,0,0.85,0.18,0.87,0
533,177,3.0112994350282487,1532,143,1,0.68,54.0,2,1.1,0,0.78,0.23,0.71,0
10,92,0.10869565217391304,2372,105,1,0.33,3.0,0,3.5,0,0.72,0.0,0.79,0
390,4143,0.0941346850108617,154,138,0,28.21,3.0,0,26.9,1,0.89,0.58,0.12,1
942,12,78.5,983,70,1,1.47,17.0,1,0.5,1,0.86,0.03,0.57,0
3178,146,21.767123287671232,30,157,1,1.21,99.0,4,9.2,1,0.57,0.78,0.25,1
224,1231,0.18196588139723802,1850,96,1,0.38,1.0,0,4.1,0,0.57,0.22,0.74,0
6,7,0.8571428571428571,554,41,1,0.13,1.7999999999999998,0,2.3,0,0.52,0.03,0.79,0
2063,40,51.575,2948,83,1,2.74,4.0,0,0.9,1,0.69,0.09,0.52,0
27,109,0.24770642201834864,1760,104,0,0.26,8.1,0,2.6,0,0.86,0.17,0.9,0
33,2189,0.01507537688442211,7,19,0,36.58,2.0,0,17.0,1,0.94,0.91,0.19,1
83,2892,0.028699861687413553,56,0,0,48.1,1.0,0,17.3,0,0.99,0.8,0.18,1
2849,443,6.431151241534988,85,103,1,1.21,18.0,0,6.0,0,0.66,0.66,0.26,1
105,1876,0.055970149253731345,91,110,1,22.5,2.0,0,26.4,0,0.84,0.81,0.24,1
282,1658,0.1700844390832328,182,129,0,13.27,9.0,0,27.5,0,0.83,0.86,0.23,1
81,643,0.12597200622083982,41,15,1,16.88,1.0,0,21.4,1,0.93,0.89,0.18,1
1104,70,15.771428571428572,42,148,1,3.55,99.0,3,9.2,0,0.46,0.42,0.2,1
97,653,0.14854517611026033,1422,119,1,1.56,10.0,1,7.6,0,0.44,0.09,0.65,0
239,188,1.2712765957446808,46,122,1,1.11,44.0,0,4.8,0,0.31,0.54,0.48,1
750,66,11.363636363636363,2263,61,1,1.69,18.0,0,5.9,1,0.9,0.25,0.66,0
13,916,0.014192139737991267,1017,101,1,0.66,3.9,0,2.1,0,0.88,0.15,0.85,0
90,70,1.2857142857142858,532,49,0,0.58,27.0,2,3.5,0,0.59,0.03,0.9,0
177,80,2.2125,66,95,1,4.95,25.0,1,3.5,1,0.54,0.51,0.3,1
59,3316,0.01779252110977081,18,7,0,14.49,2.0,0,22.5,1,0.9,0.8,0.15,1
46,36,1.2777777777777777,3973,47,1,0.15,13.799999999999999,0,6.4,0,0.71,0.08,0.75,0
150,1225,0.12244897959183673,2488,51,1,0.46,4.0,0,5.4,0,0.33,0.08,0.69,0
7,1072,0.0065298507462686565,3137,76,1,0.38,2.1,0,4.9,0,0.59,0.12,0.93,0
143,4295,0.03329452852153667,132,153,1,15.03,9.0,0,26.8,1,0.84,0.67,0.27,1
679,6,113.16666666666667,2968,133,1,0.99,1.0,0,6.9,0,0.47,0.06,0.72,0
15286,17,899.1764705882352,2143,64,1,1.26,30.0,2,3.2,1,0.79,0.24,0.78,0
506,3,168.66666666666666,180,57,1,1.31,4.0,0,1.5,0,0.86,0.06,0.54,0
8,723,0.011065006915629323,92,9,1,27.54,0.0,0,16.0,0,0.86,0.97,0.19,1
1793,190,9.436842105263159,1477,115,1,0.1,6.0,0,5.2,0,0.76,0.01,0.69,0
802,53,15.132075471698114,371,0,1,0.26,235.0,11,7.4,0,0.37,0.05,0.95,0
87537,34590,2.530702515177797,343,49,1,7.16,497.0,24,16.5,0,0.81,0.6,0.28,1
968,1715,0.5644314868804665,2354,121,1,1.73,11.0,1,6.8,1,0.87,0.03,0.82,0
2186,443,4.934537246049661,40,113,1,2.27,67.0,1,4.5,0,0.39,0.43,0.22,1
60,21,2.857142857142857,793,47,1,0.52,18.0,1,5.3,0,0.53,0.22,0.54,0
17,1596,0.010651629072681704,3626,46,1,0.27,5.1,0,2.2,1,0.64,0.04,0.86,0
554,35,15.82857142857143,3821,80,1,1.25,6.0,0,4.2,0,0.75,0.12,0.77,0
287,31,9.258064516129032,1007,60,0,0.47,11.0,1,3.1,1,0.89,0.08,0.69,0
123,110,1.1181818181818182,2183,63,1,0.76,26.0,1,3.8,0,0.71,0.11,0.9,0
188,124,1.5161290322580645,1267,43,0,0.58,5.0,0,2.8,0,0.34,0.25,0.91,0
43,5333,0.008063003937746109,11,0,0,40.54,0.0,0,16.3,1,0.92,0.98,0.16,1
69271,76346,0.9073297880701019,226,71,1,12.66,176.0,2,16.3,1,0.86,0.51,0.3,1
3,1143,0.0026246719160104987,244,107,1,3.2,0.8999999999999999,0,1.8,0,0.45,0.01,0.68,0
908,113,8.035398230088495,3885,118,1,0.14,32.0,3,3.5,0,0.5,0.15,0.58,0
153,4622,0.03310255300735612,124,120,0,8.44,8.0,0,22.3,1,0.77,0.7,0.22,1
120,43,2.7906976744186047,3752,80,1,1.65,9.0,0,5.5,0,0.73,0.24,0.87,0
97,55,1.7636363636363637,377,65,1,2.06,29.099999999999998,2,1.5,0,0.92,0.15,0.81,0
54491,65614,0.8304782515926479,182,86,1,10.49,477.0,9,12.4,0,0.73,0.35,0.16,1
14,239,0.058577405857740586,429,58,1,0.11,4.2,0,5.5,0,0.51,0.22,0.85,0
712,82,8.682926829268293,2894,85,1,0.25,25.0,3,5.1,0,0.4,0.07,0.66,0
270,7,38.57142857142857,3005,32,1,1.21,81.0,5,5.9,0,0.78,0.23,0.91,0
7,24,0.2916666666666667,2767,109,1,0.25,2.1,0,1.1,0,0.7,0.04,0.53,0
82,244,0.3360655737704918,2670,108,1,0.41,24.599999999999998,3,4.9,0,0.52,0.17,0.62,0
78611,93545,0.8403549094018922,318,59,1,4.24,680.0,26,16.8,0,0.8,0.43,0.26,1
437,1141,0.38299737072743206,92,142,0,20.24,1.0,0,28.9,1,0.87,0.54,0.17,1
380,208,1.8269230769230769,3920,57,1,0.31,33.0,4,3.0,1,0.46,0.16,0.55,0
3649,440,8.293181818181818,59,122,1,3.7,43.0,0,3.8,1,0.47,0.64,0.41,1
2987,245,12.191836734693878,27,118,1,3.47,42.0,0,9.5,0,0.56,0.73,0.39,1
16,210,0.0761904761904762,2339,93,1,0.34,4.8,0,1.2,1,0.46,0.21,0.75,0
66660,39854,1.6726050082802228,66,83,1,8.73,110.0,0,11.9,0,0.82,0.52,0.17,1
290,37,7.837837837837838,2447,51,1,0.52,38.0,3,0.7,1,0.8,0.06,0.54,0
915,78,11.73076923076923,1745,13,1,1.19,274.5,24,2.5,1,0.32,0.15,0.6,0
2456,170,14.447058823529412,3056,54,1,0.02,2.0,0,3.8,1,0.38,0.12,0.83,0
642,123,5.219512195121951,240,59,1,0.26,4.0,0,7.1,0,0.46,0.22,0.78,0
496,4890,0.10143149284253579,86,111,1,26.11,4.0,0,23.4,0,0.91,0.76,0.29,1
442,1025,0.43121951219512195,103,137,1,6.71,5.0,0,25.5,1,0.8,0.85,0.13,1
9,562,0.01601423487544484,3991,52,0,0.02,2.0,0,5.8,0,0.93,0.24,0.53,0
855,399,2.142857142857143,8,152,1,1.81,80.0,2,2.5,1,0.43,0.65,0.4,1
18,3834,0.004694835680751174,85,0,0,34.45,1.0,0,29.5,0,0.98,0.95,0.12,1
832,50,16.64,346,125,0,3.39,6.0,0,7.6,1,0.78,0.16,0.61,0
133,2285,0.05820568927789934,151,158,0,25.24,8.0,0,29.7,0,0.71,0.57,0.06,1
597,82,7.280487804878049,2037,124,1,0.65,9.0,0,3.7,0,0.79,0.2,0.51,0
48637,36595,1.3290613471785764,100,87,1,5.03,274.0,9,19.6,1,0.86,0.33,0.1,1
223,58,3.8448275862068964,3404,82,1,1.15,46.0,5,5.2,0,0.61,0.25,0.65,0
26,23,1.1304347826086956,2360,57,1,0.08,7.8,0,4.1,0,0.34,0.16,0.69,0
375,2827,0.13264945171559958,51,107,1,5.53,5.0,0,21.3,1,0.95,0.89,0.17,1
96662,22391,4.317002367022464,110,57,1,7.73,798.0,26,17.0,0,0.62,0.67,0.21,1
363,2865,0.12670157068062826,172,159,1,16.86,0.0,0,21.4,0,0.97,0.72,0.15,1
88,4079,0.02157391517528806,16,138,1,9.6,5.0,0,27.8,0,0.82,0.65,0.09,1
28131,12098,2.3252603736154738,212,69,1,12.22,130.0,2,15.5,1,0.92,0.48,0.23,1
1386,88,15.75,3811,55,1,0.29,0.0,0,0.6,0,0.38,0.07,0.62,0
45,69,0.6521739130434783,2174,49,1,2.13,13.5,1,6.4,0,0.93,0.22,0.64,0
471,1652,0.2851089588377724,19,110,1,25.57,1.0,0,25.5,1,0.93,0.51,0.06,1
35,102,0.3431372549019608,700,93,1,0.64,2.0,0,3.0,1,0.45,0.22,0.94,0
290,494,0.5870445344129555,823,106,1,0.85,5.0,0,4.1,1,0.34,0.03,0.63,0
120,225,0.5333333333333333,193,42,1,0.63,36.0,2,6.2,0,0.36,0.2,0.56,0
42,44,0.9545454545454546,2537,125,1,1.35,12.6,1,1.8,0,0.35,0.03,0.79,0
20,2585,0.007736943907156673,97,0,0,38.07,2.0,0,29.4,1,1.0,0.87,0.07,1
21,529,0.03969754253308128,1397,143,1,0.17,3.0,0,2.1,0,0.87,0.17,0.65,0
565,28,20.178571428571427,228,119,1,0.51,140.0,18,5.3,0,0.38,0.01,0.51,0
318,4874,0.06524415264669675,60,128,0,5.26,3.0,0,25.7,1,0.96,0.9,0.19,1
11,102,0.10784313725490197,1346,52,1,1.24,3.3,0,0.2,0,0.93,0.08,0.55,0
816,14,58.285714285714285,3868,80,1,0.12,44.0,6,7.7,1,0.49,0.03,0.62,0
9,6115,0.0014717906786590352,96,0,0,46.6,0.0,0,24.2,0,0.86,0.66,0.09,1
66,27,2.4444444444444446,1549,94,1,0.57,12.0,1,3.2,1,0.45,0.17,0.73,0
28,366,0.07650273224043716,1874,72,1,0.13,5.0,0,7.3,0,0.83,0.03,0.61,0
8,683,0.01171303074670571,13,12,0,11.1,1.0,0,23.0,1,0.91,0.64,0.15,1
65,3341,0.019455252918287938,79,8,1,19.9,1.0,0,18.8,0,0.86,0.73,0.14,1
1642,91,18.043956043956044,257,34,1,0.27,35.0,3,5.4,1,0.32,0.1,0.63,0
1729,14,123.5,3977,100,1,0.5,225.0,6,4.5,0,0.41,0.17,0.59,0
14,2726,0.005135730007336757,2158,79,1,0.47,4.2,0,1.9,0,0.68,0.05,0.61,0
133,2769,0.04803178042614662,78,147,0,26.81,6.0,0,21.2,1,0.85,0.8,0.26,1
202,1741,0.11602527283170591,3495,58,1,0.99,16.0,1,1.0,0,0.49,0.19,0.61,0
23,1205,0.019087136929460582,37,0,1,22.85,1.0,0,19.9,1,0.92,0.8,0.16,1
62,6577,0.009426790329937661,5,12,0,36.93,0.0,0,19.6,1,1.0,0.69,0.15,1
136,9,15.11111111111111,748,4,1,1.38,14.0,1,7.9,1,0.88,0.13,0.77,0
27,5613,0.004810261892036344,62,0,0,40.84,0.0,0,23.8,1,0.89,0.64,0.12,1
794,15,52.93333333333333,2648,36,1,1.59,36.0,0,1.5,0,0.83,0.09,0.79,0
262,119,2.2016806722689077,1744,55,1,0.41,5.0,0,4.7,0,0.63,0.03,0.89,0
16,105,0.1523809523809524,2048,31,1,0.05,3.0,0,6.6,0,0.78,0.07,0.77,0
49397,18940,2.608078141499472,194,98,1,4.33,120.0,1,24.9,1,0.91,0.58,0.15,1
391,4427,0.08832166252541224,135,158,0,8.12,5.0,0,29.0,1,0.97,0.65,0.23,1
45333,84524,0.5363328758695755,400,40,1,8.61,56.0,0,16.4,1,0.85,0.39,0.34,1
651,10,65.1,1168,46,1,0.09,17.0,1,5.4,1,0.88,0.07,0.65,0
64,1694,0.03778040141676505,118,0,0,28.98,2.0,0,16.8,1,0.95,0.64,0.02,1
2091,39,53.61538461538461,1828,52,1,6.83,0.0,0,1.7,1,0.33,0.14,0.75,0
286,1446,0.19778699861687413,194,105,0,6.44,4.0,0,29.0,0,0.92,0.63,0.19,1
1,4893,0.00020437359493153485,9,19,0,28.31,2.0,0,29.9,1,0.89,0.82,0.17,1
87,43,2.0232558139534884,2686,47,1,0.69,1.0,0,2.5,1,0.66,0.04,0.89,0
3575,480,7.447916666666667,26,90,1,2.59,49.0,0,9.2,0,0.66,0.66,0.27,1
374,158,2.367088607594937,3696,65,1,0.18,3.0,0,7.0,1,0.57,0.11,0.88,0
118,222,0.5315315315315315,1489,36,1,0.13,8.0,0,1.6,0,0.71,0.16,0.5,0
33,7349,0.004490406858075929,15,0,1,36.78,0.0,0,19.6,0,0.9,0.68,0.19,1
93548,44666,2.09438946849953,478,33,1,3.17,509.0,7,22.7,1,0.69,0.58,0.26,1
32,91,0.3516483516483517,719,74,1,0.05,9.6,0,2.1,0,0.45,0.06,0.81,0
310,6,51.666666666666664,2937,83,1,1.5,8.0,0,7.6,0,0.89,0.24,0.88,0
55302,89418,0.6184660806549017,471,78,1,13.36,152.0,6,11.2,1,0.72,0.43,0.3,1
1,313,0.003194888178913738,566,100,1,0.24,0.3,0,6.1,0,0.77,0.22,0.79,0
31769,40983,0.7751750725910743,184,69,1,14.52,143.0,1,24.5,0,0.83,0.62,0.2,1
6,1234,0.004862236628849271,1792,61,1,0.84,1.7999999999999998,0,3.7,1,0.79,0.13,0.64,0
28,269,0.10408921933085502,1463,131,1,0.23,1.0,0,6.0,1,0.63,0.04,0.74,0
375,1905,0.1968503937007874,87,111,0,26.59,8.0,0,26.7,1,0.8,0.76,0.27,1
153,5151,0.0297029702970297,3888,47,1,0.45,44.0,5,3.1,0,0.71,0.04,0.79,0
60,897,0.06688963210702341,3982,118,1,1.98,10.0,0,7.6,1,0.35,0.11,0.87,0
9,67,0.13432835820895522,3033,53,1,0.76,2.6999999999999997,0,5.2,1,0.47,0.21,0.92,0
13,183,0.07103825136612021,1726,116,1,0.73,3.9,0,7.8,0,0.48,0.18,0.84,0
69,14,4.928571428571429,1296,88,1,0.5,2.0,0,6.1,1,0.52,0.06,0.7,0
30,3314,0.009052504526252263,35,0,0,25.81,2.0,0,28.2,0,0.96,0.76,0.14,1
135,4309,0.031329774889765606,69,132,1,22.4,9.0,0,28.0,1,0.88,0.73,0.17,1
6416,22913,0.28001571160476585,220,61,1,4.57,53.0,1,23.9,1,0.86,0.67,0.32,1
1768,9,196.44444444444446,914,66,1,1.09,3.0,0,1.0,0,0.85,0.0,0.61,0
3098,346,8.953757225433526,82,112,1,2.76,65.0,0,6.4,0,0.32,0.47,0.2,1
82068,38424,2.1358525921299187,80,42,1,11.05,180.0,8,11.9,1,0.72,0.34,0.2,1
48,12,4.0,3096,108,1,0.12,14.399999999999999,0,2.2,1,0.57,0.02,0.84,0
16,115,0.1391304347826087,1559,100,1,0.57,4.8,0,7.5,0,0.53,0.14,0.54,0
162,276,0.5869565217391305,561,21,1,0.62,5.0,0,3.9,1,0.82,0.12,0.87,0
129,14,9.214285714285714,2850,112,1,0.46,1.0,0,5.5,0,0.82,0.18,0.86,0
317,1800,0.1761111111111111,61,141,0,8.39,4.0,0,23.0,0,0.85,0.55,0.12,1
63,6233,0.010107492379271618,79,16,0,46.91,0.0,0,23.3,1,0.92,0.87,0.2,1
468,20,23.4,494,45,1,0.4,15.0,0,1.4,1,0.51,0.19,0.53,0
397,1510,0.2629139072847682,194,114,1,5.57,5.0,0,23.8,1,0.77,0.89,0.16,1
653,120,5.441666666666666,5,81,1,3.63,73.0,2,5.4,0,0.4,0.69,0.25,1
52316,57346,0.9122868203536428,284,92,1,12.28,205.0,2,13.3,1,0.62,0.36,0.25,1
292,171,1.7076023391812865,60,142,1,3.43,97.0,1,4.7,1,0.49,0.73,0.4,1
66,19,3.473684210526316,259,102,1,3.34,19.8,2,5.9,1,0.84,0.24,0.61,0
3947,330,11.960606060606061,47,147,1,3.96,20.0,0,7.5,0,0.47,0.64,0.47,1
6,133,0.045112781954887216,912,75,1,0.47,1.7999999999999998,0,5.4,0,0.38,0.12,0.63,0
641,360,1.7805555555555554,80,68,1,1.12,36.0,1,8.3,1,0.59,0.73,0.32,1
319,221,1.4434389140271493,18,63,1,2.06,28.0,1,5.4,0,0.36,0.6,0.48,1
320,493,0.6490872210953347,2490,160,1,2.75,3.0,0,1.7,1,0.73,0.14,0.55,0
421,668,0.6302395209580839,3888,124,1,0.4,2.0,0,4.3,1,0.38,0.18,0.79,0
37,19,1.9473684210526316,3872,146,1,0.06,4.0,0,4.8,1,0.85,0.04,0.67,0
78,6402,0.01218369259606373,108,17,0,13.79,1.0,0,25.5,0,0.89,1.0,0.06,1
4101,145,28.282758620689656,71,110,1,2.01,39.0,0,9.8,0,0.49,0.69,0.34,1
50953,81461,0.6254894980420078,330,45,1,6.49,430.0,10,24.1,0,0.79,0.45,0.29,1
3183,264,12.056818181818182,85,96,1,3.89,68.0,3,7.4,1,0.57,0.4,0.45,1
10,49,0.20408163265306123,3528,75,1,0.94,1.0,0,7.0,0,0.59,0.02,0.71,0
25,832,0.030048076923076924,338,78,1,1.05,7.5,0,5.8,0,0.68,0.09,0.61,0
4,665,0.006015037593984963,2097,115,1,0.56,1.2,0,6.5,0,0.39,0.19,0.92,0
224,5,44.8,482,82,1,0.9,67.2,5,4.1,1,0.66,0.24,0.53,0
190,104,1.8269230769230769,376,50,1,1.84,13.0,1,6.1,1,0.57,0.17,0.56,0
573,214,2.677570093457944,3286,61,1,2.08,171.9,3,0.4,0,0.48,0.22,0.67,0
730,37,19.72972972972973,3925,83,1,0.62,123.0,9,4.0,1,0.89,0.19,0.81,0
274,88,3.1136363636363638,1859,66,1,1.53,15.0,2,8.0,1,0.67,0.11,0.75,0
135,632,0.21360759493670886,3135,112,1,0.16,10.0,0,1.1,0,0.94,0.14,0.8,0
1679,111,15.126126126126126,2170,57,1,0.11,17.0,2,6.3,0,0.32,0.08,0.62,0
57,483,0.11801242236024845,2477,31,1,0.56,17.099999999999998,1,8.0,0,0.42,0.13,0.87,0
57151,35667,1.6023495107522359,202,75,1,14.48,160.0,5,15.9,0,0.88,0.35,0.4,1
211,4444,0.04747974797479748,189,122,0,6.72,5.0,0,28.3,0,0.82,0.56,0.12,1
3212,750,4.282666666666667,2020,85,1,0.46,11.0,1,2.2,1,0.53,0.1,0.51,0
94,121,0.7768595041322314,3472,79,1,1.16,28.2,1,4.0,0,0.4,0.09,0.53,0
48,1225,0.03918367346938775,47,0,0,33.14,2.0,0,18.7,0,0.93,0.79,0.16,1
1989,432,4.604166666666667,64,138,1,4.05,33.0,0,3.9,0,0.69,0.7,0.31,1
54,82,0.6585365853658537,1401,97,1,0.96,16.2,0,0.8,1,0.84,0.25,0.72,0
35581,86761,0.41010361798503936,333,32,1,11.48,326.0,9,20.2,1,0.73,0.54,0.15,1
1293,103,12.553398058252426,86,108,1,1.37,25.0,0,7.6,1,0.33,0.57,0.33,1
21,3448,0.006090487238979118,40,0,0,15.6,1.0,0,29.3,1,0.86,0.71,0.2,1
166,584,0.2842465753424658,1620,67,1,0.12,27.0,2,7.1,0,0.79,0.2,0.83,0
10,17,0.5882352941176471,2793,68,1,0.01,1.0,0,3.5,0,0.39,0.15,0.59,0
649,116,5.594827586206897,518,49,1,1.41,1.0,0,2.2,0,0.39,0.2,0.53,0
20382,71017,0.2870017038173958,381,86,1,12.81,101.0,2,23.6,1,0.94,0.69,0.28,1
70,3948,0.01773049645390071,76,0,1,33.57,1.0,0,18.4,1,0.89,0.85,0.01,1
157,644,0.24378881987577639,1740,33,1,0.19,47.1,4,0.2,0,0.92,0.2,0.66,0
15870,19,835.2631578947369,933,76,1,1.15,37.0,1,1.1,0,0.74,0.14,0.8,0
461,1168,0.3946917808219178,160,114,0,22.94,9.0,0,25.1,1,0.95,0.52,0.16,1
416,7,59.42857142857143,2444,96,1,1.95,88.0,6,1.8,1,0.56,0.18,0.52,0
9,65,0.13846153846153847,3595,79,1,1.23,2.6999999999999997,0,2.8,0,0.93,0.14,0.75,0
420,4250,0.0988235294117647,89,138,1,7.27,4.0,0,29.0,1,0.89,0.77,0.09,1
23,75,0.30666666666666664,2882,109,1,0.33,6.8999999999999995,0,3.8,0,0.71,0.06,0.93,0
6,3349,0.0017915795759928337,23,6,0,21.05,1.0,0,21.5,1,0.98,0.63,0.08,1
142,2336,0.06078767123287671,37,132,0,5.48,1.0,0,22.3,1,0.91,0.86,0.24,1
210,4541,0.046245320414005725,134,131,1,12.31,5.0,0,25.0,0,0.78,0.57,0.25,1
107,478,0.22384937238493724,3683,27,1,0.0,8.0,0,0.9,0,0.68,0.07,0.58,0
46,56,0.8214285714285714,1564,108,1,0.49,1.0,0,1.2,0,0.4,0.05,0.55,0
138,306,0.45098039215686275,1805,34,1,0.09,16.0,1,4.9,0,0.78,0.18,0.64,0
52,1,52.0,1934,83,1,0.45,15.6,1,7.0,0,0.46,0.05,0.72,0
1825,588,3.1037414965986394,3419,70,1,0.93,134.0,11,3.8,0,0.66,0.16,0.78,0
10,1193,0.008382229673093043,743,30,1,0.1,3.0,0,6.4,0,0.37,0.17,0.77,0
82,4100,0.02,41,102,1,21.71,7.0,0,20.9,0,0.75,0.57,0.2,1
74,7315,0.0101161995898838,58,0,1,11.43,2.0,0,25.5,0,0.88,0.75,0.1,1
889,590,1.506779661016949,912,32,1,0.7,3.0,0,4.5,0,0.33,0.03,0.73,0
404,2671,0.1512542119056533,78,156,0,26.0,5.0,0,29.2,0,0.91,0.53,0.24,1
285,2178,0.13085399449035812,182,145,1,21.48,3.0,0,20.6,1,0.76,0.53,0.18,1
1120,381,2.9396325459317585,856,43,1,0.31,49.0,4,6.4,0,0.49,0.22,0.52,0
72882,61,1194.7868852459017,823,91,1,0.62,34.0,4,3.8,0,0.62,0.14,0.59,0
962,66,14.575757575757576,1522,121,1,0.27,97.0,13,1.5,1,0.61,0.02,0.9,0
158,90,1.7555555555555555,2271,105,1,0.08,9.0,0,0.8,0,0.58,0.14,0.95,0
73,66,1.106060606060606,635,80,1,0.97,1.0,0,2.8,0,0.56,0.05,0.53,0
527,213,2.4741784037558685,226,60,1,0.47,29.0,2,1.1,0,0.32,0.01,0.8,0
10254,35416,0.2895301558617574,294,34,1,11.2,45.0,1,16.0,0,0.69,0.43,0.36,1
268,2679,0.10003732736095558,184,100,1,17.31,3.0,0,24.1,1,0.99,0.81,0.27,1
320,298,1.0738255033557047,2703,111,1,1.63,20.0,1,7.4,0,0.47,0.14,0.74,0
4509,207,21.782608695652176,10,143,1,4.66,84.0,3,9.3,0,0.53,0.74,0.48,1
395,66,5.984848484848484,2771,63,1,2.84,39.0,2,1.3,0,0.55,0.04,0.9,0
3,142,0.02112676056338028,1643,98,1,0.69,0.8999999999999999,0,6.0,1,0.5,0.09,0.58,0
261,61,4.278688524590164,1047,64,1,0.95,39.0,3,2.4,1,0.32,0.08,0.79,0
199,2275,0.08747252747252747,27,152,0,20.58,6.0,0,24.0,0,0.94,0.87,0.05,1
1698,53,32.0377358490566,2123,51,1,0.13,2.0,0,0.5,0,0.91,0.15,0.88,0
24,86,0.27906976744186046,3181,3,1,1.36,1.0,0,3.5,0,0.34,0.09,0.76,0
50,3800,0.013157894736842105,56,0,0,45.49,0.0,0,16.4,1,0.9,0.89,0.16,1
54,3341,0.016162825501346904,56,0,0,17.24,0.0,0,23.5,1,0.95,0.8,0.12,1
31,23,1.3478260869565217,528,101,1,0.18,9.0,0,2.8,0,0.57,0.2,0.69,0
280,17,16.470588235294116,2690,56,1,0.83,0.0,0,1.0,1,0.38,0.24,0.84,0
750,347,2.161383285302594,2889,62,1,0.2,4.0,0,6.3,0,0.59,0.2,0.88,0
157,4,39.25,1261,18,1,0.74,3.0,0,1.7,1,0.31,0.03,0.62,0
44,16,2.75,1053,67,1,0.28,13.2,1,7.0,0,0.42,0.14,0.51,0
29,631,0.04595879556259905,1312,116,1,0.16,4.0,0,0.8,0,0.8,0.07,0.51,0
292,2019,0.14462605250123825,192,157,1,13.45,0.0,0,28.5,1,0.96,0.71,0.26,1
449,4316,0.10403151065801668,47,114,1,10.5,3.0,0,20.3,1,0.79,0.81,0.26,1
84,1158,0.07253886010362694,39,0,0,15.49,1.0,0,15.1,1,0.97,0.62,0.19,1
106,147,0.7210884353741497,2687,128,1,0.28,31.799999999999997,3,4.8,1,0.57,0.21,0.64,0
281,12,23.416666666666668,1433,66,1,0.01,24.0,1,0.4,0,0.81,0.12,0.54,0
28,523,0.05353728489483748,2119,102,1,0.08,8.4,0,5.9,1,0.54,0.22,0.92,0
26,486,0.053497942386831275,2643,126,1,1.77,3.0,0,2.9,1,0.37,0.13,0.62,0
110,9,12.222222222222221,413,9,1,0.33,23.0,1,7.9,1,0.65,0.25,0.86,0
170,261,0.6513409961685823,3115,67,1,0.58,12.0,0,2.1,0,0.67,0.23,0.79,0
379,4503,0.08416611148123473,122,107,0,14.31,6.0,0,22.0,1,0.75,0.52,0.13,1
964,288,3.3472222222222223,529,32,1,1.33,13.0,0,3.7,0,0.42,0.24,0.95,0
66554,21680,3.0698339483394834,261,98,1,11.79,626.0,17,22.1,0,0.85,0.63,0.31,1
52,2312,0.02249134948096886,905,95,1,1.94,15.6,0,2.5,1,0.8,0.18,0.65,0
4341,317,13.694006309148264,27,62,1,1.01,11.0,0,4.9,1,0.38,0.51,0.41,1
76663,44129,1.737247614947087,260,90,1,3.31,630.0,21,16.7,1,0.76,0.43,0.28,1
54,199,0.271356783919598,2392,6,1,0.46,2.0,0,7.6,0,0.74,0.12,0.54,0
952,367,2.5940054495912808,1801,103,1,0.82,13.0,1,0.9,0,0.92,0.09,0.63,0
427,2295,0.1860566448801743,142,105,1,24.34,8.0,0,20.2,0,0.75,0.58,0.18,1
35,25,1.4,2339,36,1,0.15,10.5,1,3.7,0,0.85,0.13,0.82,0
44,286,0.15384615384615385,1189,86,1,0.12,13.2,0,4.8,0,0.48,0.22,0.55,0
218,32,6.8125,1126,113,1,0.46,1.0,0,6.8,1,0.53,0.16,0.91,0
138,75,1.84,3577,55,1,1.78,23.0,2,1.2,0,0.5,0.11,0.74,0
90,29,3.103448275862069,1193,106,1,1.27,8.0,0,4.6,0,0.43,0.18,0.63,0
159,1410,0.1127659574468085,17,105,0,26.37,1.0,0,24.0,0,0.8,0.76,0.1,1
97,3651,0.026568063544234456,103,13,1,37.83,0.0,0,23.3,1,0.87,0.87,0.18,1
2122,71,29.887323943661972,2119,103,1,1.23,12.0,0,4.4,1,0.59,0.12,0.87,0
30,2773,0.010818608005769925,119,0,0,30.54,1.0,0,16.1,0,0.88,0.96,0.11,1
89,1664,0.05348557692307692,182,132,0,13.26,3.0,0,28.6,0,0.89,0.77,0.21,1
56,17,3.2941176470588234,3055,107,1,1.48,16.8,0,3.5,1,0.69,0.06,0.65,0
750,60,12.5,2725,73,1,0.23,107.0,11,3.4,0,0.72,0.23,0.53,0
34,6495,0.005234795996920708,94,0,0,23.64,2.0,0,15.4,0,0.87,0.97,0.19,1
82,402,0.20398009950248755,2879,52,0,1.6,24.599999999999998,1,5.4,0,0.58,0.22,0.81,0
14,966,0.014492753623188406,2652,144,1,0.09,0.0,0,1.7,0,0.51,0.1,0.57,0
66,2463,0.02679658952496955,101,7,0,32.67,2.0,0,19.4,0,0.93,0.61,0.12,1
129,29,4.448275862068965,357,100,1,0.93,1.0,0,3.4,0,0.35,0.21,0.87,0
8475,265,31.9811320754717,1670,112,1,1.26,12.0,0,0.3,1,0.8,0.1,0.89,0
7,5761,0.001215066828675577,38,0,0,19.5,1.0,0,22.8,1,0.98,0.61,0.06,1
246,1253,0.19632881085395051,90,150,1,28.61,3.0,0,20.1,0,0.77,0.53,0.19,1
16,172,0.09302325581395349,423,45,1,0.05,4.0,0,4.4,0,0.33,0.0,0.94,0
454,3814,0.11903513371788149,106,127,1,9.02,0.0,0,20.6,0,0.72,0.51,0.25,1
1482,156,9.5,2145,104,0,1.47,2.0,0,2.5,0,0.67,0.05,0.6,0
170,1656,0.10265700483091787,106,143,1,5.89,8.0,0,29.3,0,0.83,0.65,0.11,1
63,3985,0.015809284818067756,108,0,0,13.03,0.0,0,18.6,0,0.86,0.97,0.18,1
77379,16138,4.794832073367208,157,93,1,7.29,79.0,2,13.0,0,0.94,0.42,0.28,1
32229,38,848.1315789473684,743,53,1,1.18,0.0,0,4.9,1,0.94,0.24,0.75,0
217,39,5.564102564102564,3865,91,1,0.24,65.1,1,2.2,0,0.43,0.02,0.82,0
1156,258,4.48062015503876,43,77,1,4.41,54.0,0,6.5,1,0.4,0.62,0.44,1
84,16,5.25,2583,100,1,0.13,25.2,1,0.3,0,0.92,0.07,0.54,0
496,1551,0.31979368149580917,24,131,1,6.96,2.0,0,24.2,1,0.94,0.78,0.28,1
3731,647,5.76661514683153,2440,49,1,0.09,39.0,2,3.9,0,0.92,0.15,0.83,0
178,2455,0.0725050916496945,188,143,0,21.34,5.0,0,25.1,1,0.96,0.53,0.12,1
126,315,0.4,476,96,1,1.63,6.0,0,2.8,0,0.47,0.08,0.55,0
75341,69559,1.0831236791788266,402,63,1,3.65,317.0,7,19.6,0,0.83,0.38,0.18,1
15,933,0.01607717041800643,30,0,0,27.55,1.0,0,24.2,1,0.88,0.65,0.18,1
1391,40,34.775,2113,107,1,1.57,7.0,0,1.7,0,0.49,0.04,0.54,0
59233,10533,5.623564036836608,71,67,1,10.82,497.0,8,17.2,1,0.84,0.59,0.28,1
423,4705,0.08990435706695005,92,104,1,23.01,3.0,0,27.9,0,0.92,0.78,0.25,1
16,20,0.8,3761,64,1,1.05,4.8,0,3.1,1,0.68,0.05,0.53,0
32,3,10.666666666666666,3882,78,1,0.0,9.0,1,2.3,1,0.83,0.07,0.8,0
135,184,0.7336956521739131,1081,17,1,0.45,17.0,0,4.9,0,0.41,0.04,0.52,0
970,25,38.8,1115,57,1,0.22,20.0,1,1.4,0,0.34,0.04,0.58,0
242,2226,0.1087151841868823,57,110,0,10.55,7.0,0,24.9,1,0.72,0.57,0.27,1
69,148,0.46621621621621623,1488,79,1,0.66,3.0,0,1.1,0,0.63,0.04,0.78,0
2496,245,10.187755102040816,49,98,1,3.06,17.0,0,9.7,0,0.31,0.59,0.26,1
38,2832,0.013418079096045197,97,0,0,24.89,2.0,0,16.0,1,0.86,0.71,0.15,1
89,161,0.5527950310559007,1271,90,1,0.75,5.0,0,5.2,0,0.53,0.2,0.66,0
34,120,0.2833333333333333,2616,102,1,1.04,10.2,1,1.8,0,0.62,0.17,0.57,0
3035,152,19.967105263157894,46,99,1,4.81,51.0,1,5.9,0,0.62,0.56,0.26,1
47515,23831,1.9938315639293358,105,94,1,3.52,89.0,2,13.5,0,0.63,0.56,0.17,1
341,4662,0.07314457314457315,188,113,1,28.5,8.0,0,22.6,1,0.93,0.8,0.11,1
410,1090,0.3761467889908257,1482,107,1,0.77,67.0,7,3.1,0,0.41,0.22,0.65,0
99,3739,0.026477667825621824,38,5,0,43.23,2.0,0,28.1,1,0.9,0.94,0.1,1
13,1863,0.006977992485238862,25,6,0,10.06,0.0,0,18.3,0,0.98,0.62,0.11,1
220,4,55.0,354,69,1,1.02,19.0,1,5.7,0,0.37,0.23,0.7,0
46,59,0.7796610169491526,616,106,1,1.09,5.0,0,7.1,0,0.41,0.25,0.58,0
5,388,0.01288659793814433,1032,59,1,0.37,1.5,0,4.4,0,0.75,0.12,0.85,0
89149,32828,2.715639088582917,119,61,1,14.54,597.0,2,19.7,1,0.84,0.32,0.23,1
745,275,2.709090909090909,2087,96,1,0.13,9.0,0,4.9,1,0.77,0.14,0.72,0
75,3647,0.02056484782012613,29,0,0,32.64,0.0,0,19.9,0,0.96,0.74,0.1,1
4914,350,14.04,68,86,1,3.08,74.0,0,6.0,1,0.34,0.7,0.27,1
66,2914,0.022649279341111873,56,0,0,44.81,1.0,0,25.4,0,0.91,0.66,0.06,1
69,3686,0.0187194791101465,66,8,0,12.84,2.0,0,24.2,1,1.0,0.94,0.17,1
604,29,20.82758620689655,1588,80,1,0.04,1.0,0,6.5,0,0.32,0.07,0.79,0
709,291,2.4364261168384878,19,103,1,4.71,80.0,0,8.3,0,0.44,0.77,0.31,1
454,1501,0.30246502331778813,17,133,0,18.2,3.0,0,23.6,0,0.74,0.62,0.24,1
177,552,0.32065217391304346,2821,79,1,1.12,53.1,2,3.1,0,0.77,0.1,0.6,0
83,138,0.6014492753623188,275,33,1,1.03,7.0,0,4.9,1,0.41,0.09,0.86,0
183,3180,0.057547169811320756,79,150,0,12.8,4.0,0,28.9,1,0.74,0.8,0.13,1
16,4579,0.003494212710198733,96,16,0,49.68,2.0,0,21.8,0,0.86,0.74,0.03,1
878,348,2.5229885057471266,3943,108,1,0.69,1.0,0,3.3,0,0.34,0.25,0.86,0
245,3198,0.07661038148843027,90,117,1,16.52,5.0,0,28.2,1,0.84,0.83,0.29,1
53379,25655,2.0806470473591894,361,90,1,7.14,87.0,0,23.7,1,0.84,0.7,0.31,1
6,142,0.04225352112676056,3100,53,1,0.32,1.7999999999999998,0,2.8,0,0.53,0.16,0.9,0
5864,45,130.3111111111111,1019,68,1,1.24,12.0,0,7.5,1,0.75,0.2,0.83,0
3,1,3.0,2540,0,1,2.02,0.8999999999999999,0,1.0,0,0.47,0.18,0.87,0
239,270,0.8851851851851852,454,81,1,0.4,3.0,0,4.6,0,0.63,0.02,0.78,0
374,253,1.4782608695652173,3575,93,1,0.49,18.0,2,4.7,1,0.52,0.08,0.62,0
102,17,6.0,739,77,1,1.3,9.0,1,8.0,0,0.57,0.06,0.84,0
2,325,0.006153846153846154,549,112,1,0.08,0.6,0,2.4,0,0.66,0.23,0.52,0
72,4119,0.01747997086671522,93,0,0,12.66,2.0,0,18.1,1,1.0,0.7,0.17,1
56,21,2.6666666666666665,3070,36,1,1.69,14.0,1,1.9,0,0.94,0.19,0.51,0
57,89,0.6404494382022472,1476,141,1,1.2,17.099999999999998,1,4.6,1,0.58,0.05,0.78,0
89,20,4.45,3988,71,1,1.71,8.0,0,6.0,0,0.8,0.12,0.95,0
19,10,1.9,1900,90,0,0.82,4.0,0,4.2,0,0.64,0.09,0.67,0
387,59,6.559322033898305,3722,107,1,1.07,8.0,0,1.0,0,0.6,0.18,0.67,0
189,39,4.846153846153846,2195,49,1,0.98,3.0,0,4.5,1,0.39,0.16,0.64,0
928,96,9.666666666666666,3624,65,1,1.19,1.0,0,7.4,1,0.75,0.25,0.8,0
87,5415,0.016066481994459834,36,0,0,39.34,0.0,0,20.2,0,0.88,0.72,0.06,1
87100,5484,15.88256746900073,325,99,1,12.47,357.0,1,12.3,1,0.75,0.47,0.28,1
692,64,10.8125,1866,84,1,0.05,13.0,0,3.8,0,0.72,0.24,0.55,0
77,3782,0.020359598096245372,100,19,0,14.72,0.0,0,17.0,0,0.97,0.86,0.03,1
420,17,24.705882352941178,2902,46,1,2.5,69.0,9,3.7,0,0.59,0.11,0.57,0
46190,38468,1.200738275969637,182,46,1,13.94,168.0,2,19.7,0,0.88,0.31,0.11,1
41,119,0.3445378151260504,689,24,1,0.63,12.299999999999999,1,7.8,1,0.56,0.17,0.64,0
16,71,0.22535211267605634,3839,31,1,0.91,4.8,0,2.2,0,0.6,0.14,0.69,0
22,30,0.7333333333333333,1889,126,1,1.48,3.0,0,6.7,0,0.56,0.17,0.88,0
4457,8,557.125,2495,102,1,1.13,2.0,0,6.8,0,0.52,0.21,0.61,0
337,1685,0.2,55,123,0,12.77,6.0,0,23.5,1,0.77,0.84,0.15,1
496,736,0.6739130434782609,1571,99,1,0.2,4.0,0,1.3,0,0.45,0.13,0.7,0
85,5188,0.01638396299151889,82,10,0,25.43,1.0,0,18.0,1,0.91,0.71,0.07,1
230,1269,0.18124507486209615,33,103,1,7.14,6.0,0,21.1,1,0.78,0.76,0.08,1
3842,463,8.29805615550756,64,94,1,1.49,93.0,1,5.9,0,0.46,0.63,0.23,1
72,34,2.1176470588235294,1699,39,1,2.0,1.0,0,4.6,0,0.81,0.06,0.75,0
306,1736,0.17626728110599077,92,145,0,10.94,3.0,0,20.0,1,0.73,0.55,0.12,1
3832,120,31.933333333333334,3157,96,0,2.35,15.0,1,5.6,0,0.37,0.07,0.5,0
18,106,0.16981132075471697,2746,80,1,0.71,2.0,0,6.6,0,0.95,0.06,0.53,0
9,1175,0.007659574468085106,2221,72,1,0.85,2.0,0,0.5,0,0.92,0.11,0.66,0
95,2452,0.03874388254486134,59,10,0,34.2,1.0,0,29.8,1,0.85,0.93,0.06,1
69,273,0.25274725274725274,3765,113,1,0.22,1.0,0,4.2,0,0.58,0.22,0.7,0
435,2966,0.1466621712744437,164,146,1,13.24,7.0,0,21.6,1,0.82,0.55,0.11,1
64,2045,0.03129584352078239,23,0,1,46.68,2.0,0,21.7,1,0.88,0.79,0.02,1
5361,62,86.46774193548387,996,69,1,0.1,99.0,4,7.1,0,0.53,0.07,0.6,0
35,527,0.06641366223908918,850,120,1,0.62,7.0,1,3.2,0,0.54,0.1,0.81,0
19306,37339,0.5170465197246846,425,72,1,14.61,63.0,3,23.8,0,0.82,0.45,0.34,1
239,898,0.2661469933184855,3813,76,1,1.17,8.0,0,1.1,1,0.64,0.25,0.66,0
32711,55409,0.590355357432908,346,66,1,7.96,135.0,5,21.7,0,0.86,0.58,0.21,1
305,731,0.4172366621067031,522,99,1,0.62,2.0,0,3.8,0,0.56,0.23,0.83,0
3690,111,33.24324324324324,85,69,1,1.8,18.0,0,7.3,1,0.62,0.5,0.49,1
20,4505,0.004439511653718091,30,7,0,45.47,1.0,0,24.3,0,0.93,0.95,0.01,1
2567,26,98.73076923076923,1428,123,1,1.82,72.0,5,1.3,1,0.58,0.18,0.51,0
1656,160,10.35,45,96,1,1.81,37.0,0,7.7,1,0.63,0.73,0.43,1
280,208,1.3461538461538463,587,73,1,1.21,15.0,1,7.7,0,0.74,0.13,0.92,0
45,3960,0.011363636363636364,104,0,0,21.26,2.0,0,26.9,0,0.97,0.61,0.15,1
4479,289,15.498269896193772,33,105,1,4.48,25.0,1,4.4,0,0.61,0.77,0.23,1
4,937,0.004268943436499467,53,12,0,16.93,2.0,0,15.0,1,0.92,0.77,0.13,1
4434,98,45.244897959183675,58,104,1,1.5,57.0,2,4.9,1,0.44,0.44,0.49,1
58,7265,0.007983482450103234,23,0,0,26.52,0.0,0,27.5,1,0.92,0.7,0.19,1
60,346,0.17341040462427745,2781,82,1,0.25,18.0,2,5.5,0,0.58,0.21,0.82,0
109,28,3.892857142857143,3781,66,1,1.05,17.0,1,6.6,0,0.44,0.13,0.75,0
13,971,0.013388259526261586,112,0,1,27.35,1.0,0,17.2,1,0.97,0.91,0.09,1
54,5025,0.010746268656716417,40,5,1,48.27,2.0,0,26.4,0,0.85,0.85,0.04,1
106,2398,0.04420350291909925,118,114,1,18.93,9.0,0,22.5,1,0.83,0.89,0.1,1
20,4123,0.004850836769342712,45,0,0,12.47,2.0,0,28.9,0,0.89,0.86,0.02,1
540,2883,0.18730489073881373,530,60,1,0.9,7.0,0,6.0,0,0.34,0.0,0.8,0
588,149,3.946308724832215,1910,97,1,0.57,24.0,2,5.6,1,0.83,0.24,0.71,0
69,25,2.76,3559,5,1,0.08,20.7,1,5.2,0,0.47,0.14,0.82,0
81952,83791,0.9780525354751703,85,74,1,14.54,638.0,24,17.8,1,0.95,0.32,0.13,1
209,37,5.648648648648648,732,43,1,0.01,12.0,1,2.9,1,0.51,0.04,0.92,0
137,343,0.39941690962099125,1395,129,1,1.38,41.1,1,2.7,0,0.46,0.11,0.93,0
82234,93831,0.8764054523558312,329,66,1,10.43,780.0,22,19.4,1,0.69,0.55,0.36,1
49,92,0.532608695652174,3833,84,1,0.43,1.0,0,5.3,1,0.62,0.2,0.7,0
84,225,0.37333333333333335,677,64,1,0.94,25.2,2,2.9,1,0.84,0.04,0.67,0
572,60,9.533333333333333,3661,131,1,2.55,31.0,2,4.5,0,0.35,0.11,0.86,0
4489,392,11.451530612244898,55,79,1,2.11,62.0,0,3.1,0,0.37,0.76,0.49,1
448,150,2.986666666666667,53,158,1,3.91,82.0,3,4.5,1,0.39,0.49,0.34,1
98,4663,0.02101651297447995,91,0,0,38.16,1.0,0,24.7,0,0.99,0.67,0.05,1
1197,73,16.397260273972602,1703,114,1,0.07,127.0,2,3.4,0,0.83,0.1,0.63,0
33,3394,0.009723040659988214,64,16,0,31.47,0.0,0,28.8,1,1.0,0.95,0.07,1
602,49,12.285714285714286,3035,130,1,2.97,4.0,0,2.6,0,0.37,0.06,0.9,0
187,64,2.921875,1971,103,1,0.53,27.0,1,1.6,1,0.93,0.11,0.51,0
2565,412,6.225728155339806,3180,35,1,1.33,28.0,1,6.6,0,0.71,0.07,0.77,0
27791,64948,0.4278961630843136,242,78,1,8.92,104.0,0,12.2,0,0.72,0.55,0.32,1
26027,76057,0.34220387341073144,296,61,1,14.23,190.0,2,20.2,1,0.6,0.65,0.34,1
62,44,1.4090909090909092,1675,89,1,0.49,10.0,0,3.3,1,0.55,0.13,0.74,0
20,64,0.3125,1784,69,1,1.07,1.0,0,4.9,1,0.91,0.17,0.52,0
1624,170,9.552941176470588,38,106,1,1.94,13.0,0,7.3,1,0.37,0.77,0.29,1
19,4990,0.003807615230460922,38,17,0,15.52,1.0,0,29.1,1,0.86,0.62,0.11,1
2140,16,133.75,2864,78,1,0.62,26.0,1,3.7,0,0.92,0.09,0.94,0
99,5,19.8,1725,105,0,0.16,23.0,2,0.3,0,0.38,0.21,0.55,0
72,7339,0.009810600899305083,84,0,1,27.83,2.0,0,17.5,0,0.96,0.82,0.15,1
2548,92,27.695652173913043,1866,115,1,0.54,11.0,0,7.1,0,0.44,0.07,0.86,0
234,37,6.324324324324325,2046,58,1,0.63,29.0,2,3.1,0,0.67,0.18,0.57,0
13180,17,775.2941176470588,3900,96,1,3.61,8.0,0,3.7,0,0.48,0.07,0.55,0
201,31,6.483870967741935,232,94,1,2.25,9.0,0,2.5,0,0.8,0.13,0.9,0
1757,18,97.61111111111111,3125,51,1,0.62,22.0,1,3.4,1,0.38,0.19,0.5,0
78537,35760,2.196224832214765,365,97,1,4.64,595.0,24,16.1,1,0.68,0.43,0.15,1
129,10,12.9,3177,17,1,0.64,9.0,0,4.9,0,0.37,0.05,0.71,0
88,2398,0.03669724770642202,99,17,0,40.89,1.0,0,20.4,0,0.98,0.63,0.17,1
130,10,13.0,3534,103,1,0.54,13.0,0,6.4,1,0.88,0.23,0.92,0
11,590,0.01864406779661017,1412,46,1,0.34,3.3,0,7.2,0,0.65,0.24,0.9,0
37124,98654,0.3763050661909299,437,92,1,3.76,96.0,2,12.5,0,0.84,0.3,0.34,1
160,46,3.4782608695652173,3178,75,1,1.96,4.0,0,2.5,0,0.51,0.13,0.51,0
5,40,0.125,3472,127,1,1.02,1.5,0,0.3,0,0.38,0.18,0.54,0
360,66,5.454545454545454,1351,102,1,0.51,3.0,0,1.6,0,0.79,0.09,0.86,0
3096,551,5.618874773139746,783,94,1,0.42,10.0,0,1.0,1,0.49,0.24,0.93,0
95,137,0.6934306569343066,3798,57,1,0.71,0.0,0,4.4,0,0.33,0.0,0.71,0
73,2676,0.02727952167414051,66,0,0,23.94,2.0,0,28.9,1,0.94,0.88,0.17,1
302,10,30.2,2814,111,0,0.67,7.0,0,6.7,1,0.38,0.21,0.83,0
26,6434,0.004041032017407522,78,14,0,12.49,1.0,0,25.1,1,0.98,0.92,0.08,1
2432,133,18.285714285714285,35,61,1,1.67,36.0,1,6.4,1,0.35,0.67,0.45,1
99,2329,0.0425075139544869,56,0,0,23.42,2.0,0,29.4,1,0.89,0.75,0.07,1
41,187,0.2192513368983957,2001,51,1,0.88,12.299999999999999,0,4.5,0,0.62,0.0,0.5,0
94,1005,0.09353233830845771,119,118,1,26.5,5.0,0,21.7,1,0.95,0.6,0.11,1
26,1199,0.021684737281067557,3603,128,1,1.47,4.0,0,5.4,0,0.72,0.06,0.7,0
91,1381,0.06589427950760318,81,0,0,39.88,0.0,0,20.8,1,0.9,0.99,0.15,1
45951,5225,8.79444976076555,76,64,1,11.15,384.0,4,19.0,1,0.94,0.5,0.28,1
26,5741,0.004528827730360565,56,9,1,27.37,2.0,0,21.8,0,0.98,0.6,0.04,1
2,79,0.02531645569620253,874,18,1,0.5,0.6,0,7.4,0,0.76,0.03,0.85,0
67,547,0.12248628884826325,2428,105,1,1.49,2.0,0,0.1,1,0.42,0.13,0.59,0
203,35,5.8,2243,83,1,0.23,36.0,1,3.2,0,0.33,0.25,0.59,0
83,64,1.296875,2252,19,1,0.3,19.0,2,6.1,1,0.63,0.14,0.81,0
2975,32,92.96875,1364,84,1,0.64,12.0,1,6.4,1,0.41,0.19,0.69,0
485,56,8.660714285714286,229,29,1,1.36,145.5,9,2.1,0,0.68,0.07,0.78,0
89930,20899,4.303076702234557,154,51,1,9.36,369.0,8,14.5,0,0.66,0.36,0.24,1
7385,137,53.90510948905109,2055,44,1,2.92,103.0,13,0.6,0,0.71,0.05,0.76,0
44,34,1.2941176470588236,1294,67,1,0.76,2.0,0,7.5,1,0.44,0.14,0.78,0
30,112,0.26785714285714285,770,94,1,0.3,0.0,0,2.4,0,0.91,0.08,0.76,0
61,1612,0.03784119106699752,75,12,0,33.15,0.0,0,29.1,1,0.92,0.9,0.11,1
86,4555,0.018880351262349066,167,128,1,27.03,0.0,0,21.4,1,0.79,0.65,0.3,1
113,281,0.40213523131672596,71,78,1,4.01,5.0,0,6.6,0,0.64,0.57,0.42,1
37,83,0.4457831325301205,892,112,1,0.06,11.1,0,4.7,1,0.8,0.19,0.91,0
11,510,0.021568627450980392,1483,67,1,0.14,3.3,0,0.5,1,0.73,0.21,0.61,0
116,273,0.4249084249084249,635,14,1,0.78,15.0,1,0.9,1,0.95,0.06,0.52,0
1932,77,25.09090909090909,2967,80,1,0.15,0.0,0,1.5,1,0.42,0.12,0.86,0
115,40,2.875,3441,83,1,0.11,34.5,4,6.3,0,0.6,0.24,0.9,0
97473,10007,9.740481662836014,144,74,1,13.76,797.0,22,17.0,0,0.86,0.38,0.1,1
75,3753,0.019984012789768184,47,128,1,16.7,3.0,0,22.4,0,0.83,0.52,0.11,1
4448,155,28.696774193548386,57,96,1,2.87,86.0,3,7.9,1,0.4,0.53,0.29,1
2746,133,20.646616541353385,23,119,1,4.67,55.0,2,9.5,1,0.4,0.43,0.44,1
8,104,0.07692307692307693,2262,90,1,0.17,2.4,0,2.7,1,0.43,0.03,0.88,0
458,117,3.9145299145299144,3183,51,1,0.27,2.0,0,4.0,0,0.79,0.01,0.65,0
52,1747,0.029765311963365768,86,15,0,44.26,0.0,0,27.4,0,0.99,0.94,0.13,1
14498,105,138.07619047619048,450,57,1,0.04,1.0,0,2.2,0,0.52,0.12,0.59,0
95,619,0.15347334410339256,34,0,0,34.23,0.0,0,26.9,1,0.96,0.92,0.09,1
111,10,11.1,3662,78,1,0.93,4.0,0,3.3,0,0.34,0.03,0.8,0
237,1746,0.13573883161512026,182,140,1,22.82,5.0,0,25.2,1,0.99,0.75,0.27,1
144,24,6.0,2171,61,1,0.3,41.0,6,7.2,0,0.87,0.01,0.64,0
0,6729,0.0,16,0,0,16.57,1.0,0,28.8,1,0.93,0.99,0.04,1
176,192,0.9166666666666666,3952,58,1,0.16,0.0,0,7.6,0,0.33,0.04,0.69,0
269,3049,0.08822564775336175,60,146,0,28.85,5.0,0,25.5,1,0.96,0.87,0.21,1
32651,24163,1.3512808839961925,388,55,1,9.83,91.0,3,19.2,1,0.67,0.37,0.22,1
25,1622,0.015413070283600493,2579,81,0,0.21,2.0,0,3.5,0,0.43,0.12,0.94,0
5,50,0.1,3594,74,1,1.75,1.5,0,5.2,1,0.92,0.15,0.78,0
269,2559,0.10511918718249316,30,107,1,24.81,2.0,0,29.5,0,0.93,0.77,0.23,1
232,91,2.5494505494505493,461,94,1,0.79,13.0,1,3.6,0,0.68,0.23,0.52,0
428,4225,0.101301775147929,46,154,1,13.25,0.0,0,27.2,0,0.85,0.57,0.07,1
444,109,4.073394495412844,1477,80,1,2.79,2.0,0,6.0,0,0.54,0.02,0.78,0
712,89,8.0,273,111,1,0.11,22.0,0,5.2,0,0.45,0.21,0.83,0
34,3,11.333333333333334,2898,104,1,0.56,10.2,1,1.8,0,0.33,0.2,0.78,0
569,311,1.8295819935691318,3625,72,1,0.37,1.0,0,0.4,0,0.65,0.21,0.62,0
9,619,0.014539579967689823,2828,114,1,0.25,1.0,0,3.4,0,0.81,0.2,0.95,0
18,139,0.12949640287769784,462,108,1,0.31,5.3999999999999995,0,3.4,0,0.82,0.01,0.89,0
4,38,0.10526315789473684,3262,28,1,0.36,0.0,0,6.1,0,0.31,0.04,0.6,0
7,227,0.030837004405286344,2708,96,1,0.17,2.1,0,5.6,0,0.58,0.01,0.62,0
387,10,38.7,3854,110,1,1.34,77.0,2,7.4,1,0.35,0.08,0.58,0
40,22,1.8181818181818181,551,61,0,0.85,0.0,0,2.6,1,0.47,0.06,0.76,0
8,64,0.125,194,81,1,0.48,1.0,0,2.8,0,0.39,0.01,0.85,0
6,9,0.6666666666666666,1272,47,1,1.96,1.7999999999999998,0,6.6,1,0.39,0.08,0.65,0
77,29,2.6551724137931036,3351,54,1,0.08,3.0,0,2.4,0,0.63,0.16,0.56,0
57,84,0.6785714285714286,1697,97,1,1.37,13.0,1,0.3,1,0.67,0.24,0.89,0
9783,53247,0.18372866076962083,429,96,1,10.87,38.0,0,19.1,0,0.61,0.48,0.32,1
3283,382,8.594240837696335,31,84,1,2.63,59.0,1,7.3,1,0.5,0.68,0.41,1
378,3285,0.11506849315068493,23,155,1,27.13,7.0,0,21.0,1,0.77,0.64,0.28,1
50,111,0.45045045045045046,3010,89,1,1.04,4.0,0,5.9,0,0.47,0.23,0.58,0
126,18,7.0,2576,66,1,0.21,28.0,3,3.4,1,0.76,0.05,0.58,0
710,36,19.72222222222222,2159,133,1,2.82,6.0,0,3.7,0,0.83,0.15,0.79,0
89354,32184,2.776348496147154,147,65,1,5.6,789.0,34,13.7,1,0.71,0.66,0.16,1
50454,62239,0.8106492713571876,307,83,1,6.82,220.0,10,15.9,1,0.87,0.47,0.15,1
3,269,0.011152416356877323,2869,46,1,0.76,0.8999999999999999,0,1.1,0,0.65,0.13,0.93,0
1755,55,31.90909090909091,3428,98,1,1.7,2.0,0,5.4,0,0.49,0.03,0.79,0
885,112,7.901785714285714,3625,75,1,0.41,5.0,0,3.8,0,0.79,0.07,0.6,0
135,797,0.16938519447929737,332,60,1,0.07,26.0,3,2.3,1,0.38,0.24,0.82,0
338,171,1.976608187134503,800,62,1,1.05,11.0,0,0.9,0,0.65,0.17,0.84,0
1,18,0.05555555555555555,1555,101,1,0.4,0.3,0,7.1,0,0.93,0.18,0.56,0
202,20,10.1,3915,44,1,0.13,60.599999999999994,4,5.7,1,0.85,0.24,0.9,0
21,26,0.8076923076923077,1129,114,1,0.18,6.0,0,5.1,0,0.58,0.05,0.72,0
21,40,0.525,1094,34,1,0.12,5.0,0,4.6,0,0.53,0.19,0.9,0
31,581,0.05335628227194492,3102,35,1,0.23,3.0,0,3.9,0,0.44,0.04,0.9,0
11,2213,0.004970628106642567,40,0,1,33.19,1.0,0,16.6,0,0.92,0.63,0.19,1
28,3938,0.007110208227526663,21,0,0,29.89,0.0,0,15.5,1,0.92,0.9,0.07,1
11,2004,0.0054890219560878245,3,12,0,13.72,2.0,0,16.0,1,0.98,0.93,0.02,1
394,4520,0.08716814159292036,167,107,0,16.24,3.0,0,28.8,0,0.86,0.7,0.25,1
502,72,6.972222222222222,3508,160,1,0.19,25.0,0,6.0,1,0.86,0.16,0.6,0
23,300,0.07666666666666666,462,88,1,1.21,6.8999999999999995,0,1.2,0,0.59,0.21,0.7,0
351,47,7.468085106382978,3246,118,1,1.88,1.0,0,6.5,1,0.55,0.05,0.82,0
45,1282,0.035101404056162244,952,111,1,0.18,3.0,0,4.0,0,0.76,0.18,0.54,0
76,271,0.28044280442804426,2344,58,1,0.42,9.0,1,2.6,0,0.81,0.19,0.86,0
95,59,1.6101694915254237,3568,39,1,1.58,28.5,3,7.4,1,0.79,0.12,0.88,0
83,197,0.4213197969543147,473,59,1,0.78,16.0,1,0.3,0,0.58,0.14,0.83,0
67345,99579,0.6762972112594021,135,57,1,12.72,198.0,4,12.3,0,0.75,0.45,0.39,1
50,3212,0.015566625155666251,64,15,0,13.27,1.0,0,18.6,1,0.92,0.76,0.13,1
58656,70707,0.8295642581356867,296,46,1,12.05,472.0,0,22.8,0,0.93,0.6,0.12,1
418,40,10.45,3875,78,1,0.66,0.0,0,1.2,0,0.52,0.13,0.76,0
97605,40732,2.3962732004320926,161,90,1,5.4,710.0,5,10.5,0,0.61,0.48,0.3,1
38,2422,0.01568951279933939,53,8,1,11.49,1.0,0,25.6,1,0.93,0.81,0.09,1
5977,536,11.151119402985074,377,106,1,0.76,1.0,0,2.2,1,0.39,0.21,0.78,0
